{
  "sample_id": "observation_000002_712815",
  "sample_type": "observation",
  "scenario": "sparse",
  "params": {
    "width": 224,
    "height": 224,
    "left_objects": 3,
    "right_objects": 3,
    "velocity": 3.821638586757151,
    "object_radius": 11
  },
  "generation_info": {
    "timestamp": "2025-11-07T17:35:58.001361",
    "seed": 551856,
    "generator_version": "1.0"
  },
  "video_stats": {
    "num_frames": 60,
    "frame_size": [
      224,
      224,
      3
    ],
    "duration_seconds": 6.0
  },
  "quality_analysis": {
    "quality": "good",
    "movement_score": 6.0,
    "avg_objects": 6.0,
    "issues": []
  },
  "physics_simulation": {
    "num_frames": 60,
    "fps": 10,
    "resolution": [
      224,
      224
    ],
    "left_objects": 3,
    "right_objects": 3,
    "object_radius": 11,
    "velocity": 3.821638586757151,
    "frames": [
      {
        "frame_idx": 0,
        "left_objects": 3,
        "right_objects": 3,
        "total_objects": 6,
        "objects": [
          {
            "x": 37,
            "y": 15.821638586757151,
            "side": "left",
            "color": [
              166,
              131,
              251
            ]
          },
          {
            "x": 95,
            "y": 23.82163858675715,
            "side": "left",
            "color": [
              178,
              106,
              129
            ]
          },
          {
            "x": 60,
            "y": 75.82163858675715,
            "side": "left",
            "color": [
              181,
              170,
              167
            ]
          },
          {
            "x": 193,
            "y": 150.17836141324284,
            "side": "right",
            "color": [
              154,
              219,
              236
            ]
          },
          {
            "x": 138,
            "y": 182.17836141324284,
            "side": "right",
            "color": [
              201,
              166,
              134
            ]
          },
          {
            "x": 167,
            "y": 159.17836141324284,
            "side": "right",
            "color": [
              177,
              137,
              176
            ]
          }
        ]
      },
      {
        "frame_idx": 1,
        "left_objects": 3,
        "right_objects": 3,
        "total_objects": 6,
        "objects": [
          {
            "x": 37,
            "y": 19.643277173514303,
            "side": "left",
            "color": [
              166,
              131,
              251
            ]
          },
          {
            "x": 95,
            "y": 27.6432771735143,
            "side": "left",
            "color": [
              178,
              106,
              129
            ]
          },
          {
            "x": 60,
            "y": 79.64327717351429,
            "side": "left",
            "color": [
              181,
              170,
              167
            ]
          },
          {
            "x": 193,
            "y": 146.35672282648568,
            "side": "right",
            "color": [
              154,
              219,
              236
            ]
          },
          {
            "x": 138,
            "y": 178.35672282648568,
            "side": "right",
            "color": [
              201,
              166,
              134
            ]
          },
          {
            "x": 167,
            "y": 155.35672282648568,
            "side": "right",
            "color": [
              177,
              137,
              176
            ]
          }
        ]
      },
      {
        "frame_idx": 2,
        "left_objects": 3,
        "right_objects": 3,
        "total_objects": 6,
        "objects": [
          {
            "x": 37,
            "y": 23.464915760271452,
            "side": "left",
            "color": [
              166,
              131,
              251
            ]
          },
          {
            "x": 95,
            "y": 31.46491576027145,
            "side": "left",
            "color": [
              178,
              106,
              129
            ]
          },
          {
            "x": 60,
            "y": 83.46491576027144,
            "side": "left",
            "color": [
              181,
              170,
              167
            ]
          },
          {
            "x": 193,
            "y": 142.53508423972852,
            "side": "right",
            "color": [
              154,
              219,
              236
            ]
          },
          {
            "x": 138,
            "y": 174.53508423972852,
            "side": "right",
            "color": [
              201,
              166,
              134
            ]
          },
          {
            "x": 167,
            "y": 151.53508423972852,
            "side": "right",
            "color": [
              177,
              137,
              176
            ]
          }
        ]
      },
      {
        "frame_idx": 3,
        "left_objects": 3,
        "right_objects": 3,
        "total_objects": 6,
        "objects": [
          {
            "x": 37,
            "y": 27.286554347028602,
            "side": "left",
            "color": [
              166,
              131,
              251
            ]
          },
          {
            "x": 95,
            "y": 35.2865543470286,
            "side": "left",
            "color": [
              178,
              106,
              129
            ]
          },
          {
            "x": 60,
            "y": 87.28655434702858,
            "side": "left",
            "color": [
              181,
              170,
              167
            ]
          },
          {
            "x": 193,
            "y": 138.71344565297136,
            "side": "right",
            "color": [
              154,
              219,
              236
            ]
          },
          {
            "x": 138,
            "y": 170.71344565297136,
            "side": "right",
            "color": [
              201,
              166,
              134
            ]
          },
          {
            "x": 167,
            "y": 147.71344565297136,
            "side": "right",
            "color": [
              177,
              137,
              176
            ]
          }
        ]
      },
      {
        "frame_idx": 4,
        "left_objects": 3,
        "right_objects": 3,
        "total_objects": 6,
        "objects": [
          {
            "x": 37,
            "y": 31.10819293378575,
            "side": "left",
            "color": [
              166,
              131,
              251
            ]
          },
          {
            "x": 95,
            "y": 39.10819293378575,
            "side": "left",
            "color": [
              178,
              106,
              129
            ]
          },
          {
            "x": 60,
            "y": 91.10819293378573,
            "side": "left",
            "color": [
              181,
              170,
              167
            ]
          },
          {
            "x": 193,
            "y": 134.8918070662142,
            "side": "right",
            "color": [
              154,
              219,
              236
            ]
          },
          {
            "x": 138,
            "y": 166.8918070662142,
            "side": "right",
            "color": [
              201,
              166,
              134
            ]
          },
          {
            "x": 167,
            "y": 143.8918070662142,
            "side": "right",
            "color": [
              177,
              137,
              176
            ]
          }
        ]
      },
      {
        "frame_idx": 5,
        "left_objects": 3,
        "right_objects": 3,
        "total_objects": 6,
        "objects": [
          {
            "x": 37,
            "y": 34.929831520542905,
            "side": "left",
            "color": [
              166,
              131,
              251
            ]
          },
          {
            "x": 95,
            "y": 42.929831520542905,
            "side": "left",
            "color": [
              178,
              106,
              129
            ]
          },
          {
            "x": 60,
            "y": 94.92983152054288,
            "side": "left",
            "color": [
              181,
              170,
              167
            ]
          },
          {
            "x": 193,
            "y": 131.07016847945704,
            "side": "right",
            "color": [
              154,
              219,
              236
            ]
          },
          {
            "x": 138,
            "y": 163.07016847945704,
            "side": "right",
            "color": [
              201,
              166,
              134
            ]
          },
          {
            "x": 167,
            "y": 140.07016847945704,
            "side": "right",
            "color": [
              177,
              137,
              176
            ]
          }
        ]
      },
      {
        "frame_idx": 6,
        "left_objects": 3,
        "right_objects": 3,
        "total_objects": 6,
        "objects": [
          {
            "x": 37,
            "y": 38.75147010730006,
            "side": "left",
            "color": [
              166,
              131,
              251
            ]
          },
          {
            "x": 95,
            "y": 46.75147010730006,
            "side": "left",
            "color": [
              178,
              106,
              129
            ]
          },
          {
            "x": 60,
            "y": 98.75147010730002,
            "side": "left",
            "color": [
              181,
              170,
              167
            ]
          },
          {
            "x": 193,
            "y": 127.24852989269989,
            "side": "right",
            "color": [
              154,
              219,
              236
            ]
          },
          {
            "x": 138,
            "y": 159.24852989269988,
            "side": "right",
            "color": [
              201,
              166,
              134
            ]
          },
          {
            "x": 167,
            "y": 136.24852989269988,
            "side": "right",
            "color": [
              177,
              137,
              176
            ]
          }
        ]
      },
      {
        "frame_idx": 7,
        "left_objects": 3,
        "right_objects": 3,
        "total_objects": 6,
        "objects": [
          {
            "x": 37,
            "y": 42.57310869405721,
            "side": "left",
            "color": [
              166,
              131,
              251
            ]
          },
          {
            "x": 95,
            "y": 50.57310869405721,
            "side": "left",
            "color": [
              178,
              106,
              129
            ]
          },
          {
            "x": 60,
            "y": 102.57310869405717,
            "side": "left",
            "color": [
              181,
              170,
              167
            ]
          },
          {
            "x": 193,
            "y": 123.42689130594275,
            "side": "right",
            "color": [
              154,
              219,
              236
            ]
          },
          {
            "x": 138,
            "y": 155.42689130594272,
            "side": "right",
            "color": [
              201,
              166,
              134
            ]
          },
          {
            "x": 167,
            "y": 132.42689130594272,
            "side": "right",
            "color": [
              177,
              137,
              176
            ]
          }
        ]
      },
      {
        "frame_idx": 8,
        "left_objects": 3,
        "right_objects": 3,
        "total_objects": 6,
        "objects": [
          {
            "x": 37,
            "y": 46.394747280814364,
            "side": "left",
            "color": [
              166,
              131,
              251
            ]
          },
          {
            "x": 95,
            "y": 54.394747280814364,
            "side": "left",
            "color": [
              178,
              106,
              129
            ]
          },
          {
            "x": 60,
            "y": 106.39474728081431,
            "side": "left",
            "color": [
              181,
              170,
              167
            ]
          },
          {
            "x": 193,
            "y": 119.6052527191856,
            "side": "right",
            "color": [
              154,
              219,
              236
            ]
          },
          {
            "x": 138,
            "y": 151.60525271918556,
            "side": "right",
            "color": [
              201,
              166,
              134
            ]
          },
          {
            "x": 167,
            "y": 128.60525271918556,
            "side": "right",
            "color": [
              177,
              137,
              176
            ]
          }
        ]
      },
      {
        "frame_idx": 9,
        "left_objects": 3,
        "right_objects": 3,
        "total_objects": 6,
        "objects": [
          {
            "x": 37,
            "y": 50.21638586757152,
            "side": "left",
            "color": [
              166,
              131,
              251
            ]
          },
          {
            "x": 95,
            "y": 58.21638586757152,
            "side": "left",
            "color": [
              178,
              106,
              129
            ]
          },
          {
            "x": 60,
            "y": 110.21638586757146,
            "side": "left",
            "color": [
              181,
              170,
              167
            ]
          },
          {
            "x": 193,
            "y": 115.78361413242845,
            "side": "right",
            "color": [
              154,
              219,
              236
            ]
          },
          {
            "x": 138,
            "y": 147.7836141324284,
            "side": "right",
            "color": [
              201,
              166,
              134
            ]
          },
          {
            "x": 167,
            "y": 124.78361413242841,
            "side": "right",
            "color": [
              177,
              137,
              176
            ]
          }
        ]
      },
      {
        "frame_idx": 10,
        "left_objects": 3,
        "right_objects": 3,
        "total_objects": 6,
        "objects": [
          {
            "x": 37,
            "y": 54.03802445432867,
            "side": "left",
            "color": [
              166,
              131,
              251
            ]
          },
          {
            "x": 95,
            "y": 62.03802445432867,
            "side": "left",
            "color": [
              178,
              106,
              129
            ]
          },
          {
            "x": 60,
            "y": 114.0380244543286,
            "side": "left",
            "color": [
              181,
              170,
              167
            ]
          },
          {
            "x": 193,
            "y": 111.96197554567131,
            "side": "right",
            "color": [
              154,
              219,
              236
            ]
          },
          {
            "x": 138,
            "y": 143.96197554567124,
            "side": "right",
            "color": [
              201,
              166,
              134
            ]
          },
          {
            "x": 167,
            "y": 120.96197554567127,
            "side": "right",
            "color": [
              177,
              137,
              176
            ]
          }
        ]
      },
      {
        "frame_idx": 11,
        "left_objects": 3,
        "right_objects": 3,
        "total_objects": 6,
        "objects": [
          {
            "x": 37,
            "y": 57.859663041085824,
            "side": "left",
            "color": [
              166,
              131,
              251
            ]
          },
          {
            "x": 95,
            "y": 65.85966304108582,
            "side": "left",
            "color": [
              178,
              106,
              129
            ]
          },
          {
            "x": 60,
            "y": 117.85966304108575,
            "side": "left",
            "color": [
              181,
              170,
              167
            ]
          },
          {
            "x": 193,
            "y": 108.14033695891416,
            "side": "right",
            "color": [
              154,
              219,
              236
            ]
          },
          {
            "x": 138,
            "y": 140.14033695891408,
            "side": "right",
            "color": [
              201,
              166,
              134
            ]
          },
          {
            "x": 167,
            "y": 117.14033695891412,
            "side": "right",
            "color": [
              177,
              137,
              176
            ]
          }
        ]
      },
      {
        "frame_idx": 12,
        "left_objects": 3,
        "right_objects": 3,
        "total_objects": 6,
        "objects": [
          {
            "x": 37,
            "y": 61.68130162784298,
            "side": "left",
            "color": [
              166,
              131,
              251
            ]
          },
          {
            "x": 95,
            "y": 69.68130162784297,
            "side": "left",
            "color": [
              178,
              106,
              129
            ]
          },
          {
            "x": 60,
            "y": 121.6813016278429,
            "side": "left",
            "color": [
              181,
              170,
              167
            ]
          },
          {
            "x": 193,
            "y": 104.31869837215702,
            "side": "right",
            "color": [
              154,
              219,
              236
            ]
          },
          {
            "x": 138,
            "y": 136.31869837215692,
            "side": "right",
            "color": [
              201,
              166,
              134
            ]
          },
          {
            "x": 167,
            "y": 113.31869837215697,
            "side": "right",
            "color": [
              177,
              137,
              176
            ]
          }
        ]
      },
      {
        "frame_idx": 13,
        "left_objects": 3,
        "right_objects": 3,
        "total_objects": 6,
        "objects": [
          {
            "x": 37,
            "y": 65.50294021460013,
            "side": "left",
            "color": [
              166,
              131,
              251
            ]
          },
          {
            "x": 95,
            "y": 73.50294021460012,
            "side": "left",
            "color": [
              178,
              106,
              129
            ]
          },
          {
            "x": 60,
            "y": 125.50294021460005,
            "side": "left",
            "color": [
              181,
              170,
              167
            ]
          },
          {
            "x": 193,
            "y": 100.49705978539987,
            "side": "right",
            "color": [
              154,
              219,
              236
            ]
          },
          {
            "x": 138,
            "y": 132.49705978539976,
            "side": "right",
            "color": [
              201,
              166,
              134
            ]
          },
          {
            "x": 167,
            "y": 109.49705978539983,
            "side": "right",
            "color": [
              177,
              137,
              176
            ]
          }
        ]
      },
      {
        "frame_idx": 14,
        "left_objects": 3,
        "right_objects": 3,
        "total_objects": 6,
        "objects": [
          {
            "x": 37,
            "y": 69.32457880135728,
            "side": "left",
            "color": [
              166,
              131,
              251
            ]
          },
          {
            "x": 95,
            "y": 77.32457880135726,
            "side": "left",
            "color": [
              178,
              106,
              129
            ]
          },
          {
            "x": 60,
            "y": 129.3245788013572,
            "side": "left",
            "color": [
              181,
              170,
              167
            ]
          },
          {
            "x": 193,
            "y": 96.67542119864272,
            "side": "right",
            "color": [
              154,
              219,
              236
            ]
          },
          {
            "x": 138,
            "y": 128.6754211986426,
            "side": "right",
            "color": [
              201,
              166,
              134
            ]
          },
          {
            "x": 167,
            "y": 105.67542119864268,
            "side": "right",
            "color": [
              177,
              137,
              176
            ]
          }
        ]
      },
      {
        "frame_idx": 15,
        "left_objects": 3,
        "right_objects": 3,
        "total_objects": 6,
        "objects": [
          {
            "x": 37,
            "y": 73.14621738811442,
            "side": "left",
            "color": [
              166,
              131,
              251
            ]
          },
          {
            "x": 95,
            "y": 81.14621738811441,
            "side": "left",
            "color": [
              178,
              106,
              129
            ]
          },
          {
            "x": 60,
            "y": 133.14621738811437,
            "side": "left",
            "color": [
              181,
              170,
              167
            ]
          },
          {
            "x": 193,
            "y": 92.85378261188558,
            "side": "right",
            "color": [
              154,
              219,
              236
            ]
          },
          {
            "x": 138,
            "y": 124.85378261188545,
            "side": "right",
            "color": [
              201,
              166,
              134
            ]
          },
          {
            "x": 167,
            "y": 101.85378261188553,
            "side": "right",
            "color": [
              177,
              137,
              176
            ]
          }
        ]
      },
      {
        "frame_idx": 16,
        "left_objects": 3,
        "right_objects": 3,
        "total_objects": 6,
        "objects": [
          {
            "x": 37,
            "y": 76.96785597487157,
            "side": "left",
            "color": [
              166,
              131,
              251
            ]
          },
          {
            "x": 95,
            "y": 84.96785597487155,
            "side": "left",
            "color": [
              178,
              106,
              129
            ]
          },
          {
            "x": 60,
            "y": 136.96785597487153,
            "side": "left",
            "color": [
              181,
              170,
              167
            ]
          },
          {
            "x": 193,
            "y": 89.03214402512843,
            "side": "right",
            "color": [
              154,
              219,
              236
            ]
          },
          {
            "x": 138,
            "y": 121.0321440251283,
            "side": "right",
            "color": [
              201,
              166,
              134
            ]
          },
          {
            "x": 167,
            "y": 98.03214402512839,
            "side": "right",
            "color": [
              177,
              137,
              176
            ]
          }
        ]
      },
      {
        "frame_idx": 17,
        "left_objects": 3,
        "right_objects": 3,
        "total_objects": 6,
        "objects": [
          {
            "x": 37,
            "y": 80.78949456162871,
            "side": "left",
            "color": [
              166,
              131,
              251
            ]
          },
          {
            "x": 95,
            "y": 88.7894945616287,
            "side": "left",
            "color": [
              178,
              106,
              129
            ]
          },
          {
            "x": 60,
            "y": 140.7894945616287,
            "side": "left",
            "color": [
              181,
              170,
              167
            ]
          },
          {
            "x": 193,
            "y": 85.21050543837129,
            "side": "right",
            "color": [
              154,
              219,
              236
            ]
          },
          {
            "x": 138,
            "y": 117.21050543837116,
            "side": "right",
            "color": [
              201,
              166,
              134
            ]
          },
          {
            "x": 167,
            "y": 94.21050543837124,
            "side": "right",
            "color": [
              177,
              137,
              176
            ]
          }
        ]
      },
      {
        "frame_idx": 18,
        "left_objects": 3,
        "right_objects": 3,
        "total_objects": 6,
        "objects": [
          {
            "x": 37,
            "y": 84.61113314838586,
            "side": "left",
            "color": [
              166,
              131,
              251
            ]
          },
          {
            "x": 95,
            "y": 92.61113314838585,
            "side": "left",
            "color": [
              178,
              106,
              129
            ]
          },
          {
            "x": 60,
            "y": 144.61113314838585,
            "side": "left",
            "color": [
              181,
              170,
              167
            ]
          },
          {
            "x": 193,
            "y": 81.38886685161414,
            "side": "right",
            "color": [
              154,
              219,
              236
            ]
          },
          {
            "x": 138,
            "y": 113.38886685161401,
            "side": "right",
            "color": [
              201,
              166,
              134
            ]
          },
          {
            "x": 167,
            "y": 90.3888668516141,
            "side": "right",
            "color": [
              177,
              137,
              176
            ]
          }
        ]
      },
      {
        "frame_idx": 19,
        "left_objects": 3,
        "right_objects": 3,
        "total_objects": 6,
        "objects": [
          {
            "x": 37,
            "y": 88.432771735143,
            "side": "left",
            "color": [
              166,
              131,
              251
            ]
          },
          {
            "x": 95,
            "y": 96.43277173514299,
            "side": "left",
            "color": [
              178,
              106,
              129
            ]
          },
          {
            "x": 60,
            "y": 148.432771735143,
            "side": "left",
            "color": [
              181,
              170,
              167
            ]
          },
          {
            "x": 193,
            "y": 77.567228264857,
            "side": "right",
            "color": [
              154,
              219,
              236
            ]
          },
          {
            "x": 138,
            "y": 109.56722826485687,
            "side": "right",
            "color": [
              201,
              166,
              134
            ]
          },
          {
            "x": 167,
            "y": 86.56722826485695,
            "side": "right",
            "color": [
              177,
              137,
              176
            ]
          }
        ]
      },
      {
        "frame_idx": 20,
        "left_objects": 3,
        "right_objects": 3,
        "total_objects": 6,
        "objects": [
          {
            "x": 37,
            "y": 92.25441032190015,
            "side": "left",
            "color": [
              166,
              131,
              251
            ]
          },
          {
            "x": 95,
            "y": 100.25441032190014,
            "side": "left",
            "color": [
              178,
              106,
              129
            ]
          },
          {
            "x": 60,
            "y": 152.25441032190017,
            "side": "left",
            "color": [
              181,
              170,
              167
            ]
          },
          {
            "x": 193,
            "y": 73.74558967809985,
            "side": "right",
            "color": [
              154,
              219,
              236
            ]
          },
          {
            "x": 138,
            "y": 105.74558967809972,
            "side": "right",
            "color": [
              201,
              166,
              134
            ]
          },
          {
            "x": 167,
            "y": 82.7455896780998,
            "side": "right",
            "color": [
              177,
              137,
              176
            ]
          }
        ]
      },
      {
        "frame_idx": 21,
        "left_objects": 3,
        "right_objects": 3,
        "total_objects": 6,
        "objects": [
          {
            "x": 37,
            "y": 96.0760489086573,
            "side": "left",
            "color": [
              166,
              131,
              251
            ]
          },
          {
            "x": 95,
            "y": 104.07604890865728,
            "side": "left",
            "color": [
              178,
              106,
              129
            ]
          },
          {
            "x": 60,
            "y": 156.07604890865733,
            "side": "left",
            "color": [
              181,
              170,
              167
            ]
          },
          {
            "x": 193,
            "y": 69.9239510913427,
            "side": "right",
            "color": [
              154,
              219,
              236
            ]
          },
          {
            "x": 138,
            "y": 101.92395109134257,
            "side": "right",
            "color": [
              201,
              166,
              134
            ]
          },
          {
            "x": 167,
            "y": 78.92395109134266,
            "side": "right",
            "color": [
              177,
              137,
              176
            ]
          }
        ]
      },
      {
        "frame_idx": 22,
        "left_objects": 3,
        "right_objects": 3,
        "total_objects": 6,
        "objects": [
          {
            "x": 37,
            "y": 99.89768749541444,
            "side": "left",
            "color": [
              166,
              131,
              251
            ]
          },
          {
            "x": 95,
            "y": 107.89768749541443,
            "side": "left",
            "color": [
              178,
              106,
              129
            ]
          },
          {
            "x": 60,
            "y": 159.8976874954145,
            "side": "left",
            "color": [
              181,
              170,
              167
            ]
          },
          {
            "x": 193,
            "y": 66.10231250458556,
            "side": "right",
            "color": [
              154,
              219,
              236
            ]
          },
          {
            "x": 138,
            "y": 98.10231250458543,
            "side": "right",
            "color": [
              201,
              166,
              134
            ]
          },
          {
            "x": 167,
            "y": 75.10231250458551,
            "side": "right",
            "color": [
              177,
              137,
              176
            ]
          }
        ]
      },
      {
        "frame_idx": 23,
        "left_objects": 3,
        "right_objects": 3,
        "total_objects": 6,
        "objects": [
          {
            "x": 37,
            "y": 103.71932608217159,
            "side": "left",
            "color": [
              166,
              131,
              251
            ]
          },
          {
            "x": 95,
            "y": 111.71932608217158,
            "side": "left",
            "color": [
              178,
              106,
              129
            ]
          },
          {
            "x": 60,
            "y": 163.71932608217165,
            "side": "left",
            "color": [
              181,
              170,
              167
            ]
          },
          {
            "x": 193,
            "y": 62.2806739178284,
            "side": "right",
            "color": [
              154,
              219,
              236
            ]
          },
          {
            "x": 138,
            "y": 94.28067391782828,
            "side": "right",
            "color": [
              201,
              166,
              134
            ]
          },
          {
            "x": 167,
            "y": 71.28067391782837,
            "side": "right",
            "color": [
              177,
              137,
              176
            ]
          }
        ]
      },
      {
        "frame_idx": 24,
        "left_objects": 3,
        "right_objects": 3,
        "total_objects": 6,
        "objects": [
          {
            "x": 37,
            "y": 107.54096466892874,
            "side": "left",
            "color": [
              166,
              131,
              251
            ]
          },
          {
            "x": 95,
            "y": 115.54096466892872,
            "side": "left",
            "color": [
              178,
              106,
              129
            ]
          },
          {
            "x": 60,
            "y": 167.5409646689288,
            "side": "left",
            "color": [
              181,
              170,
              167
            ]
          },
          {
            "x": 193,
            "y": 58.45903533107125,
            "side": "right",
            "color": [
              154,
              219,
              236
            ]
          },
          {
            "x": 138,
            "y": 90.45903533107114,
            "side": "right",
            "color": [
              201,
              166,
              134
            ]
          },
          {
            "x": 167,
            "y": 67.45903533107122,
            "side": "right",
            "color": [
              177,
              137,
              176
            ]
          }
        ]
      },
      {
        "frame_idx": 25,
        "left_objects": 3,
        "right_objects": 3,
        "total_objects": 6,
        "objects": [
          {
            "x": 37,
            "y": 111.36260325568588,
            "side": "left",
            "color": [
              166,
              131,
              251
            ]
          },
          {
            "x": 95,
            "y": 119.36260325568587,
            "side": "left",
            "color": [
              178,
              106,
              129
            ]
          },
          {
            "x": 60,
            "y": 171.36260325568597,
            "side": "left",
            "color": [
              181,
              170,
              167
            ]
          },
          {
            "x": 193,
            "y": 54.637396744314096,
            "side": "right",
            "color": [
              154,
              219,
              236
            ]
          },
          {
            "x": 138,
            "y": 86.63739674431399,
            "side": "right",
            "color": [
              201,
              166,
              134
            ]
          },
          {
            "x": 167,
            "y": 63.63739674431407,
            "side": "right",
            "color": [
              177,
              137,
              176
            ]
          }
        ]
      },
      {
        "frame_idx": 26,
        "left_objects": 3,
        "right_objects": 3,
        "total_objects": 6,
        "objects": [
          {
            "x": 37,
            "y": 115.18424184244303,
            "side": "left",
            "color": [
              166,
              131,
              251
            ]
          },
          {
            "x": 95,
            "y": 123.18424184244302,
            "side": "left",
            "color": [
              178,
              106,
              129
            ]
          },
          {
            "x": 60,
            "y": 175.18424184244313,
            "side": "left",
            "color": [
              181,
              170,
              167
            ]
          },
          {
            "x": 193,
            "y": 50.81575815755694,
            "side": "right",
            "color": [
              154,
              219,
              236
            ]
          },
          {
            "x": 138,
            "y": 82.81575815755684,
            "side": "right",
            "color": [
              201,
              166,
              134
            ]
          },
          {
            "x": 167,
            "y": 59.815758157556914,
            "side": "right",
            "color": [
              177,
              137,
              176
            ]
          }
        ]
      },
      {
        "frame_idx": 27,
        "left_objects": 3,
        "right_objects": 3,
        "total_objects": 6,
        "objects": [
          {
            "x": 37,
            "y": 119.00588042920018,
            "side": "left",
            "color": [
              166,
              131,
              251
            ]
          },
          {
            "x": 95,
            "y": 127.00588042920016,
            "side": "left",
            "color": [
              178,
              106,
              129
            ]
          },
          {
            "x": 60,
            "y": 179.0058804292003,
            "side": "left",
            "color": [
              181,
              170,
              167
            ]
          },
          {
            "x": 193,
            "y": 46.99411957079979,
            "side": "right",
            "color": [
              154,
              219,
              236
            ]
          },
          {
            "x": 138,
            "y": 78.9941195707997,
            "side": "right",
            "color": [
              201,
              166,
              134
            ]
          },
          {
            "x": 167,
            "y": 55.99411957079976,
            "side": "right",
            "color": [
              177,
              137,
              176
            ]
          }
        ]
      },
      {
        "frame_idx": 28,
        "left_objects": 3,
        "right_objects": 3,
        "total_objects": 6,
        "objects": [
          {
            "x": 37,
            "y": 122.82751901595732,
            "side": "left",
            "color": [
              166,
              131,
              251
            ]
          },
          {
            "x": 95,
            "y": 130.8275190159573,
            "side": "left",
            "color": [
              178,
              106,
              129
            ]
          },
          {
            "x": 60,
            "y": 182.82751901595745,
            "side": "left",
            "color": [
              181,
              170,
              167
            ]
          },
          {
            "x": 193,
            "y": 43.172480984042636,
            "side": "right",
            "color": [
              154,
              219,
              236
            ]
          },
          {
            "x": 138,
            "y": 75.17248098404255,
            "side": "right",
            "color": [
              201,
              166,
              134
            ]
          },
          {
            "x": 167,
            "y": 52.17248098404261,
            "side": "right",
            "color": [
              177,
              137,
              176
            ]
          }
        ]
      },
      {
        "frame_idx": 29,
        "left_objects": 3,
        "right_objects": 3,
        "total_objects": 6,
        "objects": [
          {
            "x": 37,
            "y": 126.64915760271447,
            "side": "left",
            "color": [
              166,
              131,
              251
            ]
          },
          {
            "x": 95,
            "y": 134.64915760271447,
            "side": "left",
            "color": [
              178,
              106,
              129
            ]
          },
          {
            "x": 60,
            "y": 186.6491576027146,
            "side": "left",
            "color": [
              181,
              170,
              167
            ]
          },
          {
            "x": 193,
            "y": 39.35084239728548,
            "side": "right",
            "color": [
              154,
              219,
              236
            ]
          },
          {
            "x": 138,
            "y": 71.3508423972854,
            "side": "right",
            "color": [
              201,
              166,
              134
            ]
          },
          {
            "x": 167,
            "y": 48.350842397285454,
            "side": "right",
            "color": [
              177,
              137,
              176
            ]
          }
        ]
      },
      {
        "frame_idx": 30,
        "left_objects": 3,
        "right_objects": 3,
        "total_objects": 6,
        "objects": [
          {
            "x": 37,
            "y": 130.47079618947163,
            "side": "left",
            "color": [
              166,
              131,
              251
            ]
          },
          {
            "x": 95,
            "y": 138.47079618947163,
            "side": "left",
            "color": [
              178,
              106,
              129
            ]
          },
          {
            "x": 60,
            "y": 190.47079618947177,
            "side": "left",
            "color": [
              181,
              170,
              167
            ]
          },
          {
            "x": 193,
            "y": 35.52920381052833,
            "side": "right",
            "color": [
              154,
              219,
              236
            ]
          },
          {
            "x": 138,
            "y": 67.52920381052826,
            "side": "right",
            "color": [
              201,
              166,
              134
            ]
          },
          {
            "x": 167,
            "y": 44.5292038105283,
            "side": "right",
            "color": [
              177,
              137,
              176
            ]
          }
        ]
      },
      {
        "frame_idx": 31,
        "left_objects": 3,
        "right_objects": 3,
        "total_objects": 6,
        "objects": [
          {
            "x": 37,
            "y": 134.2924347762288,
            "side": "left",
            "color": [
              166,
              131,
              251
            ]
          },
          {
            "x": 95,
            "y": 142.2924347762288,
            "side": "left",
            "color": [
              178,
              106,
              129
            ]
          },
          {
            "x": 60,
            "y": 194.29243477622893,
            "side": "left",
            "color": [
              181,
              170,
              167
            ]
          },
          {
            "x": 193,
            "y": 31.70756522377118,
            "side": "right",
            "color": [
              154,
              219,
              236
            ]
          },
          {
            "x": 138,
            "y": 63.707565223771105,
            "side": "right",
            "color": [
              201,
              166,
              134
            ]
          },
          {
            "x": 167,
            "y": 40.70756522377115,
            "side": "right",
            "color": [
              177,
              137,
              176
            ]
          }
        ]
      },
      {
        "frame_idx": 32,
        "left_objects": 3,
        "right_objects": 3,
        "total_objects": 6,
        "objects": [
          {
            "x": 37,
            "y": 138.11407336298595,
            "side": "left",
            "color": [
              166,
              131,
              251
            ]
          },
          {
            "x": 95,
            "y": 146.11407336298595,
            "side": "left",
            "color": [
              178,
              106,
              129
            ]
          },
          {
            "x": 60,
            "y": 198.1140733629861,
            "side": "left",
            "color": [
              181,
              170,
              167
            ]
          },
          {
            "x": 193,
            "y": 27.88592663701403,
            "side": "right",
            "color": [
              154,
              219,
              236
            ]
          },
          {
            "x": 138,
            "y": 59.88592663701395,
            "side": "right",
            "color": [
              201,
              166,
              134
            ]
          },
          {
            "x": 167,
            "y": 36.885926637013995,
            "side": "right",
            "color": [
              177,
              137,
              176
            ]
          }
        ]
      },
      {
        "frame_idx": 33,
        "left_objects": 3,
        "right_objects": 3,
        "total_objects": 6,
        "objects": [
          {
            "x": 37,
            "y": 141.9357119497431,
            "side": "left",
            "color": [
              166,
              131,
              251
            ]
          },
          {
            "x": 95,
            "y": 149.9357119497431,
            "side": "left",
            "color": [
              178,
              106,
              129
            ]
          },
          {
            "x": 60,
            "y": 201.93571194974325,
            "side": "left",
            "color": [
              181,
              170,
              167
            ]
          },
          {
            "x": 193,
            "y": 24.06428805025688,
            "side": "right",
            "color": [
              154,
              219,
              236
            ]
          },
          {
            "x": 138,
            "y": 56.0642880502568,
            "side": "right",
            "color": [
              201,
              166,
              134
            ]
          },
          {
            "x": 167,
            "y": 33.06428805025684,
            "side": "right",
            "color": [
              177,
              137,
              176
            ]
          }
        ]
      },
      {
        "frame_idx": 34,
        "left_objects": 3,
        "right_objects": 3,
        "total_objects": 6,
        "objects": [
          {
            "x": 37,
            "y": 145.75735053650027,
            "side": "left",
            "color": [
              166,
              131,
              251
            ]
          },
          {
            "x": 95,
            "y": 153.75735053650027,
            "side": "left",
            "color": [
              178,
              106,
              129
            ]
          },
          {
            "x": 60,
            "y": 205.7573505365004,
            "side": "left",
            "color": [
              181,
              170,
              167
            ]
          },
          {
            "x": 193,
            "y": 20.24264946349973,
            "side": "right",
            "color": [
              154,
              219,
              236
            ]
          },
          {
            "x": 138,
            "y": 52.242649463499646,
            "side": "right",
            "color": [
              201,
              166,
              134
            ]
          },
          {
            "x": 167,
            "y": 29.242649463499692,
            "side": "right",
            "color": [
              177,
              137,
              176
            ]
          }
        ]
      },
      {
        "frame_idx": 35,
        "left_objects": 3,
        "right_objects": 3,
        "total_objects": 6,
        "objects": [
          {
            "x": 37,
            "y": 149.57898912325743,
            "side": "left",
            "color": [
              166,
              131,
              251
            ]
          },
          {
            "x": 95,
            "y": 157.57898912325743,
            "side": "left",
            "color": [
              178,
              106,
              129
            ]
          },
          {
            "x": 60,
            "y": 209.57898912325757,
            "side": "left",
            "color": [
              181,
              170,
              167
            ]
          },
          {
            "x": 193,
            "y": 16.42101087674258,
            "side": "right",
            "color": [
              154,
              219,
              236
            ]
          },
          {
            "x": 138,
            "y": 48.42101087674249,
            "side": "right",
            "color": [
              201,
              166,
              134
            ]
          },
          {
            "x": 167,
            "y": 25.421010876742542,
            "side": "right",
            "color": [
              177,
              137,
              176
            ]
          }
        ]
      },
      {
        "frame_idx": 36,
        "left_objects": 3,
        "right_objects": 3,
        "total_objects": 6,
        "objects": [
          {
            "x": 37,
            "y": 153.4006277100146,
            "side": "left",
            "color": [
              166,
              131,
              251
            ]
          },
          {
            "x": 95,
            "y": 161.4006277100146,
            "side": "left",
            "color": [
              178,
              106,
              129
            ]
          },
          {
            "x": 60,
            "y": 213.40062771001473,
            "side": "left",
            "color": [
              181,
              170,
              167
            ]
          },
          {
            "x": 193,
            "y": 12.59937228998543,
            "side": "right",
            "color": [
              154,
              219,
              236
            ]
          },
          {
            "x": 138,
            "y": 44.59937228998534,
            "side": "right",
            "color": [
              201,
              166,
              134
            ]
          },
          {
            "x": 167,
            "y": 21.599372289985393,
            "side": "right",
            "color": [
              177,
              137,
              176
            ]
          }
        ]
      },
      {
        "frame_idx": 37,
        "left_objects": 3,
        "right_objects": 3,
        "total_objects": 6,
        "objects": [
          {
            "x": 37,
            "y": 157.22226629677175,
            "side": "left",
            "color": [
              166,
              131,
              251
            ]
          },
          {
            "x": 95,
            "y": 165.22226629677175,
            "side": "left",
            "color": [
              178,
              106,
              129
            ]
          },
          {
            "x": 60,
            "y": 217.2222662967719,
            "side": "left",
            "color": [
              181,
              170,
              167
            ]
          },
          {
            "x": 193,
            "y": 8.777733703228279,
            "side": "right",
            "color": [
              154,
              219,
              236
            ]
          },
          {
            "x": 138,
            "y": 40.777733703228186,
            "side": "right",
            "color": [
              201,
              166,
              134
            ]
          },
          {
            "x": 167,
            "y": 17.777733703228243,
            "side": "right",
            "color": [
              177,
              137,
              176
            ]
          }
        ]
      },
      {
        "frame_idx": 38,
        "left_objects": 3,
        "right_objects": 3,
        "total_objects": 6,
        "objects": [
          {
            "x": 37,
            "y": 161.0439048835289,
            "side": "left",
            "color": [
              166,
              131,
              251
            ]
          },
          {
            "x": 95,
            "y": 169.0439048835289,
            "side": "left",
            "color": [
              178,
              106,
              129
            ]
          },
          {
            "x": 60,
            "y": 221.04390488352905,
            "side": "left",
            "color": [
              181,
              170,
              167
            ]
          },
          {
            "x": 193,
            "y": 4.956095116471127,
            "side": "right",
            "color": [
              154,
              219,
              236
            ]
          },
          {
            "x": 138,
            "y": 36.95609511647103,
            "side": "right",
            "color": [
              201,
              166,
              134
            ]
          },
          {
            "x": 167,
            "y": 13.956095116471092,
            "side": "right",
            "color": [
              177,
              137,
              176
            ]
          }
        ]
      },
      {
        "frame_idx": 39,
        "left_objects": 3,
        "right_objects": 3,
        "total_objects": 6,
        "objects": [
          {
            "x": 37,
            "y": 164.86554347028607,
            "side": "left",
            "color": [
              166,
              131,
              251
            ]
          },
          {
            "x": 95,
            "y": 172.86554347028607,
            "side": "left",
            "color": [
              178,
              106,
              129
            ]
          },
          {
            "x": 60,
            "y": 224.8655434702862,
            "side": "left",
            "color": [
              181,
              170,
              167
            ]
          },
          {
            "x": 193,
            "y": 1.1344565297139764,
            "side": "right",
            "color": [
              154,
              219,
              236
            ]
          },
          {
            "x": 138,
            "y": 33.13445652971388,
            "side": "right",
            "color": [
              201,
              166,
              134
            ]
          },
          {
            "x": 167,
            "y": 10.13445652971394,
            "side": "right",
            "color": [
              177,
              137,
              176
            ]
          }
        ]
      },
      {
        "frame_idx": 40,
        "left_objects": 3,
        "right_objects": 3,
        "total_objects": 6,
        "objects": [
          {
            "x": 37,
            "y": 168.68718205704323,
            "side": "left",
            "color": [
              166,
              131,
              251
            ]
          },
          {
            "x": 95,
            "y": 176.68718205704323,
            "side": "left",
            "color": [
              178,
              106,
              129
            ]
          },
          {
            "x": 60,
            "y": 228.68718205704337,
            "side": "left",
            "color": [
              181,
              170,
              167
            ]
          },
          {
            "x": 193,
            "y": -2.6871820570431746,
            "side": "right",
            "color": [
              154,
              219,
              236
            ]
          },
          {
            "x": 138,
            "y": 29.31281794295673,
            "side": "right",
            "color": [
              201,
              166,
              134
            ]
          },
          {
            "x": 167,
            "y": 6.312817942956789,
            "side": "right",
            "color": [
              177,
              137,
              176
            ]
          }
        ]
      },
      {
        "frame_idx": 41,
        "left_objects": 3,
        "right_objects": 3,
        "total_objects": 6,
        "objects": [
          {
            "x": 37,
            "y": 172.5088206438004,
            "side": "left",
            "color": [
              166,
              131,
              251
            ]
          },
          {
            "x": 95,
            "y": 180.5088206438004,
            "side": "left",
            "color": [
              178,
              106,
              129
            ]
          },
          {
            "x": 60,
            "y": 232.50882064380053,
            "side": "left",
            "color": [
              181,
              170,
              167
            ]
          },
          {
            "x": 193,
            "y": -6.508820643800325,
            "side": "right",
            "color": [
              154,
              219,
              236
            ]
          },
          {
            "x": 138,
            "y": 25.49117935619958,
            "side": "right",
            "color": [
              201,
              166,
              134
            ]
          },
          {
            "x": 167,
            "y": 2.491179356199638,
            "side": "right",
            "color": [
              177,
              137,
              176
            ]
          }
        ]
      },
      {
        "frame_idx": 42,
        "left_objects": 3,
        "right_objects": 3,
        "total_objects": 6,
        "objects": [
          {
            "x": 37,
            "y": 176.33045923055755,
            "side": "left",
            "color": [
              166,
              131,
              251
            ]
          },
          {
            "x": 95,
            "y": 184.33045923055755,
            "side": "left",
            "color": [
              178,
              106,
              129
            ]
          },
          {
            "x": 52,
            "y": -11,
            "side": "left",
            "color": [
              181,
              170,
              167
            ]
          },
          {
            "x": 193,
            "y": -10.330459230557477,
            "side": "right",
            "color": [
              154,
              219,
              236
            ]
          },
          {
            "x": 138,
            "y": 21.66954076944243,
            "side": "right",
            "color": [
              201,
              166,
              134
            ]
          },
          {
            "x": 167,
            "y": -1.330459230557513,
            "side": "right",
            "color": [
              177,
              137,
              176
            ]
          }
        ]
      },
      {
        "frame_idx": 43,
        "left_objects": 3,
        "right_objects": 3,
        "total_objects": 6,
        "objects": [
          {
            "x": 37,
            "y": 180.1520978173147,
            "side": "left",
            "color": [
              166,
              131,
              251
            ]
          },
          {
            "x": 95,
            "y": 188.1520978173147,
            "side": "left",
            "color": [
              178,
              106,
              129
            ]
          },
          {
            "x": 52,
            "y": -7.178361413242849,
            "side": "left",
            "color": [
              181,
              170,
              167
            ]
          },
          {
            "x": 127,
            "y": 235,
            "side": "right",
            "color": [
              154,
              219,
              236
            ]
          },
          {
            "x": 138,
            "y": 17.84790218268528,
            "side": "right",
            "color": [
              201,
              166,
              134
            ]
          },
          {
            "x": 167,
            "y": -5.152097817314663,
            "side": "right",
            "color": [
              177,
              137,
              176
            ]
          }
        ]
      },
      {
        "frame_idx": 44,
        "left_objects": 3,
        "right_objects": 3,
        "total_objects": 6,
        "objects": [
          {
            "x": 37,
            "y": 183.97373640407187,
            "side": "left",
            "color": [
              166,
              131,
              251
            ]
          },
          {
            "x": 95,
            "y": 191.97373640407187,
            "side": "left",
            "color": [
              178,
              106,
              129
            ]
          },
          {
            "x": 52,
            "y": -3.3567228264856976,
            "side": "left",
            "color": [
              181,
              170,
              167
            ]
          },
          {
            "x": 127,
            "y": 231.17836141324284,
            "side": "right",
            "color": [
              154,
              219,
              236
            ]
          },
          {
            "x": 138,
            "y": 14.02626359592813,
            "side": "right",
            "color": [
              201,
              166,
              134
            ]
          },
          {
            "x": 167,
            "y": -8.973736404071815,
            "side": "right",
            "color": [
              177,
              137,
              176
            ]
          }
        ]
      },
      {
        "frame_idx": 45,
        "left_objects": 3,
        "right_objects": 3,
        "total_objects": 6,
        "objects": [
          {
            "x": 37,
            "y": 187.79537499082903,
            "side": "left",
            "color": [
              166,
              131,
              251
            ]
          },
          {
            "x": 95,
            "y": 195.79537499082903,
            "side": "left",
            "color": [
              178,
              106,
              129
            ]
          },
          {
            "x": 52,
            "y": 0.4649157602714533,
            "side": "left",
            "color": [
              181,
              170,
              167
            ]
          },
          {
            "x": 127,
            "y": 227.35672282648568,
            "side": "right",
            "color": [
              154,
              219,
              236
            ]
          },
          {
            "x": 138,
            "y": 10.204625009170979,
            "side": "right",
            "color": [
              201,
              166,
              134
            ]
          },
          {
            "x": 212,
            "y": 235,
            "side": "right",
            "color": [
              177,
              137,
              176
            ]
          }
        ]
      },
      {
        "frame_idx": 46,
        "left_objects": 3,
        "right_objects": 3,
        "total_objects": 6,
        "objects": [
          {
            "x": 37,
            "y": 191.6170135775862,
            "side": "left",
            "color": [
              166,
              131,
              251
            ]
          },
          {
            "x": 95,
            "y": 199.6170135775862,
            "side": "left",
            "color": [
              178,
              106,
              129
            ]
          },
          {
            "x": 52,
            "y": 4.286554347028604,
            "side": "left",
            "color": [
              181,
              170,
              167
            ]
          },
          {
            "x": 127,
            "y": 223.53508423972852,
            "side": "right",
            "color": [
              154,
              219,
              236
            ]
          },
          {
            "x": 138,
            "y": 6.382986422413827,
            "side": "right",
            "color": [
              201,
              166,
              134
            ]
          },
          {
            "x": 212,
            "y": 231.17836141324284,
            "side": "right",
            "color": [
              177,
              137,
              176
            ]
          }
        ]
      },
      {
        "frame_idx": 47,
        "left_objects": 3,
        "right_objects": 3,
        "total_objects": 6,
        "objects": [
          {
            "x": 37,
            "y": 195.43865216434335,
            "side": "left",
            "color": [
              166,
              131,
              251
            ]
          },
          {
            "x": 95,
            "y": 203.43865216434335,
            "side": "left",
            "color": [
              178,
              106,
              129
            ]
          },
          {
            "x": 52,
            "y": 8.108192933785755,
            "side": "left",
            "color": [
              181,
              170,
              167
            ]
          },
          {
            "x": 127,
            "y": 219.71344565297136,
            "side": "right",
            "color": [
              154,
              219,
              236
            ]
          },
          {
            "x": 138,
            "y": 2.5613478356566763,
            "side": "right",
            "color": [
              201,
              166,
              134
            ]
          },
          {
            "x": 212,
            "y": 227.35672282648568,
            "side": "right",
            "color": [
              177,
              137,
              176
            ]
          }
        ]
      },
      {
        "frame_idx": 48,
        "left_objects": 3,
        "right_objects": 3,
        "total_objects": 6,
        "objects": [
          {
            "x": 37,
            "y": 199.2602907511005,
            "side": "left",
            "color": [
              166,
              131,
              251
            ]
          },
          {
            "x": 95,
            "y": 207.2602907511005,
            "side": "left",
            "color": [
              178,
              106,
              129
            ]
          },
          {
            "x": 52,
            "y": 11.929831520542907,
            "side": "left",
            "color": [
              181,
              170,
              167
            ]
          },
          {
            "x": 127,
            "y": 215.8918070662142,
            "side": "right",
            "color": [
              154,
              219,
              236
            ]
          },
          {
            "x": 138,
            "y": -1.2602907511004746,
            "side": "right",
            "color": [
              201,
              166,
              134
            ]
          },
          {
            "x": 212,
            "y": 223.53508423972852,
            "side": "right",
            "color": [
              177,
              137,
              176
            ]
          }
        ]
      },
      {
        "frame_idx": 49,
        "left_objects": 3,
        "right_objects": 3,
        "total_objects": 6,
        "objects": [
          {
            "x": 37,
            "y": 203.08192933785767,
            "side": "left",
            "color": [
              166,
              131,
              251
            ]
          },
          {
            "x": 95,
            "y": 211.08192933785767,
            "side": "left",
            "color": [
              178,
              106,
              129
            ]
          },
          {
            "x": 52,
            "y": 15.751470107300058,
            "side": "left",
            "color": [
              181,
              170,
              167
            ]
          },
          {
            "x": 127,
            "y": 212.07016847945704,
            "side": "right",
            "color": [
              154,
              219,
              236
            ]
          },
          {
            "x": 138,
            "y": -5.081929337857625,
            "side": "right",
            "color": [
              201,
              166,
              134
            ]
          },
          {
            "x": 212,
            "y": 219.71344565297136,
            "side": "right",
            "color": [
              177,
              137,
              176
            ]
          }
        ]
      },
      {
        "frame_idx": 50,
        "left_objects": 3,
        "right_objects": 3,
        "total_objects": 6,
        "objects": [
          {
            "x": 37,
            "y": 206.90356792461483,
            "side": "left",
            "color": [
              166,
              131,
              251
            ]
          },
          {
            "x": 95,
            "y": 214.90356792461483,
            "side": "left",
            "color": [
              178,
              106,
              129
            ]
          },
          {
            "x": 52,
            "y": 19.573108694057208,
            "side": "left",
            "color": [
              181,
              170,
              167
            ]
          },
          {
            "x": 127,
            "y": 208.24852989269988,
            "side": "right",
            "color": [
              154,
              219,
              236
            ]
          },
          {
            "x": 138,
            "y": -8.903567924614777,
            "side": "right",
            "color": [
              201,
              166,
              134
            ]
          },
          {
            "x": 212,
            "y": 215.8918070662142,
            "side": "right",
            "color": [
              177,
              137,
              176
            ]
          }
        ]
      },
      {
        "frame_idx": 51,
        "left_objects": 3,
        "right_objects": 3,
        "total_objects": 6,
        "objects": [
          {
            "x": 37,
            "y": 210.725206511372,
            "side": "left",
            "color": [
              166,
              131,
              251
            ]
          },
          {
            "x": 95,
            "y": 218.725206511372,
            "side": "left",
            "color": [
              178,
              106,
              129
            ]
          },
          {
            "x": 52,
            "y": 23.394747280814357,
            "side": "left",
            "color": [
              181,
              170,
              167
            ]
          },
          {
            "x": 127,
            "y": 204.42689130594272,
            "side": "right",
            "color": [
              154,
              219,
              236
            ]
          },
          {
            "x": 141,
            "y": 235,
            "side": "right",
            "color": [
              201,
              166,
              134
            ]
          },
          {
            "x": 212,
            "y": 212.07016847945704,
            "side": "right",
            "color": [
              177,
              137,
              176
            ]
          }
        ]
      },
      {
        "frame_idx": 52,
        "left_objects": 3,
        "right_objects": 3,
        "total_objects": 6,
        "objects": [
          {
            "x": 37,
            "y": 214.54684509812915,
            "side": "left",
            "color": [
              166,
              131,
              251
            ]
          },
          {
            "x": 95,
            "y": 222.54684509812915,
            "side": "left",
            "color": [
              178,
              106,
              129
            ]
          },
          {
            "x": 52,
            "y": 27.216385867571507,
            "side": "left",
            "color": [
              181,
              170,
              167
            ]
          },
          {
            "x": 127,
            "y": 200.60525271918556,
            "side": "right",
            "color": [
              154,
              219,
              236
            ]
          },
          {
            "x": 141,
            "y": 231.17836141324284,
            "side": "right",
            "color": [
              201,
              166,
              134
            ]
          },
          {
            "x": 212,
            "y": 208.24852989269988,
            "side": "right",
            "color": [
              177,
              137,
              176
            ]
          }
        ]
      },
      {
        "frame_idx": 53,
        "left_objects": 3,
        "right_objects": 3,
        "total_objects": 6,
        "objects": [
          {
            "x": 37,
            "y": 218.36848368488631,
            "side": "left",
            "color": [
              166,
              131,
              251
            ]
          },
          {
            "x": 95,
            "y": 226.36848368488631,
            "side": "left",
            "color": [
              178,
              106,
              129
            ]
          },
          {
            "x": 52,
            "y": 31.038024454328657,
            "side": "left",
            "color": [
              181,
              170,
              167
            ]
          },
          {
            "x": 127,
            "y": 196.7836141324284,
            "side": "right",
            "color": [
              154,
              219,
              236
            ]
          },
          {
            "x": 141,
            "y": 227.35672282648568,
            "side": "right",
            "color": [
              201,
              166,
              134
            ]
          },
          {
            "x": 212,
            "y": 204.42689130594272,
            "side": "right",
            "color": [
              177,
              137,
              176
            ]
          }
        ]
      },
      {
        "frame_idx": 54,
        "left_objects": 3,
        "right_objects": 3,
        "total_objects": 6,
        "objects": [
          {
            "x": 37,
            "y": 222.19012227164347,
            "side": "left",
            "color": [
              166,
              131,
              251
            ]
          },
          {
            "x": 95,
            "y": 230.19012227164347,
            "side": "left",
            "color": [
              178,
              106,
              129
            ]
          },
          {
            "x": 52,
            "y": 34.85966304108581,
            "side": "left",
            "color": [
              181,
              170,
              167
            ]
          },
          {
            "x": 127,
            "y": 192.96197554567124,
            "side": "right",
            "color": [
              154,
              219,
              236
            ]
          },
          {
            "x": 141,
            "y": 223.53508423972852,
            "side": "right",
            "color": [
              201,
              166,
              134
            ]
          },
          {
            "x": 212,
            "y": 200.60525271918556,
            "side": "right",
            "color": [
              177,
              137,
              176
            ]
          }
        ]
      },
      {
        "frame_idx": 55,
        "left_objects": 3,
        "right_objects": 3,
        "total_objects": 6,
        "objects": [
          {
            "x": 37,
            "y": 226.01176085840063,
            "side": "left",
            "color": [
              166,
              131,
              251
            ]
          },
          {
            "x": 95,
            "y": 234.01176085840063,
            "side": "left",
            "color": [
              178,
              106,
              129
            ]
          },
          {
            "x": 52,
            "y": 38.68130162784296,
            "side": "left",
            "color": [
              181,
              170,
              167
            ]
          },
          {
            "x": 127,
            "y": 189.14033695891408,
            "side": "right",
            "color": [
              154,
              219,
              236
            ]
          },
          {
            "x": 141,
            "y": 219.71344565297136,
            "side": "right",
            "color": [
              201,
              166,
              134
            ]
          },
          {
            "x": 212,
            "y": 196.7836141324284,
            "side": "right",
            "color": [
              177,
              137,
              176
            ]
          }
        ]
      },
      {
        "frame_idx": 56,
        "left_objects": 3,
        "right_objects": 3,
        "total_objects": 6,
        "objects": [
          {
            "x": 37,
            "y": 229.8333994451578,
            "side": "left",
            "color": [
              166,
              131,
              251
            ]
          },
          {
            "x": 30,
            "y": -11,
            "side": "left",
            "color": [
              178,
              106,
              129
            ]
          },
          {
            "x": 52,
            "y": 42.502940214600116,
            "side": "left",
            "color": [
              181,
              170,
              167
            ]
          },
          {
            "x": 127,
            "y": 185.31869837215692,
            "side": "right",
            "color": [
              154,
              219,
              236
            ]
          },
          {
            "x": 141,
            "y": 215.8918070662142,
            "side": "right",
            "color": [
              201,
              166,
              134
            ]
          },
          {
            "x": 212,
            "y": 192.96197554567124,
            "side": "right",
            "color": [
              177,
              137,
              176
            ]
          }
        ]
      },
      {
        "frame_idx": 57,
        "left_objects": 3,
        "right_objects": 3,
        "total_objects": 6,
        "objects": [
          {
            "x": 37,
            "y": 233.65503803191496,
            "side": "left",
            "color": [
              166,
              131,
              251
            ]
          },
          {
            "x": 30,
            "y": -7.178361413242849,
            "side": "left",
            "color": [
              178,
              106,
              129
            ]
          },
          {
            "x": 52,
            "y": 46.32457880135727,
            "side": "left",
            "color": [
              181,
              170,
              167
            ]
          },
          {
            "x": 127,
            "y": 181.49705978539976,
            "side": "right",
            "color": [
              154,
              219,
              236
            ]
          },
          {
            "x": 141,
            "y": 212.07016847945704,
            "side": "right",
            "color": [
              201,
              166,
              134
            ]
          },
          {
            "x": 212,
            "y": 189.14033695891408,
            "side": "right",
            "color": [
              177,
              137,
              176
            ]
          }
        ]
      },
      {
        "frame_idx": 58,
        "left_objects": 3,
        "right_objects": 3,
        "total_objects": 6,
        "objects": [
          {
            "x": 21,
            "y": -11,
            "side": "left",
            "color": [
              166,
              131,
              251
            ]
          },
          {
            "x": 30,
            "y": -3.3567228264856976,
            "side": "left",
            "color": [
              178,
              106,
              129
            ]
          },
          {
            "x": 52,
            "y": 50.14621738811442,
            "side": "left",
            "color": [
              181,
              170,
              167
            ]
          },
          {
            "x": 127,
            "y": 177.6754211986426,
            "side": "right",
            "color": [
              154,
              219,
              236
            ]
          },
          {
            "x": 141,
            "y": 208.24852989269988,
            "side": "right",
            "color": [
              201,
              166,
              134
            ]
          },
          {
            "x": 212,
            "y": 185.31869837215692,
            "side": "right",
            "color": [
              177,
              137,
              176
            ]
          }
        ]
      },
      {
        "frame_idx": 59,
        "left_objects": 3,
        "right_objects": 3,
        "total_objects": 6,
        "objects": [
          {
            "x": 21,
            "y": -7.178361413242849,
            "side": "left",
            "color": [
              166,
              131,
              251
            ]
          },
          {
            "x": 30,
            "y": 0.4649157602714533,
            "side": "left",
            "color": [
              178,
              106,
              129
            ]
          },
          {
            "x": 52,
            "y": 53.967855974871576,
            "side": "left",
            "color": [
              181,
              170,
              167
            ]
          },
          {
            "x": 127,
            "y": 173.85378261188544,
            "side": "right",
            "color": [
              154,
              219,
              236
            ]
          },
          {
            "x": 141,
            "y": 204.42689130594272,
            "side": "right",
            "color": [
              201,
              166,
              134
            ]
          },
          {
            "x": 212,
            "y": 181.49705978539976,
            "side": "right",
            "color": [
              177,
              137,
              176
            ]
          }
        ]
      }
    ]
  }
}