{
  "sample_id": "observation_000001_823472",
  "sample_type": "observation",
  "scenario": "sparse",
  "params": {
    "width": 224,
    "height": 224,
    "left_objects": 3,
    "right_objects": 3,
    "velocity": 2.578426408633529,
    "object_radius": 8
  },
  "generation_info": {
    "timestamp": "2025-11-07T17:35:57.843944",
    "seed": 283988,
    "generator_version": "1.0"
  },
  "video_stats": {
    "num_frames": 60,
    "frame_size": [
      224,
      224,
      3
    ],
    "duration_seconds": 6.0
  },
  "quality_analysis": {
    "quality": "good",
    "movement_score": 6.0,
    "avg_objects": 6.0,
    "issues": []
  },
  "physics_simulation": {
    "num_frames": 60,
    "fps": 10,
    "resolution": [
      224,
      224
    ],
    "left_objects": 3,
    "right_objects": 3,
    "object_radius": 8,
    "velocity": 2.578426408633529,
    "frames": [
      {
        "frame_idx": 0,
        "left_objects": 3,
        "right_objects": 3,
        "total_objects": 6,
        "objects": [
          {
            "x": 34,
            "y": 72.57842640863353,
            "side": "left",
            "color": [
              133,
              130,
              198
            ]
          },
          {
            "x": 84,
            "y": 62.57842640863353,
            "side": "left",
            "color": [
              239,
              141,
              119
            ]
          },
          {
            "x": 63,
            "y": 58.57842640863353,
            "side": "left",
            "color": [
              160,
              115,
              211
            ]
          },
          {
            "x": 120,
            "y": 186.42157359136647,
            "side": "right",
            "color": [
              248,
              218,
              113
            ]
          },
          {
            "x": 209,
            "y": 159.42157359136647,
            "side": "right",
            "color": [
              230,
              253,
              209
            ]
          },
          {
            "x": 131,
            "y": 170.42157359136647,
            "side": "right",
            "color": [
              107,
              145,
              208
            ]
          }
        ]
      },
      {
        "frame_idx": 1,
        "left_objects": 3,
        "right_objects": 3,
        "total_objects": 6,
        "objects": [
          {
            "x": 34,
            "y": 75.15685281726707,
            "side": "left",
            "color": [
              133,
              130,
              198
            ]
          },
          {
            "x": 84,
            "y": 65.15685281726707,
            "side": "left",
            "color": [
              239,
              141,
              119
            ]
          },
          {
            "x": 63,
            "y": 61.156852817267065,
            "side": "left",
            "color": [
              160,
              115,
              211
            ]
          },
          {
            "x": 120,
            "y": 183.84314718273293,
            "side": "right",
            "color": [
              248,
              218,
              113
            ]
          },
          {
            "x": 209,
            "y": 156.84314718273293,
            "side": "right",
            "color": [
              230,
              253,
              209
            ]
          },
          {
            "x": 131,
            "y": 167.84314718273293,
            "side": "right",
            "color": [
              107,
              145,
              208
            ]
          }
        ]
      },
      {
        "frame_idx": 2,
        "left_objects": 3,
        "right_objects": 3,
        "total_objects": 6,
        "objects": [
          {
            "x": 34,
            "y": 77.7352792259006,
            "side": "left",
            "color": [
              133,
              130,
              198
            ]
          },
          {
            "x": 84,
            "y": 67.7352792259006,
            "side": "left",
            "color": [
              239,
              141,
              119
            ]
          },
          {
            "x": 63,
            "y": 63.7352792259006,
            "side": "left",
            "color": [
              160,
              115,
              211
            ]
          },
          {
            "x": 120,
            "y": 181.2647207740994,
            "side": "right",
            "color": [
              248,
              218,
              113
            ]
          },
          {
            "x": 209,
            "y": 154.2647207740994,
            "side": "right",
            "color": [
              230,
              253,
              209
            ]
          },
          {
            "x": 131,
            "y": 165.2647207740994,
            "side": "right",
            "color": [
              107,
              145,
              208
            ]
          }
        ]
      },
      {
        "frame_idx": 3,
        "left_objects": 3,
        "right_objects": 3,
        "total_objects": 6,
        "objects": [
          {
            "x": 34,
            "y": 80.31370563453413,
            "side": "left",
            "color": [
              133,
              130,
              198
            ]
          },
          {
            "x": 84,
            "y": 70.31370563453413,
            "side": "left",
            "color": [
              239,
              141,
              119
            ]
          },
          {
            "x": 63,
            "y": 66.31370563453413,
            "side": "left",
            "color": [
              160,
              115,
              211
            ]
          },
          {
            "x": 120,
            "y": 178.68629436546587,
            "side": "right",
            "color": [
              248,
              218,
              113
            ]
          },
          {
            "x": 209,
            "y": 151.68629436546587,
            "side": "right",
            "color": [
              230,
              253,
              209
            ]
          },
          {
            "x": 131,
            "y": 162.68629436546587,
            "side": "right",
            "color": [
              107,
              145,
              208
            ]
          }
        ]
      },
      {
        "frame_idx": 4,
        "left_objects": 3,
        "right_objects": 3,
        "total_objects": 6,
        "objects": [
          {
            "x": 34,
            "y": 82.89213204316766,
            "side": "left",
            "color": [
              133,
              130,
              198
            ]
          },
          {
            "x": 84,
            "y": 72.89213204316766,
            "side": "left",
            "color": [
              239,
              141,
              119
            ]
          },
          {
            "x": 63,
            "y": 68.89213204316766,
            "side": "left",
            "color": [
              160,
              115,
              211
            ]
          },
          {
            "x": 120,
            "y": 176.10786795683234,
            "side": "right",
            "color": [
              248,
              218,
              113
            ]
          },
          {
            "x": 209,
            "y": 149.10786795683234,
            "side": "right",
            "color": [
              230,
              253,
              209
            ]
          },
          {
            "x": 131,
            "y": 160.10786795683234,
            "side": "right",
            "color": [
              107,
              145,
              208
            ]
          }
        ]
      },
      {
        "frame_idx": 5,
        "left_objects": 3,
        "right_objects": 3,
        "total_objects": 6,
        "objects": [
          {
            "x": 34,
            "y": 85.4705584518012,
            "side": "left",
            "color": [
              133,
              130,
              198
            ]
          },
          {
            "x": 84,
            "y": 75.4705584518012,
            "side": "left",
            "color": [
              239,
              141,
              119
            ]
          },
          {
            "x": 63,
            "y": 71.4705584518012,
            "side": "left",
            "color": [
              160,
              115,
              211
            ]
          },
          {
            "x": 120,
            "y": 173.5294415481988,
            "side": "right",
            "color": [
              248,
              218,
              113
            ]
          },
          {
            "x": 209,
            "y": 146.5294415481988,
            "side": "right",
            "color": [
              230,
              253,
              209
            ]
          },
          {
            "x": 131,
            "y": 157.5294415481988,
            "side": "right",
            "color": [
              107,
              145,
              208
            ]
          }
        ]
      },
      {
        "frame_idx": 6,
        "left_objects": 3,
        "right_objects": 3,
        "total_objects": 6,
        "objects": [
          {
            "x": 34,
            "y": 88.04898486043473,
            "side": "left",
            "color": [
              133,
              130,
              198
            ]
          },
          {
            "x": 84,
            "y": 78.04898486043473,
            "side": "left",
            "color": [
              239,
              141,
              119
            ]
          },
          {
            "x": 63,
            "y": 74.04898486043473,
            "side": "left",
            "color": [
              160,
              115,
              211
            ]
          },
          {
            "x": 120,
            "y": 170.95101513956527,
            "side": "right",
            "color": [
              248,
              218,
              113
            ]
          },
          {
            "x": 209,
            "y": 143.95101513956527,
            "side": "right",
            "color": [
              230,
              253,
              209
            ]
          },
          {
            "x": 131,
            "y": 154.95101513956527,
            "side": "right",
            "color": [
              107,
              145,
              208
            ]
          }
        ]
      },
      {
        "frame_idx": 7,
        "left_objects": 3,
        "right_objects": 3,
        "total_objects": 6,
        "objects": [
          {
            "x": 34,
            "y": 90.62741126906826,
            "side": "left",
            "color": [
              133,
              130,
              198
            ]
          },
          {
            "x": 84,
            "y": 80.62741126906826,
            "side": "left",
            "color": [
              239,
              141,
              119
            ]
          },
          {
            "x": 63,
            "y": 76.62741126906826,
            "side": "left",
            "color": [
              160,
              115,
              211
            ]
          },
          {
            "x": 120,
            "y": 168.37258873093174,
            "side": "right",
            "color": [
              248,
              218,
              113
            ]
          },
          {
            "x": 209,
            "y": 141.37258873093174,
            "side": "right",
            "color": [
              230,
              253,
              209
            ]
          },
          {
            "x": 131,
            "y": 152.37258873093174,
            "side": "right",
            "color": [
              107,
              145,
              208
            ]
          }
        ]
      },
      {
        "frame_idx": 8,
        "left_objects": 3,
        "right_objects": 3,
        "total_objects": 6,
        "objects": [
          {
            "x": 34,
            "y": 93.2058376777018,
            "side": "left",
            "color": [
              133,
              130,
              198
            ]
          },
          {
            "x": 84,
            "y": 83.2058376777018,
            "side": "left",
            "color": [
              239,
              141,
              119
            ]
          },
          {
            "x": 63,
            "y": 79.2058376777018,
            "side": "left",
            "color": [
              160,
              115,
              211
            ]
          },
          {
            "x": 120,
            "y": 165.7941623222982,
            "side": "right",
            "color": [
              248,
              218,
              113
            ]
          },
          {
            "x": 209,
            "y": 138.7941623222982,
            "side": "right",
            "color": [
              230,
              253,
              209
            ]
          },
          {
            "x": 131,
            "y": 149.7941623222982,
            "side": "right",
            "color": [
              107,
              145,
              208
            ]
          }
        ]
      },
      {
        "frame_idx": 9,
        "left_objects": 3,
        "right_objects": 3,
        "total_objects": 6,
        "objects": [
          {
            "x": 34,
            "y": 95.78426408633533,
            "side": "left",
            "color": [
              133,
              130,
              198
            ]
          },
          {
            "x": 84,
            "y": 85.78426408633533,
            "side": "left",
            "color": [
              239,
              141,
              119
            ]
          },
          {
            "x": 63,
            "y": 81.78426408633533,
            "side": "left",
            "color": [
              160,
              115,
              211
            ]
          },
          {
            "x": 120,
            "y": 163.21573591366467,
            "side": "right",
            "color": [
              248,
              218,
              113
            ]
          },
          {
            "x": 209,
            "y": 136.21573591366467,
            "side": "right",
            "color": [
              230,
              253,
              209
            ]
          },
          {
            "x": 131,
            "y": 147.21573591366467,
            "side": "right",
            "color": [
              107,
              145,
              208
            ]
          }
        ]
      },
      {
        "frame_idx": 10,
        "left_objects": 3,
        "right_objects": 3,
        "total_objects": 6,
        "objects": [
          {
            "x": 34,
            "y": 98.36269049496886,
            "side": "left",
            "color": [
              133,
              130,
              198
            ]
          },
          {
            "x": 84,
            "y": 88.36269049496886,
            "side": "left",
            "color": [
              239,
              141,
              119
            ]
          },
          {
            "x": 63,
            "y": 84.36269049496886,
            "side": "left",
            "color": [
              160,
              115,
              211
            ]
          },
          {
            "x": 120,
            "y": 160.63730950503114,
            "side": "right",
            "color": [
              248,
              218,
              113
            ]
          },
          {
            "x": 209,
            "y": 133.63730950503114,
            "side": "right",
            "color": [
              230,
              253,
              209
            ]
          },
          {
            "x": 131,
            "y": 144.63730950503114,
            "side": "right",
            "color": [
              107,
              145,
              208
            ]
          }
        ]
      },
      {
        "frame_idx": 11,
        "left_objects": 3,
        "right_objects": 3,
        "total_objects": 6,
        "objects": [
          {
            "x": 34,
            "y": 100.94111690360239,
            "side": "left",
            "color": [
              133,
              130,
              198
            ]
          },
          {
            "x": 84,
            "y": 90.94111690360239,
            "side": "left",
            "color": [
              239,
              141,
              119
            ]
          },
          {
            "x": 63,
            "y": 86.94111690360239,
            "side": "left",
            "color": [
              160,
              115,
              211
            ]
          },
          {
            "x": 120,
            "y": 158.0588830963976,
            "side": "right",
            "color": [
              248,
              218,
              113
            ]
          },
          {
            "x": 209,
            "y": 131.0588830963976,
            "side": "right",
            "color": [
              230,
              253,
              209
            ]
          },
          {
            "x": 131,
            "y": 142.0588830963976,
            "side": "right",
            "color": [
              107,
              145,
              208
            ]
          }
        ]
      },
      {
        "frame_idx": 12,
        "left_objects": 3,
        "right_objects": 3,
        "total_objects": 6,
        "objects": [
          {
            "x": 34,
            "y": 103.51954331223592,
            "side": "left",
            "color": [
              133,
              130,
              198
            ]
          },
          {
            "x": 84,
            "y": 93.51954331223592,
            "side": "left",
            "color": [
              239,
              141,
              119
            ]
          },
          {
            "x": 63,
            "y": 89.51954331223592,
            "side": "left",
            "color": [
              160,
              115,
              211
            ]
          },
          {
            "x": 120,
            "y": 155.48045668776408,
            "side": "right",
            "color": [
              248,
              218,
              113
            ]
          },
          {
            "x": 209,
            "y": 128.48045668776408,
            "side": "right",
            "color": [
              230,
              253,
              209
            ]
          },
          {
            "x": 131,
            "y": 139.48045668776408,
            "side": "right",
            "color": [
              107,
              145,
              208
            ]
          }
        ]
      },
      {
        "frame_idx": 13,
        "left_objects": 3,
        "right_objects": 3,
        "total_objects": 6,
        "objects": [
          {
            "x": 34,
            "y": 106.09796972086946,
            "side": "left",
            "color": [
              133,
              130,
              198
            ]
          },
          {
            "x": 84,
            "y": 96.09796972086946,
            "side": "left",
            "color": [
              239,
              141,
              119
            ]
          },
          {
            "x": 63,
            "y": 92.09796972086946,
            "side": "left",
            "color": [
              160,
              115,
              211
            ]
          },
          {
            "x": 120,
            "y": 152.90203027913054,
            "side": "right",
            "color": [
              248,
              218,
              113
            ]
          },
          {
            "x": 209,
            "y": 125.90203027913054,
            "side": "right",
            "color": [
              230,
              253,
              209
            ]
          },
          {
            "x": 131,
            "y": 136.90203027913054,
            "side": "right",
            "color": [
              107,
              145,
              208
            ]
          }
        ]
      },
      {
        "frame_idx": 14,
        "left_objects": 3,
        "right_objects": 3,
        "total_objects": 6,
        "objects": [
          {
            "x": 34,
            "y": 108.67639612950299,
            "side": "left",
            "color": [
              133,
              130,
              198
            ]
          },
          {
            "x": 84,
            "y": 98.67639612950299,
            "side": "left",
            "color": [
              239,
              141,
              119
            ]
          },
          {
            "x": 63,
            "y": 94.67639612950299,
            "side": "left",
            "color": [
              160,
              115,
              211
            ]
          },
          {
            "x": 120,
            "y": 150.323603870497,
            "side": "right",
            "color": [
              248,
              218,
              113
            ]
          },
          {
            "x": 209,
            "y": 123.32360387049701,
            "side": "right",
            "color": [
              230,
              253,
              209
            ]
          },
          {
            "x": 131,
            "y": 134.323603870497,
            "side": "right",
            "color": [
              107,
              145,
              208
            ]
          }
        ]
      },
      {
        "frame_idx": 15,
        "left_objects": 3,
        "right_objects": 3,
        "total_objects": 6,
        "objects": [
          {
            "x": 34,
            "y": 111.25482253813652,
            "side": "left",
            "color": [
              133,
              130,
              198
            ]
          },
          {
            "x": 84,
            "y": 101.25482253813652,
            "side": "left",
            "color": [
              239,
              141,
              119
            ]
          },
          {
            "x": 63,
            "y": 97.25482253813652,
            "side": "left",
            "color": [
              160,
              115,
              211
            ]
          },
          {
            "x": 120,
            "y": 147.74517746186348,
            "side": "right",
            "color": [
              248,
              218,
              113
            ]
          },
          {
            "x": 209,
            "y": 120.74517746186348,
            "side": "right",
            "color": [
              230,
              253,
              209
            ]
          },
          {
            "x": 131,
            "y": 131.74517746186348,
            "side": "right",
            "color": [
              107,
              145,
              208
            ]
          }
        ]
      },
      {
        "frame_idx": 16,
        "left_objects": 3,
        "right_objects": 3,
        "total_objects": 6,
        "objects": [
          {
            "x": 34,
            "y": 113.83324894677006,
            "side": "left",
            "color": [
              133,
              130,
              198
            ]
          },
          {
            "x": 84,
            "y": 103.83324894677006,
            "side": "left",
            "color": [
              239,
              141,
              119
            ]
          },
          {
            "x": 63,
            "y": 99.83324894677006,
            "side": "left",
            "color": [
              160,
              115,
              211
            ]
          },
          {
            "x": 120,
            "y": 145.16675105322994,
            "side": "right",
            "color": [
              248,
              218,
              113
            ]
          },
          {
            "x": 209,
            "y": 118.16675105322994,
            "side": "right",
            "color": [
              230,
              253,
              209
            ]
          },
          {
            "x": 131,
            "y": 129.16675105322994,
            "side": "right",
            "color": [
              107,
              145,
              208
            ]
          }
        ]
      },
      {
        "frame_idx": 17,
        "left_objects": 3,
        "right_objects": 3,
        "total_objects": 6,
        "objects": [
          {
            "x": 34,
            "y": 116.41167535540359,
            "side": "left",
            "color": [
              133,
              130,
              198
            ]
          },
          {
            "x": 84,
            "y": 106.41167535540359,
            "side": "left",
            "color": [
              239,
              141,
              119
            ]
          },
          {
            "x": 63,
            "y": 102.41167535540359,
            "side": "left",
            "color": [
              160,
              115,
              211
            ]
          },
          {
            "x": 120,
            "y": 142.5883246445964,
            "side": "right",
            "color": [
              248,
              218,
              113
            ]
          },
          {
            "x": 209,
            "y": 115.58832464459641,
            "side": "right",
            "color": [
              230,
              253,
              209
            ]
          },
          {
            "x": 131,
            "y": 126.58832464459641,
            "side": "right",
            "color": [
              107,
              145,
              208
            ]
          }
        ]
      },
      {
        "frame_idx": 18,
        "left_objects": 3,
        "right_objects": 3,
        "total_objects": 6,
        "objects": [
          {
            "x": 34,
            "y": 118.99010176403712,
            "side": "left",
            "color": [
              133,
              130,
              198
            ]
          },
          {
            "x": 84,
            "y": 108.99010176403712,
            "side": "left",
            "color": [
              239,
              141,
              119
            ]
          },
          {
            "x": 63,
            "y": 104.99010176403712,
            "side": "left",
            "color": [
              160,
              115,
              211
            ]
          },
          {
            "x": 120,
            "y": 140.00989823596288,
            "side": "right",
            "color": [
              248,
              218,
              113
            ]
          },
          {
            "x": 209,
            "y": 113.00989823596288,
            "side": "right",
            "color": [
              230,
              253,
              209
            ]
          },
          {
            "x": 131,
            "y": 124.00989823596288,
            "side": "right",
            "color": [
              107,
              145,
              208
            ]
          }
        ]
      },
      {
        "frame_idx": 19,
        "left_objects": 3,
        "right_objects": 3,
        "total_objects": 6,
        "objects": [
          {
            "x": 34,
            "y": 121.56852817267065,
            "side": "left",
            "color": [
              133,
              130,
              198
            ]
          },
          {
            "x": 84,
            "y": 111.56852817267065,
            "side": "left",
            "color": [
              239,
              141,
              119
            ]
          },
          {
            "x": 63,
            "y": 107.56852817267065,
            "side": "left",
            "color": [
              160,
              115,
              211
            ]
          },
          {
            "x": 120,
            "y": 137.43147182732935,
            "side": "right",
            "color": [
              248,
              218,
              113
            ]
          },
          {
            "x": 209,
            "y": 110.43147182732935,
            "side": "right",
            "color": [
              230,
              253,
              209
            ]
          },
          {
            "x": 131,
            "y": 121.43147182732935,
            "side": "right",
            "color": [
              107,
              145,
              208
            ]
          }
        ]
      },
      {
        "frame_idx": 20,
        "left_objects": 3,
        "right_objects": 3,
        "total_objects": 6,
        "objects": [
          {
            "x": 34,
            "y": 124.14695458130419,
            "side": "left",
            "color": [
              133,
              130,
              198
            ]
          },
          {
            "x": 84,
            "y": 114.14695458130419,
            "side": "left",
            "color": [
              239,
              141,
              119
            ]
          },
          {
            "x": 63,
            "y": 110.14695458130419,
            "side": "left",
            "color": [
              160,
              115,
              211
            ]
          },
          {
            "x": 120,
            "y": 134.8530454186958,
            "side": "right",
            "color": [
              248,
              218,
              113
            ]
          },
          {
            "x": 209,
            "y": 107.85304541869581,
            "side": "right",
            "color": [
              230,
              253,
              209
            ]
          },
          {
            "x": 131,
            "y": 118.85304541869581,
            "side": "right",
            "color": [
              107,
              145,
              208
            ]
          }
        ]
      },
      {
        "frame_idx": 21,
        "left_objects": 3,
        "right_objects": 3,
        "total_objects": 6,
        "objects": [
          {
            "x": 34,
            "y": 126.72538098993772,
            "side": "left",
            "color": [
              133,
              130,
              198
            ]
          },
          {
            "x": 84,
            "y": 116.72538098993772,
            "side": "left",
            "color": [
              239,
              141,
              119
            ]
          },
          {
            "x": 63,
            "y": 112.72538098993772,
            "side": "left",
            "color": [
              160,
              115,
              211
            ]
          },
          {
            "x": 120,
            "y": 132.27461901006228,
            "side": "right",
            "color": [
              248,
              218,
              113
            ]
          },
          {
            "x": 209,
            "y": 105.27461901006228,
            "side": "right",
            "color": [
              230,
              253,
              209
            ]
          },
          {
            "x": 131,
            "y": 116.27461901006228,
            "side": "right",
            "color": [
              107,
              145,
              208
            ]
          }
        ]
      },
      {
        "frame_idx": 22,
        "left_objects": 3,
        "right_objects": 3,
        "total_objects": 6,
        "objects": [
          {
            "x": 34,
            "y": 129.30380739857125,
            "side": "left",
            "color": [
              133,
              130,
              198
            ]
          },
          {
            "x": 84,
            "y": 119.30380739857125,
            "side": "left",
            "color": [
              239,
              141,
              119
            ]
          },
          {
            "x": 63,
            "y": 115.30380739857125,
            "side": "left",
            "color": [
              160,
              115,
              211
            ]
          },
          {
            "x": 120,
            "y": 129.69619260142875,
            "side": "right",
            "color": [
              248,
              218,
              113
            ]
          },
          {
            "x": 209,
            "y": 102.69619260142875,
            "side": "right",
            "color": [
              230,
              253,
              209
            ]
          },
          {
            "x": 131,
            "y": 113.69619260142875,
            "side": "right",
            "color": [
              107,
              145,
              208
            ]
          }
        ]
      },
      {
        "frame_idx": 23,
        "left_objects": 3,
        "right_objects": 3,
        "total_objects": 6,
        "objects": [
          {
            "x": 34,
            "y": 131.88223380720478,
            "side": "left",
            "color": [
              133,
              130,
              198
            ]
          },
          {
            "x": 84,
            "y": 121.88223380720478,
            "side": "left",
            "color": [
              239,
              141,
              119
            ]
          },
          {
            "x": 63,
            "y": 117.88223380720478,
            "side": "left",
            "color": [
              160,
              115,
              211
            ]
          },
          {
            "x": 120,
            "y": 127.11776619279522,
            "side": "right",
            "color": [
              248,
              218,
              113
            ]
          },
          {
            "x": 209,
            "y": 100.11776619279522,
            "side": "right",
            "color": [
              230,
              253,
              209
            ]
          },
          {
            "x": 131,
            "y": 111.11776619279522,
            "side": "right",
            "color": [
              107,
              145,
              208
            ]
          }
        ]
      },
      {
        "frame_idx": 24,
        "left_objects": 3,
        "right_objects": 3,
        "total_objects": 6,
        "objects": [
          {
            "x": 34,
            "y": 134.46066021583832,
            "side": "left",
            "color": [
              133,
              130,
              198
            ]
          },
          {
            "x": 84,
            "y": 124.46066021583832,
            "side": "left",
            "color": [
              239,
              141,
              119
            ]
          },
          {
            "x": 63,
            "y": 120.46066021583832,
            "side": "left",
            "color": [
              160,
              115,
              211
            ]
          },
          {
            "x": 120,
            "y": 124.53933978416168,
            "side": "right",
            "color": [
              248,
              218,
              113
            ]
          },
          {
            "x": 209,
            "y": 97.53933978416168,
            "side": "right",
            "color": [
              230,
              253,
              209
            ]
          },
          {
            "x": 131,
            "y": 108.53933978416168,
            "side": "right",
            "color": [
              107,
              145,
              208
            ]
          }
        ]
      },
      {
        "frame_idx": 25,
        "left_objects": 3,
        "right_objects": 3,
        "total_objects": 6,
        "objects": [
          {
            "x": 34,
            "y": 137.03908662447185,
            "side": "left",
            "color": [
              133,
              130,
              198
            ]
          },
          {
            "x": 84,
            "y": 127.03908662447185,
            "side": "left",
            "color": [
              239,
              141,
              119
            ]
          },
          {
            "x": 63,
            "y": 123.03908662447185,
            "side": "left",
            "color": [
              160,
              115,
              211
            ]
          },
          {
            "x": 120,
            "y": 121.96091337552815,
            "side": "right",
            "color": [
              248,
              218,
              113
            ]
          },
          {
            "x": 209,
            "y": 94.96091337552815,
            "side": "right",
            "color": [
              230,
              253,
              209
            ]
          },
          {
            "x": 131,
            "y": 105.96091337552815,
            "side": "right",
            "color": [
              107,
              145,
              208
            ]
          }
        ]
      },
      {
        "frame_idx": 26,
        "left_objects": 3,
        "right_objects": 3,
        "total_objects": 6,
        "objects": [
          {
            "x": 34,
            "y": 139.61751303310538,
            "side": "left",
            "color": [
              133,
              130,
              198
            ]
          },
          {
            "x": 84,
            "y": 129.61751303310538,
            "side": "left",
            "color": [
              239,
              141,
              119
            ]
          },
          {
            "x": 63,
            "y": 125.61751303310538,
            "side": "left",
            "color": [
              160,
              115,
              211
            ]
          },
          {
            "x": 120,
            "y": 119.38248696689462,
            "side": "right",
            "color": [
              248,
              218,
              113
            ]
          },
          {
            "x": 209,
            "y": 92.38248696689462,
            "side": "right",
            "color": [
              230,
              253,
              209
            ]
          },
          {
            "x": 131,
            "y": 103.38248696689462,
            "side": "right",
            "color": [
              107,
              145,
              208
            ]
          }
        ]
      },
      {
        "frame_idx": 27,
        "left_objects": 3,
        "right_objects": 3,
        "total_objects": 6,
        "objects": [
          {
            "x": 34,
            "y": 142.19593944173891,
            "side": "left",
            "color": [
              133,
              130,
              198
            ]
          },
          {
            "x": 84,
            "y": 132.19593944173891,
            "side": "left",
            "color": [
              239,
              141,
              119
            ]
          },
          {
            "x": 63,
            "y": 128.19593944173891,
            "side": "left",
            "color": [
              160,
              115,
              211
            ]
          },
          {
            "x": 120,
            "y": 116.80406055826109,
            "side": "right",
            "color": [
              248,
              218,
              113
            ]
          },
          {
            "x": 209,
            "y": 89.80406055826109,
            "side": "right",
            "color": [
              230,
              253,
              209
            ]
          },
          {
            "x": 131,
            "y": 100.80406055826109,
            "side": "right",
            "color": [
              107,
              145,
              208
            ]
          }
        ]
      },
      {
        "frame_idx": 28,
        "left_objects": 3,
        "right_objects": 3,
        "total_objects": 6,
        "objects": [
          {
            "x": 34,
            "y": 144.77436585037245,
            "side": "left",
            "color": [
              133,
              130,
              198
            ]
          },
          {
            "x": 84,
            "y": 134.77436585037245,
            "side": "left",
            "color": [
              239,
              141,
              119
            ]
          },
          {
            "x": 63,
            "y": 130.77436585037245,
            "side": "left",
            "color": [
              160,
              115,
              211
            ]
          },
          {
            "x": 120,
            "y": 114.22563414962755,
            "side": "right",
            "color": [
              248,
              218,
              113
            ]
          },
          {
            "x": 209,
            "y": 87.22563414962755,
            "side": "right",
            "color": [
              230,
              253,
              209
            ]
          },
          {
            "x": 131,
            "y": 98.22563414962755,
            "side": "right",
            "color": [
              107,
              145,
              208
            ]
          }
        ]
      },
      {
        "frame_idx": 29,
        "left_objects": 3,
        "right_objects": 3,
        "total_objects": 6,
        "objects": [
          {
            "x": 34,
            "y": 147.35279225900598,
            "side": "left",
            "color": [
              133,
              130,
              198
            ]
          },
          {
            "x": 84,
            "y": 137.35279225900598,
            "side": "left",
            "color": [
              239,
              141,
              119
            ]
          },
          {
            "x": 63,
            "y": 133.35279225900598,
            "side": "left",
            "color": [
              160,
              115,
              211
            ]
          },
          {
            "x": 120,
            "y": 111.64720774099402,
            "side": "right",
            "color": [
              248,
              218,
              113
            ]
          },
          {
            "x": 209,
            "y": 84.64720774099402,
            "side": "right",
            "color": [
              230,
              253,
              209
            ]
          },
          {
            "x": 131,
            "y": 95.64720774099402,
            "side": "right",
            "color": [
              107,
              145,
              208
            ]
          }
        ]
      },
      {
        "frame_idx": 30,
        "left_objects": 3,
        "right_objects": 3,
        "total_objects": 6,
        "objects": [
          {
            "x": 34,
            "y": 149.9312186676395,
            "side": "left",
            "color": [
              133,
              130,
              198
            ]
          },
          {
            "x": 84,
            "y": 139.9312186676395,
            "side": "left",
            "color": [
              239,
              141,
              119
            ]
          },
          {
            "x": 63,
            "y": 135.9312186676395,
            "side": "left",
            "color": [
              160,
              115,
              211
            ]
          },
          {
            "x": 120,
            "y": 109.06878133236049,
            "side": "right",
            "color": [
              248,
              218,
              113
            ]
          },
          {
            "x": 209,
            "y": 82.06878133236049,
            "side": "right",
            "color": [
              230,
              253,
              209
            ]
          },
          {
            "x": 131,
            "y": 93.06878133236049,
            "side": "right",
            "color": [
              107,
              145,
              208
            ]
          }
        ]
      },
      {
        "frame_idx": 31,
        "left_objects": 3,
        "right_objects": 3,
        "total_objects": 6,
        "objects": [
          {
            "x": 34,
            "y": 152.50964507627305,
            "side": "left",
            "color": [
              133,
              130,
              198
            ]
          },
          {
            "x": 84,
            "y": 142.50964507627305,
            "side": "left",
            "color": [
              239,
              141,
              119
            ]
          },
          {
            "x": 63,
            "y": 138.50964507627305,
            "side": "left",
            "color": [
              160,
              115,
              211
            ]
          },
          {
            "x": 120,
            "y": 106.49035492372695,
            "side": "right",
            "color": [
              248,
              218,
              113
            ]
          },
          {
            "x": 209,
            "y": 79.49035492372695,
            "side": "right",
            "color": [
              230,
              253,
              209
            ]
          },
          {
            "x": 131,
            "y": 90.49035492372695,
            "side": "right",
            "color": [
              107,
              145,
              208
            ]
          }
        ]
      },
      {
        "frame_idx": 32,
        "left_objects": 3,
        "right_objects": 3,
        "total_objects": 6,
        "objects": [
          {
            "x": 34,
            "y": 155.08807148490658,
            "side": "left",
            "color": [
              133,
              130,
              198
            ]
          },
          {
            "x": 84,
            "y": 145.08807148490658,
            "side": "left",
            "color": [
              239,
              141,
              119
            ]
          },
          {
            "x": 63,
            "y": 141.08807148490658,
            "side": "left",
            "color": [
              160,
              115,
              211
            ]
          },
          {
            "x": 120,
            "y": 103.91192851509342,
            "side": "right",
            "color": [
              248,
              218,
              113
            ]
          },
          {
            "x": 209,
            "y": 76.91192851509342,
            "side": "right",
            "color": [
              230,
              253,
              209
            ]
          },
          {
            "x": 131,
            "y": 87.91192851509342,
            "side": "right",
            "color": [
              107,
              145,
              208
            ]
          }
        ]
      },
      {
        "frame_idx": 33,
        "left_objects": 3,
        "right_objects": 3,
        "total_objects": 6,
        "objects": [
          {
            "x": 34,
            "y": 157.6664978935401,
            "side": "left",
            "color": [
              133,
              130,
              198
            ]
          },
          {
            "x": 84,
            "y": 147.6664978935401,
            "side": "left",
            "color": [
              239,
              141,
              119
            ]
          },
          {
            "x": 63,
            "y": 143.6664978935401,
            "side": "left",
            "color": [
              160,
              115,
              211
            ]
          },
          {
            "x": 120,
            "y": 101.33350210645989,
            "side": "right",
            "color": [
              248,
              218,
              113
            ]
          },
          {
            "x": 209,
            "y": 74.33350210645989,
            "side": "right",
            "color": [
              230,
              253,
              209
            ]
          },
          {
            "x": 131,
            "y": 85.33350210645989,
            "side": "right",
            "color": [
              107,
              145,
              208
            ]
          }
        ]
      },
      {
        "frame_idx": 34,
        "left_objects": 3,
        "right_objects": 3,
        "total_objects": 6,
        "objects": [
          {
            "x": 34,
            "y": 160.24492430217364,
            "side": "left",
            "color": [
              133,
              130,
              198
            ]
          },
          {
            "x": 84,
            "y": 150.24492430217364,
            "side": "left",
            "color": [
              239,
              141,
              119
            ]
          },
          {
            "x": 63,
            "y": 146.24492430217364,
            "side": "left",
            "color": [
              160,
              115,
              211
            ]
          },
          {
            "x": 120,
            "y": 98.75507569782636,
            "side": "right",
            "color": [
              248,
              218,
              113
            ]
          },
          {
            "x": 209,
            "y": 71.75507569782636,
            "side": "right",
            "color": [
              230,
              253,
              209
            ]
          },
          {
            "x": 131,
            "y": 82.75507569782636,
            "side": "right",
            "color": [
              107,
              145,
              208
            ]
          }
        ]
      },
      {
        "frame_idx": 35,
        "left_objects": 3,
        "right_objects": 3,
        "total_objects": 6,
        "objects": [
          {
            "x": 34,
            "y": 162.82335071080718,
            "side": "left",
            "color": [
              133,
              130,
              198
            ]
          },
          {
            "x": 84,
            "y": 152.82335071080718,
            "side": "left",
            "color": [
              239,
              141,
              119
            ]
          },
          {
            "x": 63,
            "y": 148.82335071080718,
            "side": "left",
            "color": [
              160,
              115,
              211
            ]
          },
          {
            "x": 120,
            "y": 96.17664928919282,
            "side": "right",
            "color": [
              248,
              218,
              113
            ]
          },
          {
            "x": 209,
            "y": 69.17664928919282,
            "side": "right",
            "color": [
              230,
              253,
              209
            ]
          },
          {
            "x": 131,
            "y": 80.17664928919282,
            "side": "right",
            "color": [
              107,
              145,
              208
            ]
          }
        ]
      },
      {
        "frame_idx": 36,
        "left_objects": 3,
        "right_objects": 3,
        "total_objects": 6,
        "objects": [
          {
            "x": 34,
            "y": 165.4017771194407,
            "side": "left",
            "color": [
              133,
              130,
              198
            ]
          },
          {
            "x": 84,
            "y": 155.4017771194407,
            "side": "left",
            "color": [
              239,
              141,
              119
            ]
          },
          {
            "x": 63,
            "y": 151.4017771194407,
            "side": "left",
            "color": [
              160,
              115,
              211
            ]
          },
          {
            "x": 120,
            "y": 93.59822288055929,
            "side": "right",
            "color": [
              248,
              218,
              113
            ]
          },
          {
            "x": 209,
            "y": 66.59822288055929,
            "side": "right",
            "color": [
              230,
              253,
              209
            ]
          },
          {
            "x": 131,
            "y": 77.59822288055929,
            "side": "right",
            "color": [
              107,
              145,
              208
            ]
          }
        ]
      },
      {
        "frame_idx": 37,
        "left_objects": 3,
        "right_objects": 3,
        "total_objects": 6,
        "objects": [
          {
            "x": 34,
            "y": 167.98020352807424,
            "side": "left",
            "color": [
              133,
              130,
              198
            ]
          },
          {
            "x": 84,
            "y": 157.98020352807424,
            "side": "left",
            "color": [
              239,
              141,
              119
            ]
          },
          {
            "x": 63,
            "y": 153.98020352807424,
            "side": "left",
            "color": [
              160,
              115,
              211
            ]
          },
          {
            "x": 120,
            "y": 91.01979647192576,
            "side": "right",
            "color": [
              248,
              218,
              113
            ]
          },
          {
            "x": 209,
            "y": 64.01979647192576,
            "side": "right",
            "color": [
              230,
              253,
              209
            ]
          },
          {
            "x": 131,
            "y": 75.01979647192576,
            "side": "right",
            "color": [
              107,
              145,
              208
            ]
          }
        ]
      },
      {
        "frame_idx": 38,
        "left_objects": 3,
        "right_objects": 3,
        "total_objects": 6,
        "objects": [
          {
            "x": 34,
            "y": 170.55862993670777,
            "side": "left",
            "color": [
              133,
              130,
              198
            ]
          },
          {
            "x": 84,
            "y": 160.55862993670777,
            "side": "left",
            "color": [
              239,
              141,
              119
            ]
          },
          {
            "x": 63,
            "y": 156.55862993670777,
            "side": "left",
            "color": [
              160,
              115,
              211
            ]
          },
          {
            "x": 120,
            "y": 88.44137006329223,
            "side": "right",
            "color": [
              248,
              218,
              113
            ]
          },
          {
            "x": 209,
            "y": 61.441370063292226,
            "side": "right",
            "color": [
              230,
              253,
              209
            ]
          },
          {
            "x": 131,
            "y": 72.44137006329223,
            "side": "right",
            "color": [
              107,
              145,
              208
            ]
          }
        ]
      },
      {
        "frame_idx": 39,
        "left_objects": 3,
        "right_objects": 3,
        "total_objects": 6,
        "objects": [
          {
            "x": 34,
            "y": 173.1370563453413,
            "side": "left",
            "color": [
              133,
              130,
              198
            ]
          },
          {
            "x": 84,
            "y": 163.1370563453413,
            "side": "left",
            "color": [
              239,
              141,
              119
            ]
          },
          {
            "x": 63,
            "y": 159.1370563453413,
            "side": "left",
            "color": [
              160,
              115,
              211
            ]
          },
          {
            "x": 120,
            "y": 85.8629436546587,
            "side": "right",
            "color": [
              248,
              218,
              113
            ]
          },
          {
            "x": 209,
            "y": 58.86294365465869,
            "side": "right",
            "color": [
              230,
              253,
              209
            ]
          },
          {
            "x": 131,
            "y": 69.8629436546587,
            "side": "right",
            "color": [
              107,
              145,
              208
            ]
          }
        ]
      },
      {
        "frame_idx": 40,
        "left_objects": 3,
        "right_objects": 3,
        "total_objects": 6,
        "objects": [
          {
            "x": 34,
            "y": 175.71548275397484,
            "side": "left",
            "color": [
              133,
              130,
              198
            ]
          },
          {
            "x": 84,
            "y": 165.71548275397484,
            "side": "left",
            "color": [
              239,
              141,
              119
            ]
          },
          {
            "x": 63,
            "y": 161.71548275397484,
            "side": "left",
            "color": [
              160,
              115,
              211
            ]
          },
          {
            "x": 120,
            "y": 83.28451724602516,
            "side": "right",
            "color": [
              248,
              218,
              113
            ]
          },
          {
            "x": 209,
            "y": 56.28451724602516,
            "side": "right",
            "color": [
              230,
              253,
              209
            ]
          },
          {
            "x": 131,
            "y": 67.28451724602516,
            "side": "right",
            "color": [
              107,
              145,
              208
            ]
          }
        ]
      },
      {
        "frame_idx": 41,
        "left_objects": 3,
        "right_objects": 3,
        "total_objects": 6,
        "objects": [
          {
            "x": 34,
            "y": 178.29390916260837,
            "side": "left",
            "color": [
              133,
              130,
              198
            ]
          },
          {
            "x": 84,
            "y": 168.29390916260837,
            "side": "left",
            "color": [
              239,
              141,
              119
            ]
          },
          {
            "x": 63,
            "y": 164.29390916260837,
            "side": "left",
            "color": [
              160,
              115,
              211
            ]
          },
          {
            "x": 120,
            "y": 80.70609083739163,
            "side": "right",
            "color": [
              248,
              218,
              113
            ]
          },
          {
            "x": 209,
            "y": 53.70609083739163,
            "side": "right",
            "color": [
              230,
              253,
              209
            ]
          },
          {
            "x": 131,
            "y": 64.70609083739163,
            "side": "right",
            "color": [
              107,
              145,
              208
            ]
          }
        ]
      },
      {
        "frame_idx": 42,
        "left_objects": 3,
        "right_objects": 3,
        "total_objects": 6,
        "objects": [
          {
            "x": 34,
            "y": 180.8723355712419,
            "side": "left",
            "color": [
              133,
              130,
              198
            ]
          },
          {
            "x": 84,
            "y": 170.8723355712419,
            "side": "left",
            "color": [
              239,
              141,
              119
            ]
          },
          {
            "x": 63,
            "y": 166.8723355712419,
            "side": "left",
            "color": [
              160,
              115,
              211
            ]
          },
          {
            "x": 120,
            "y": 78.1276644287581,
            "side": "right",
            "color": [
              248,
              218,
              113
            ]
          },
          {
            "x": 209,
            "y": 51.127664428758095,
            "side": "right",
            "color": [
              230,
              253,
              209
            ]
          },
          {
            "x": 131,
            "y": 62.127664428758095,
            "side": "right",
            "color": [
              107,
              145,
              208
            ]
          }
        ]
      },
      {
        "frame_idx": 43,
        "left_objects": 3,
        "right_objects": 3,
        "total_objects": 6,
        "objects": [
          {
            "x": 34,
            "y": 183.45076197987544,
            "side": "left",
            "color": [
              133,
              130,
              198
            ]
          },
          {
            "x": 84,
            "y": 173.45076197987544,
            "side": "left",
            "color": [
              239,
              141,
              119
            ]
          },
          {
            "x": 63,
            "y": 169.45076197987544,
            "side": "left",
            "color": [
              160,
              115,
              211
            ]
          },
          {
            "x": 120,
            "y": 75.54923802012456,
            "side": "right",
            "color": [
              248,
              218,
              113
            ]
          },
          {
            "x": 209,
            "y": 48.54923802012456,
            "side": "right",
            "color": [
              230,
              253,
              209
            ]
          },
          {
            "x": 131,
            "y": 59.54923802012456,
            "side": "right",
            "color": [
              107,
              145,
              208
            ]
          }
        ]
      },
      {
        "frame_idx": 44,
        "left_objects": 3,
        "right_objects": 3,
        "total_objects": 6,
        "objects": [
          {
            "x": 34,
            "y": 186.02918838850897,
            "side": "left",
            "color": [
              133,
              130,
              198
            ]
          },
          {
            "x": 84,
            "y": 176.02918838850897,
            "side": "left",
            "color": [
              239,
              141,
              119
            ]
          },
          {
            "x": 63,
            "y": 172.02918838850897,
            "side": "left",
            "color": [
              160,
              115,
              211
            ]
          },
          {
            "x": 120,
            "y": 72.97081161149103,
            "side": "right",
            "color": [
              248,
              218,
              113
            ]
          },
          {
            "x": 209,
            "y": 45.97081161149103,
            "side": "right",
            "color": [
              230,
              253,
              209
            ]
          },
          {
            "x": 131,
            "y": 56.97081161149103,
            "side": "right",
            "color": [
              107,
              145,
              208
            ]
          }
        ]
      },
      {
        "frame_idx": 45,
        "left_objects": 3,
        "right_objects": 3,
        "total_objects": 6,
        "objects": [
          {
            "x": 34,
            "y": 188.6076147971425,
            "side": "left",
            "color": [
              133,
              130,
              198
            ]
          },
          {
            "x": 84,
            "y": 178.6076147971425,
            "side": "left",
            "color": [
              239,
              141,
              119
            ]
          },
          {
            "x": 63,
            "y": 174.6076147971425,
            "side": "left",
            "color": [
              160,
              115,
              211
            ]
          },
          {
            "x": 120,
            "y": 70.3923852028575,
            "side": "right",
            "color": [
              248,
              218,
              113
            ]
          },
          {
            "x": 209,
            "y": 43.3923852028575,
            "side": "right",
            "color": [
              230,
              253,
              209
            ]
          },
          {
            "x": 131,
            "y": 54.3923852028575,
            "side": "right",
            "color": [
              107,
              145,
              208
            ]
          }
        ]
      },
      {
        "frame_idx": 46,
        "left_objects": 3,
        "right_objects": 3,
        "total_objects": 6,
        "objects": [
          {
            "x": 34,
            "y": 191.18604120577604,
            "side": "left",
            "color": [
              133,
              130,
              198
            ]
          },
          {
            "x": 84,
            "y": 181.18604120577604,
            "side": "left",
            "color": [
              239,
              141,
              119
            ]
          },
          {
            "x": 63,
            "y": 177.18604120577604,
            "side": "left",
            "color": [
              160,
              115,
              211
            ]
          },
          {
            "x": 120,
            "y": 67.81395879422396,
            "side": "right",
            "color": [
              248,
              218,
              113
            ]
          },
          {
            "x": 209,
            "y": 40.813958794223964,
            "side": "right",
            "color": [
              230,
              253,
              209
            ]
          },
          {
            "x": 131,
            "y": 51.813958794223964,
            "side": "right",
            "color": [
              107,
              145,
              208
            ]
          }
        ]
      },
      {
        "frame_idx": 47,
        "left_objects": 3,
        "right_objects": 3,
        "total_objects": 6,
        "objects": [
          {
            "x": 34,
            "y": 193.76446761440957,
            "side": "left",
            "color": [
              133,
              130,
              198
            ]
          },
          {
            "x": 84,
            "y": 183.76446761440957,
            "side": "left",
            "color": [
              239,
              141,
              119
            ]
          },
          {
            "x": 63,
            "y": 179.76446761440957,
            "side": "left",
            "color": [
              160,
              115,
              211
            ]
          },
          {
            "x": 120,
            "y": 65.23553238559043,
            "side": "right",
            "color": [
              248,
              218,
              113
            ]
          },
          {
            "x": 209,
            "y": 38.23553238559043,
            "side": "right",
            "color": [
              230,
              253,
              209
            ]
          },
          {
            "x": 131,
            "y": 49.23553238559043,
            "side": "right",
            "color": [
              107,
              145,
              208
            ]
          }
        ]
      },
      {
        "frame_idx": 48,
        "left_objects": 3,
        "right_objects": 3,
        "total_objects": 6,
        "objects": [
          {
            "x": 34,
            "y": 196.3428940230431,
            "side": "left",
            "color": [
              133,
              130,
              198
            ]
          },
          {
            "x": 84,
            "y": 186.3428940230431,
            "side": "left",
            "color": [
              239,
              141,
              119
            ]
          },
          {
            "x": 63,
            "y": 182.3428940230431,
            "side": "left",
            "color": [
              160,
              115,
              211
            ]
          },
          {
            "x": 120,
            "y": 62.6571059769569,
            "side": "right",
            "color": [
              248,
              218,
              113
            ]
          },
          {
            "x": 209,
            "y": 35.6571059769569,
            "side": "right",
            "color": [
              230,
              253,
              209
            ]
          },
          {
            "x": 131,
            "y": 46.6571059769569,
            "side": "right",
            "color": [
              107,
              145,
              208
            ]
          }
        ]
      },
      {
        "frame_idx": 49,
        "left_objects": 3,
        "right_objects": 3,
        "total_objects": 6,
        "objects": [
          {
            "x": 34,
            "y": 198.92132043167663,
            "side": "left",
            "color": [
              133,
              130,
              198
            ]
          },
          {
            "x": 84,
            "y": 188.92132043167663,
            "side": "left",
            "color": [
              239,
              141,
              119
            ]
          },
          {
            "x": 63,
            "y": 184.92132043167663,
            "side": "left",
            "color": [
              160,
              115,
              211
            ]
          },
          {
            "x": 120,
            "y": 60.078679568323366,
            "side": "right",
            "color": [
              248,
              218,
              113
            ]
          },
          {
            "x": 209,
            "y": 33.078679568323366,
            "side": "right",
            "color": [
              230,
              253,
              209
            ]
          },
          {
            "x": 131,
            "y": 44.078679568323366,
            "side": "right",
            "color": [
              107,
              145,
              208
            ]
          }
        ]
      },
      {
        "frame_idx": 50,
        "left_objects": 3,
        "right_objects": 3,
        "total_objects": 6,
        "objects": [
          {
            "x": 34,
            "y": 201.49974684031017,
            "side": "left",
            "color": [
              133,
              130,
              198
            ]
          },
          {
            "x": 84,
            "y": 191.49974684031017,
            "side": "left",
            "color": [
              239,
              141,
              119
            ]
          },
          {
            "x": 63,
            "y": 187.49974684031017,
            "side": "left",
            "color": [
              160,
              115,
              211
            ]
          },
          {
            "x": 120,
            "y": 57.500253159689834,
            "side": "right",
            "color": [
              248,
              218,
              113
            ]
          },
          {
            "x": 209,
            "y": 30.500253159689837,
            "side": "right",
            "color": [
              230,
              253,
              209
            ]
          },
          {
            "x": 131,
            "y": 41.500253159689834,
            "side": "right",
            "color": [
              107,
              145,
              208
            ]
          }
        ]
      },
      {
        "frame_idx": 51,
        "left_objects": 3,
        "right_objects": 3,
        "total_objects": 6,
        "objects": [
          {
            "x": 34,
            "y": 204.0781732489437,
            "side": "left",
            "color": [
              133,
              130,
              198
            ]
          },
          {
            "x": 84,
            "y": 194.0781732489437,
            "side": "left",
            "color": [
              239,
              141,
              119
            ]
          },
          {
            "x": 63,
            "y": 190.0781732489437,
            "side": "left",
            "color": [
              160,
              115,
              211
            ]
          },
          {
            "x": 120,
            "y": 54.9218267510563,
            "side": "right",
            "color": [
              248,
              218,
              113
            ]
          },
          {
            "x": 209,
            "y": 27.921826751056308,
            "side": "right",
            "color": [
              230,
              253,
              209
            ]
          },
          {
            "x": 131,
            "y": 38.9218267510563,
            "side": "right",
            "color": [
              107,
              145,
              208
            ]
          }
        ]
      },
      {
        "frame_idx": 52,
        "left_objects": 3,
        "right_objects": 3,
        "total_objects": 6,
        "objects": [
          {
            "x": 34,
            "y": 206.65659965757723,
            "side": "left",
            "color": [
              133,
              130,
              198
            ]
          },
          {
            "x": 84,
            "y": 196.65659965757723,
            "side": "left",
            "color": [
              239,
              141,
              119
            ]
          },
          {
            "x": 63,
            "y": 192.65659965757723,
            "side": "left",
            "color": [
              160,
              115,
              211
            ]
          },
          {
            "x": 120,
            "y": 52.34340034242277,
            "side": "right",
            "color": [
              248,
              218,
              113
            ]
          },
          {
            "x": 209,
            "y": 25.34340034242278,
            "side": "right",
            "color": [
              230,
              253,
              209
            ]
          },
          {
            "x": 131,
            "y": 36.34340034242277,
            "side": "right",
            "color": [
              107,
              145,
              208
            ]
          }
        ]
      },
      {
        "frame_idx": 53,
        "left_objects": 3,
        "right_objects": 3,
        "total_objects": 6,
        "objects": [
          {
            "x": 34,
            "y": 209.23502606621076,
            "side": "left",
            "color": [
              133,
              130,
              198
            ]
          },
          {
            "x": 84,
            "y": 199.23502606621076,
            "side": "left",
            "color": [
              239,
              141,
              119
            ]
          },
          {
            "x": 63,
            "y": 195.23502606621076,
            "side": "left",
            "color": [
              160,
              115,
              211
            ]
          },
          {
            "x": 120,
            "y": 49.764973933789236,
            "side": "right",
            "color": [
              248,
              218,
              113
            ]
          },
          {
            "x": 209,
            "y": 22.76497393378925,
            "side": "right",
            "color": [
              230,
              253,
              209
            ]
          },
          {
            "x": 131,
            "y": 33.764973933789236,
            "side": "right",
            "color": [
              107,
              145,
              208
            ]
          }
        ]
      },
      {
        "frame_idx": 54,
        "left_objects": 3,
        "right_objects": 3,
        "total_objects": 6,
        "objects": [
          {
            "x": 34,
            "y": 211.8134524748443,
            "side": "left",
            "color": [
              133,
              130,
              198
            ]
          },
          {
            "x": 84,
            "y": 201.8134524748443,
            "side": "left",
            "color": [
              239,
              141,
              119
            ]
          },
          {
            "x": 63,
            "y": 197.8134524748443,
            "side": "left",
            "color": [
              160,
              115,
              211
            ]
          },
          {
            "x": 120,
            "y": 47.1865475251557,
            "side": "right",
            "color": [
              248,
              218,
              113
            ]
          },
          {
            "x": 209,
            "y": 20.18654752515572,
            "side": "right",
            "color": [
              230,
              253,
              209
            ]
          },
          {
            "x": 131,
            "y": 31.186547525155706,
            "side": "right",
            "color": [
              107,
              145,
              208
            ]
          }
        ]
      },
      {
        "frame_idx": 55,
        "left_objects": 3,
        "right_objects": 3,
        "total_objects": 6,
        "objects": [
          {
            "x": 34,
            "y": 214.39187888347783,
            "side": "left",
            "color": [
              133,
              130,
              198
            ]
          },
          {
            "x": 84,
            "y": 204.39187888347783,
            "side": "left",
            "color": [
              239,
              141,
              119
            ]
          },
          {
            "x": 63,
            "y": 200.39187888347783,
            "side": "left",
            "color": [
              160,
              115,
              211
            ]
          },
          {
            "x": 120,
            "y": 44.60812111652217,
            "side": "right",
            "color": [
              248,
              218,
              113
            ]
          },
          {
            "x": 209,
            "y": 17.60812111652219,
            "side": "right",
            "color": [
              230,
              253,
              209
            ]
          },
          {
            "x": 131,
            "y": 28.608121116522177,
            "side": "right",
            "color": [
              107,
              145,
              208
            ]
          }
        ]
      },
      {
        "frame_idx": 56,
        "left_objects": 3,
        "right_objects": 3,
        "total_objects": 6,
        "objects": [
          {
            "x": 34,
            "y": 216.97030529211136,
            "side": "left",
            "color": [
              133,
              130,
              198
            ]
          },
          {
            "x": 84,
            "y": 206.97030529211136,
            "side": "left",
            "color": [
              239,
              141,
              119
            ]
          },
          {
            "x": 63,
            "y": 202.97030529211136,
            "side": "left",
            "color": [
              160,
              115,
              211
            ]
          },
          {
            "x": 120,
            "y": 42.02969470788864,
            "side": "right",
            "color": [
              248,
              218,
              113
            ]
          },
          {
            "x": 209,
            "y": 15.029694707888662,
            "side": "right",
            "color": [
              230,
              253,
              209
            ]
          },
          {
            "x": 131,
            "y": 26.02969470788865,
            "side": "right",
            "color": [
              107,
              145,
              208
            ]
          }
        ]
      },
      {
        "frame_idx": 57,
        "left_objects": 3,
        "right_objects": 3,
        "total_objects": 6,
        "objects": [
          {
            "x": 34,
            "y": 219.5487317007449,
            "side": "left",
            "color": [
              133,
              130,
              198
            ]
          },
          {
            "x": 84,
            "y": 209.5487317007449,
            "side": "left",
            "color": [
              239,
              141,
              119
            ]
          },
          {
            "x": 63,
            "y": 205.5487317007449,
            "side": "left",
            "color": [
              160,
              115,
              211
            ]
          },
          {
            "x": 120,
            "y": 39.451268299255105,
            "side": "right",
            "color": [
              248,
              218,
              113
            ]
          },
          {
            "x": 209,
            "y": 12.451268299255133,
            "side": "right",
            "color": [
              230,
              253,
              209
            ]
          },
          {
            "x": 131,
            "y": 23.45126829925512,
            "side": "right",
            "color": [
              107,
              145,
              208
            ]
          }
        ]
      },
      {
        "frame_idx": 58,
        "left_objects": 3,
        "right_objects": 3,
        "total_objects": 6,
        "objects": [
          {
            "x": 34,
            "y": 222.12715810937843,
            "side": "left",
            "color": [
              133,
              130,
              198
            ]
          },
          {
            "x": 84,
            "y": 212.12715810937843,
            "side": "left",
            "color": [
              239,
              141,
              119
            ]
          },
          {
            "x": 63,
            "y": 208.12715810937843,
            "side": "left",
            "color": [
              160,
              115,
              211
            ]
          },
          {
            "x": 120,
            "y": 36.87284189062157,
            "side": "right",
            "color": [
              248,
              218,
              113
            ]
          },
          {
            "x": 209,
            "y": 9.872841890621604,
            "side": "right",
            "color": [
              230,
              253,
              209
            ]
          },
          {
            "x": 131,
            "y": 20.87284189062159,
            "side": "right",
            "color": [
              107,
              145,
              208
            ]
          }
        ]
      },
      {
        "frame_idx": 59,
        "left_objects": 3,
        "right_objects": 3,
        "total_objects": 6,
        "objects": [
          {
            "x": 34,
            "y": 224.70558451801196,
            "side": "left",
            "color": [
              133,
              130,
              198
            ]
          },
          {
            "x": 84,
            "y": 214.70558451801196,
            "side": "left",
            "color": [
              239,
              141,
              119
            ]
          },
          {
            "x": 63,
            "y": 210.70558451801196,
            "side": "left",
            "color": [
              160,
              115,
              211
            ]
          },
          {
            "x": 120,
            "y": 34.29441548198804,
            "side": "right",
            "color": [
              248,
              218,
              113
            ]
          },
          {
            "x": 209,
            "y": 7.294415481988075,
            "side": "right",
            "color": [
              230,
              253,
              209
            ]
          },
          {
            "x": 131,
            "y": 18.29441548198806,
            "side": "right",
            "color": [
              107,
              145,
              208
            ]
          }
        ]
      }
    ]
  }
}