{
  "sample_id": "observation_000006_283555",
  "sample_type": "observation",
  "scenario": "sparse",
  "params": {
    "width": 224,
    "height": 224,
    "left_objects": 2,
    "right_objects": 4,
    "velocity": 1.7900981968879333,
    "object_radius": 12
  },
  "generation_info": {
    "timestamp": "2025-11-07T17:35:58.595805",
    "seed": 615738,
    "generator_version": "1.0"
  },
  "video_stats": {
    "num_frames": 60,
    "frame_size": [
      224,
      224,
      3
    ],
    "duration_seconds": 6.0
  },
  "quality_analysis": {
    "quality": "good",
    "movement_score": 6.0,
    "avg_objects": 6.0,
    "issues": []
  },
  "physics_simulation": {
    "num_frames": 60,
    "fps": 10,
    "resolution": [
      224,
      224
    ],
    "left_objects": 2,
    "right_objects": 4,
    "object_radius": 12,
    "velocity": 1.7900981968879333,
    "frames": [
      {
        "frame_idx": 0,
        "left_objects": 2,
        "right_objects": 4,
        "total_objects": 6,
        "objects": [
          {
            "x": 34,
            "y": 48.79009819688793,
            "side": "left",
            "color": [
              218,
              185,
              179
            ]
          },
          {
            "x": 50,
            "y": 27.790098196887932,
            "side": "left",
            "color": [
              210,
              204,
              190
            ]
          },
          {
            "x": 145,
            "y": 174.20990180311207,
            "side": "right",
            "color": [
              218,
              173,
              126
            ]
          },
          {
            "x": 171,
            "y": 193.20990180311207,
            "side": "right",
            "color": [
              251,
              161,
              193
            ]
          },
          {
            "x": 174,
            "y": 158.20990180311207,
            "side": "right",
            "color": [
              197,
              238,
              179
            ]
          },
          {
            "x": 207,
            "y": 191.20990180311207,
            "side": "right",
            "color": [
              254,
              125,
              175
            ]
          }
        ]
      },
      {
        "frame_idx": 1,
        "left_objects": 2,
        "right_objects": 4,
        "total_objects": 6,
        "objects": [
          {
            "x": 34,
            "y": 50.580196393775864,
            "side": "left",
            "color": [
              218,
              185,
              179
            ]
          },
          {
            "x": 50,
            "y": 29.580196393775864,
            "side": "left",
            "color": [
              210,
              204,
              190
            ]
          },
          {
            "x": 145,
            "y": 172.41980360622415,
            "side": "right",
            "color": [
              218,
              173,
              126
            ]
          },
          {
            "x": 171,
            "y": 191.41980360622415,
            "side": "right",
            "color": [
              251,
              161,
              193
            ]
          },
          {
            "x": 174,
            "y": 156.41980360622415,
            "side": "right",
            "color": [
              197,
              238,
              179
            ]
          },
          {
            "x": 207,
            "y": 189.41980360622415,
            "side": "right",
            "color": [
              254,
              125,
              175
            ]
          }
        ]
      },
      {
        "frame_idx": 2,
        "left_objects": 2,
        "right_objects": 4,
        "total_objects": 6,
        "objects": [
          {
            "x": 34,
            "y": 52.370294590663796,
            "side": "left",
            "color": [
              218,
              185,
              179
            ]
          },
          {
            "x": 50,
            "y": 31.370294590663796,
            "side": "left",
            "color": [
              210,
              204,
              190
            ]
          },
          {
            "x": 145,
            "y": 170.62970540933622,
            "side": "right",
            "color": [
              218,
              173,
              126
            ]
          },
          {
            "x": 171,
            "y": 189.62970540933622,
            "side": "right",
            "color": [
              251,
              161,
              193
            ]
          },
          {
            "x": 174,
            "y": 154.62970540933622,
            "side": "right",
            "color": [
              197,
              238,
              179
            ]
          },
          {
            "x": 207,
            "y": 187.62970540933622,
            "side": "right",
            "color": [
              254,
              125,
              175
            ]
          }
        ]
      },
      {
        "frame_idx": 3,
        "left_objects": 2,
        "right_objects": 4,
        "total_objects": 6,
        "objects": [
          {
            "x": 34,
            "y": 54.16039278755173,
            "side": "left",
            "color": [
              218,
              185,
              179
            ]
          },
          {
            "x": 50,
            "y": 33.16039278755173,
            "side": "left",
            "color": [
              210,
              204,
              190
            ]
          },
          {
            "x": 145,
            "y": 168.8396072124483,
            "side": "right",
            "color": [
              218,
              173,
              126
            ]
          },
          {
            "x": 171,
            "y": 187.8396072124483,
            "side": "right",
            "color": [
              251,
              161,
              193
            ]
          },
          {
            "x": 174,
            "y": 152.8396072124483,
            "side": "right",
            "color": [
              197,
              238,
              179
            ]
          },
          {
            "x": 207,
            "y": 185.8396072124483,
            "side": "right",
            "color": [
              254,
              125,
              175
            ]
          }
        ]
      },
      {
        "frame_idx": 4,
        "left_objects": 2,
        "right_objects": 4,
        "total_objects": 6,
        "objects": [
          {
            "x": 34,
            "y": 55.95049098443966,
            "side": "left",
            "color": [
              218,
              185,
              179
            ]
          },
          {
            "x": 50,
            "y": 34.95049098443966,
            "side": "left",
            "color": [
              210,
              204,
              190
            ]
          },
          {
            "x": 145,
            "y": 167.04950901556037,
            "side": "right",
            "color": [
              218,
              173,
              126
            ]
          },
          {
            "x": 171,
            "y": 186.04950901556037,
            "side": "right",
            "color": [
              251,
              161,
              193
            ]
          },
          {
            "x": 174,
            "y": 151.04950901556037,
            "side": "right",
            "color": [
              197,
              238,
              179
            ]
          },
          {
            "x": 207,
            "y": 184.04950901556037,
            "side": "right",
            "color": [
              254,
              125,
              175
            ]
          }
        ]
      },
      {
        "frame_idx": 5,
        "left_objects": 2,
        "right_objects": 4,
        "total_objects": 6,
        "objects": [
          {
            "x": 34,
            "y": 57.74058918132759,
            "side": "left",
            "color": [
              218,
              185,
              179
            ]
          },
          {
            "x": 50,
            "y": 36.74058918132759,
            "side": "left",
            "color": [
              210,
              204,
              190
            ]
          },
          {
            "x": 145,
            "y": 165.25941081867245,
            "side": "right",
            "color": [
              218,
              173,
              126
            ]
          },
          {
            "x": 171,
            "y": 184.25941081867245,
            "side": "right",
            "color": [
              251,
              161,
              193
            ]
          },
          {
            "x": 174,
            "y": 149.25941081867245,
            "side": "right",
            "color": [
              197,
              238,
              179
            ]
          },
          {
            "x": 207,
            "y": 182.25941081867245,
            "side": "right",
            "color": [
              254,
              125,
              175
            ]
          }
        ]
      },
      {
        "frame_idx": 6,
        "left_objects": 2,
        "right_objects": 4,
        "total_objects": 6,
        "objects": [
          {
            "x": 34,
            "y": 59.530687378215525,
            "side": "left",
            "color": [
              218,
              185,
              179
            ]
          },
          {
            "x": 50,
            "y": 38.530687378215525,
            "side": "left",
            "color": [
              210,
              204,
              190
            ]
          },
          {
            "x": 145,
            "y": 163.46931262178452,
            "side": "right",
            "color": [
              218,
              173,
              126
            ]
          },
          {
            "x": 171,
            "y": 182.46931262178452,
            "side": "right",
            "color": [
              251,
              161,
              193
            ]
          },
          {
            "x": 174,
            "y": 147.46931262178452,
            "side": "right",
            "color": [
              197,
              238,
              179
            ]
          },
          {
            "x": 207,
            "y": 180.46931262178452,
            "side": "right",
            "color": [
              254,
              125,
              175
            ]
          }
        ]
      },
      {
        "frame_idx": 7,
        "left_objects": 2,
        "right_objects": 4,
        "total_objects": 6,
        "objects": [
          {
            "x": 34,
            "y": 61.32078557510346,
            "side": "left",
            "color": [
              218,
              185,
              179
            ]
          },
          {
            "x": 50,
            "y": 40.32078557510346,
            "side": "left",
            "color": [
              210,
              204,
              190
            ]
          },
          {
            "x": 145,
            "y": 161.6792144248966,
            "side": "right",
            "color": [
              218,
              173,
              126
            ]
          },
          {
            "x": 171,
            "y": 180.6792144248966,
            "side": "right",
            "color": [
              251,
              161,
              193
            ]
          },
          {
            "x": 174,
            "y": 145.6792144248966,
            "side": "right",
            "color": [
              197,
              238,
              179
            ]
          },
          {
            "x": 207,
            "y": 178.6792144248966,
            "side": "right",
            "color": [
              254,
              125,
              175
            ]
          }
        ]
      },
      {
        "frame_idx": 8,
        "left_objects": 2,
        "right_objects": 4,
        "total_objects": 6,
        "objects": [
          {
            "x": 34,
            "y": 63.11088377199139,
            "side": "left",
            "color": [
              218,
              185,
              179
            ]
          },
          {
            "x": 50,
            "y": 42.11088377199139,
            "side": "left",
            "color": [
              210,
              204,
              190
            ]
          },
          {
            "x": 145,
            "y": 159.88911622800867,
            "side": "right",
            "color": [
              218,
              173,
              126
            ]
          },
          {
            "x": 171,
            "y": 178.88911622800867,
            "side": "right",
            "color": [
              251,
              161,
              193
            ]
          },
          {
            "x": 174,
            "y": 143.88911622800867,
            "side": "right",
            "color": [
              197,
              238,
              179
            ]
          },
          {
            "x": 207,
            "y": 176.88911622800867,
            "side": "right",
            "color": [
              254,
              125,
              175
            ]
          }
        ]
      },
      {
        "frame_idx": 9,
        "left_objects": 2,
        "right_objects": 4,
        "total_objects": 6,
        "objects": [
          {
            "x": 34,
            "y": 64.90098196887932,
            "side": "left",
            "color": [
              218,
              185,
              179
            ]
          },
          {
            "x": 50,
            "y": 43.90098196887932,
            "side": "left",
            "color": [
              210,
              204,
              190
            ]
          },
          {
            "x": 145,
            "y": 158.09901803112075,
            "side": "right",
            "color": [
              218,
              173,
              126
            ]
          },
          {
            "x": 171,
            "y": 177.09901803112075,
            "side": "right",
            "color": [
              251,
              161,
              193
            ]
          },
          {
            "x": 174,
            "y": 142.09901803112075,
            "side": "right",
            "color": [
              197,
              238,
              179
            ]
          },
          {
            "x": 207,
            "y": 175.09901803112075,
            "side": "right",
            "color": [
              254,
              125,
              175
            ]
          }
        ]
      },
      {
        "frame_idx": 10,
        "left_objects": 2,
        "right_objects": 4,
        "total_objects": 6,
        "objects": [
          {
            "x": 34,
            "y": 66.69108016576726,
            "side": "left",
            "color": [
              218,
              185,
              179
            ]
          },
          {
            "x": 50,
            "y": 45.691080165767254,
            "side": "left",
            "color": [
              210,
              204,
              190
            ]
          },
          {
            "x": 145,
            "y": 156.30891983423282,
            "side": "right",
            "color": [
              218,
              173,
              126
            ]
          },
          {
            "x": 171,
            "y": 175.30891983423282,
            "side": "right",
            "color": [
              251,
              161,
              193
            ]
          },
          {
            "x": 174,
            "y": 140.30891983423282,
            "side": "right",
            "color": [
              197,
              238,
              179
            ]
          },
          {
            "x": 207,
            "y": 173.30891983423282,
            "side": "right",
            "color": [
              254,
              125,
              175
            ]
          }
        ]
      },
      {
        "frame_idx": 11,
        "left_objects": 2,
        "right_objects": 4,
        "total_objects": 6,
        "objects": [
          {
            "x": 34,
            "y": 68.4811783626552,
            "side": "left",
            "color": [
              218,
              185,
              179
            ]
          },
          {
            "x": 50,
            "y": 47.481178362655186,
            "side": "left",
            "color": [
              210,
              204,
              190
            ]
          },
          {
            "x": 145,
            "y": 154.5188216373449,
            "side": "right",
            "color": [
              218,
              173,
              126
            ]
          },
          {
            "x": 171,
            "y": 173.5188216373449,
            "side": "right",
            "color": [
              251,
              161,
              193
            ]
          },
          {
            "x": 174,
            "y": 138.5188216373449,
            "side": "right",
            "color": [
              197,
              238,
              179
            ]
          },
          {
            "x": 207,
            "y": 171.5188216373449,
            "side": "right",
            "color": [
              254,
              125,
              175
            ]
          }
        ]
      },
      {
        "frame_idx": 12,
        "left_objects": 2,
        "right_objects": 4,
        "total_objects": 6,
        "objects": [
          {
            "x": 34,
            "y": 70.27127655954314,
            "side": "left",
            "color": [
              218,
              185,
              179
            ]
          },
          {
            "x": 50,
            "y": 49.27127655954312,
            "side": "left",
            "color": [
              210,
              204,
              190
            ]
          },
          {
            "x": 145,
            "y": 152.72872344045697,
            "side": "right",
            "color": [
              218,
              173,
              126
            ]
          },
          {
            "x": 171,
            "y": 171.72872344045697,
            "side": "right",
            "color": [
              251,
              161,
              193
            ]
          },
          {
            "x": 174,
            "y": 136.72872344045697,
            "side": "right",
            "color": [
              197,
              238,
              179
            ]
          },
          {
            "x": 207,
            "y": 169.72872344045697,
            "side": "right",
            "color": [
              254,
              125,
              175
            ]
          }
        ]
      },
      {
        "frame_idx": 13,
        "left_objects": 2,
        "right_objects": 4,
        "total_objects": 6,
        "objects": [
          {
            "x": 34,
            "y": 72.06137475643108,
            "side": "left",
            "color": [
              218,
              185,
              179
            ]
          },
          {
            "x": 50,
            "y": 51.06137475643105,
            "side": "left",
            "color": [
              210,
              204,
              190
            ]
          },
          {
            "x": 145,
            "y": 150.93862524356905,
            "side": "right",
            "color": [
              218,
              173,
              126
            ]
          },
          {
            "x": 171,
            "y": 169.93862524356905,
            "side": "right",
            "color": [
              251,
              161,
              193
            ]
          },
          {
            "x": 174,
            "y": 134.93862524356905,
            "side": "right",
            "color": [
              197,
              238,
              179
            ]
          },
          {
            "x": 207,
            "y": 167.93862524356905,
            "side": "right",
            "color": [
              254,
              125,
              175
            ]
          }
        ]
      },
      {
        "frame_idx": 14,
        "left_objects": 2,
        "right_objects": 4,
        "total_objects": 6,
        "objects": [
          {
            "x": 34,
            "y": 73.85147295331902,
            "side": "left",
            "color": [
              218,
              185,
              179
            ]
          },
          {
            "x": 50,
            "y": 52.85147295331898,
            "side": "left",
            "color": [
              210,
              204,
              190
            ]
          },
          {
            "x": 145,
            "y": 149.14852704668112,
            "side": "right",
            "color": [
              218,
              173,
              126
            ]
          },
          {
            "x": 171,
            "y": 168.14852704668112,
            "side": "right",
            "color": [
              251,
              161,
              193
            ]
          },
          {
            "x": 174,
            "y": 133.14852704668112,
            "side": "right",
            "color": [
              197,
              238,
              179
            ]
          },
          {
            "x": 207,
            "y": 166.14852704668112,
            "side": "right",
            "color": [
              254,
              125,
              175
            ]
          }
        ]
      },
      {
        "frame_idx": 15,
        "left_objects": 2,
        "right_objects": 4,
        "total_objects": 6,
        "objects": [
          {
            "x": 34,
            "y": 75.64157115020696,
            "side": "left",
            "color": [
              218,
              185,
              179
            ]
          },
          {
            "x": 50,
            "y": 54.641571150206914,
            "side": "left",
            "color": [
              210,
              204,
              190
            ]
          },
          {
            "x": 145,
            "y": 147.3584288497932,
            "side": "right",
            "color": [
              218,
              173,
              126
            ]
          },
          {
            "x": 171,
            "y": 166.3584288497932,
            "side": "right",
            "color": [
              251,
              161,
              193
            ]
          },
          {
            "x": 174,
            "y": 131.3584288497932,
            "side": "right",
            "color": [
              197,
              238,
              179
            ]
          },
          {
            "x": 207,
            "y": 164.3584288497932,
            "side": "right",
            "color": [
              254,
              125,
              175
            ]
          }
        ]
      },
      {
        "frame_idx": 16,
        "left_objects": 2,
        "right_objects": 4,
        "total_objects": 6,
        "objects": [
          {
            "x": 34,
            "y": 77.4316693470949,
            "side": "left",
            "color": [
              218,
              185,
              179
            ]
          },
          {
            "x": 50,
            "y": 56.43166934709485,
            "side": "left",
            "color": [
              210,
              204,
              190
            ]
          },
          {
            "x": 145,
            "y": 145.56833065290527,
            "side": "right",
            "color": [
              218,
              173,
              126
            ]
          },
          {
            "x": 171,
            "y": 164.56833065290527,
            "side": "right",
            "color": [
              251,
              161,
              193
            ]
          },
          {
            "x": 174,
            "y": 129.56833065290527,
            "side": "right",
            "color": [
              197,
              238,
              179
            ]
          },
          {
            "x": 207,
            "y": 162.56833065290527,
            "side": "right",
            "color": [
              254,
              125,
              175
            ]
          }
        ]
      },
      {
        "frame_idx": 17,
        "left_objects": 2,
        "right_objects": 4,
        "total_objects": 6,
        "objects": [
          {
            "x": 34,
            "y": 79.22176754398284,
            "side": "left",
            "color": [
              218,
              185,
              179
            ]
          },
          {
            "x": 50,
            "y": 58.22176754398278,
            "side": "left",
            "color": [
              210,
              204,
              190
            ]
          },
          {
            "x": 145,
            "y": 143.77823245601735,
            "side": "right",
            "color": [
              218,
              173,
              126
            ]
          },
          {
            "x": 171,
            "y": 162.77823245601735,
            "side": "right",
            "color": [
              251,
              161,
              193
            ]
          },
          {
            "x": 174,
            "y": 127.77823245601734,
            "side": "right",
            "color": [
              197,
              238,
              179
            ]
          },
          {
            "x": 207,
            "y": 160.77823245601735,
            "side": "right",
            "color": [
              254,
              125,
              175
            ]
          }
        ]
      },
      {
        "frame_idx": 18,
        "left_objects": 2,
        "right_objects": 4,
        "total_objects": 6,
        "objects": [
          {
            "x": 34,
            "y": 81.01186574087077,
            "side": "left",
            "color": [
              218,
              185,
              179
            ]
          },
          {
            "x": 50,
            "y": 60.01186574087071,
            "side": "left",
            "color": [
              210,
              204,
              190
            ]
          },
          {
            "x": 145,
            "y": 141.98813425912942,
            "side": "right",
            "color": [
              218,
              173,
              126
            ]
          },
          {
            "x": 171,
            "y": 160.98813425912942,
            "side": "right",
            "color": [
              251,
              161,
              193
            ]
          },
          {
            "x": 174,
            "y": 125.9881342591294,
            "side": "right",
            "color": [
              197,
              238,
              179
            ]
          },
          {
            "x": 207,
            "y": 158.98813425912942,
            "side": "right",
            "color": [
              254,
              125,
              175
            ]
          }
        ]
      },
      {
        "frame_idx": 19,
        "left_objects": 2,
        "right_objects": 4,
        "total_objects": 6,
        "objects": [
          {
            "x": 34,
            "y": 82.80196393775871,
            "side": "left",
            "color": [
              218,
              185,
              179
            ]
          },
          {
            "x": 50,
            "y": 61.80196393775864,
            "side": "left",
            "color": [
              210,
              204,
              190
            ]
          },
          {
            "x": 145,
            "y": 140.1980360622415,
            "side": "right",
            "color": [
              218,
              173,
              126
            ]
          },
          {
            "x": 171,
            "y": 159.1980360622415,
            "side": "right",
            "color": [
              251,
              161,
              193
            ]
          },
          {
            "x": 174,
            "y": 124.19803606224146,
            "side": "right",
            "color": [
              197,
              238,
              179
            ]
          },
          {
            "x": 207,
            "y": 157.1980360622415,
            "side": "right",
            "color": [
              254,
              125,
              175
            ]
          }
        ]
      },
      {
        "frame_idx": 20,
        "left_objects": 2,
        "right_objects": 4,
        "total_objects": 6,
        "objects": [
          {
            "x": 34,
            "y": 84.59206213464665,
            "side": "left",
            "color": [
              218,
              185,
              179
            ]
          },
          {
            "x": 50,
            "y": 63.592062134646575,
            "side": "left",
            "color": [
              210,
              204,
              190
            ]
          },
          {
            "x": 145,
            "y": 138.40793786535357,
            "side": "right",
            "color": [
              218,
              173,
              126
            ]
          },
          {
            "x": 171,
            "y": 157.40793786535357,
            "side": "right",
            "color": [
              251,
              161,
              193
            ]
          },
          {
            "x": 174,
            "y": 122.40793786535352,
            "side": "right",
            "color": [
              197,
              238,
              179
            ]
          },
          {
            "x": 207,
            "y": 155.40793786535357,
            "side": "right",
            "color": [
              254,
              125,
              175
            ]
          }
        ]
      },
      {
        "frame_idx": 21,
        "left_objects": 2,
        "right_objects": 4,
        "total_objects": 6,
        "objects": [
          {
            "x": 34,
            "y": 86.38216033153459,
            "side": "left",
            "color": [
              218,
              185,
              179
            ]
          },
          {
            "x": 50,
            "y": 65.38216033153451,
            "side": "left",
            "color": [
              210,
              204,
              190
            ]
          },
          {
            "x": 145,
            "y": 136.61783966846565,
            "side": "right",
            "color": [
              218,
              173,
              126
            ]
          },
          {
            "x": 171,
            "y": 155.61783966846565,
            "side": "right",
            "color": [
              251,
              161,
              193
            ]
          },
          {
            "x": 174,
            "y": 120.61783966846558,
            "side": "right",
            "color": [
              197,
              238,
              179
            ]
          },
          {
            "x": 207,
            "y": 153.61783966846565,
            "side": "right",
            "color": [
              254,
              125,
              175
            ]
          }
        ]
      },
      {
        "frame_idx": 22,
        "left_objects": 2,
        "right_objects": 4,
        "total_objects": 6,
        "objects": [
          {
            "x": 34,
            "y": 88.17225852842253,
            "side": "left",
            "color": [
              218,
              185,
              179
            ]
          },
          {
            "x": 50,
            "y": 67.17225852842245,
            "side": "left",
            "color": [
              210,
              204,
              190
            ]
          },
          {
            "x": 145,
            "y": 134.82774147157772,
            "side": "right",
            "color": [
              218,
              173,
              126
            ]
          },
          {
            "x": 171,
            "y": 153.82774147157772,
            "side": "right",
            "color": [
              251,
              161,
              193
            ]
          },
          {
            "x": 174,
            "y": 118.82774147157764,
            "side": "right",
            "color": [
              197,
              238,
              179
            ]
          },
          {
            "x": 207,
            "y": 151.82774147157772,
            "side": "right",
            "color": [
              254,
              125,
              175
            ]
          }
        ]
      },
      {
        "frame_idx": 23,
        "left_objects": 2,
        "right_objects": 4,
        "total_objects": 6,
        "objects": [
          {
            "x": 34,
            "y": 89.96235672531047,
            "side": "left",
            "color": [
              218,
              185,
              179
            ]
          },
          {
            "x": 50,
            "y": 68.96235672531039,
            "side": "left",
            "color": [
              210,
              204,
              190
            ]
          },
          {
            "x": 145,
            "y": 133.0376432746898,
            "side": "right",
            "color": [
              218,
              173,
              126
            ]
          },
          {
            "x": 171,
            "y": 152.0376432746898,
            "side": "right",
            "color": [
              251,
              161,
              193
            ]
          },
          {
            "x": 174,
            "y": 117.0376432746897,
            "side": "right",
            "color": [
              197,
              238,
              179
            ]
          },
          {
            "x": 207,
            "y": 150.0376432746898,
            "side": "right",
            "color": [
              254,
              125,
              175
            ]
          }
        ]
      },
      {
        "frame_idx": 24,
        "left_objects": 2,
        "right_objects": 4,
        "total_objects": 6,
        "objects": [
          {
            "x": 34,
            "y": 91.75245492219841,
            "side": "left",
            "color": [
              218,
              185,
              179
            ]
          },
          {
            "x": 50,
            "y": 70.75245492219832,
            "side": "left",
            "color": [
              210,
              204,
              190
            ]
          },
          {
            "x": 145,
            "y": 131.24754507780187,
            "side": "right",
            "color": [
              218,
              173,
              126
            ]
          },
          {
            "x": 171,
            "y": 150.24754507780187,
            "side": "right",
            "color": [
              251,
              161,
              193
            ]
          },
          {
            "x": 174,
            "y": 115.24754507780176,
            "side": "right",
            "color": [
              197,
              238,
              179
            ]
          },
          {
            "x": 207,
            "y": 148.24754507780187,
            "side": "right",
            "color": [
              254,
              125,
              175
            ]
          }
        ]
      },
      {
        "frame_idx": 25,
        "left_objects": 2,
        "right_objects": 4,
        "total_objects": 6,
        "objects": [
          {
            "x": 34,
            "y": 93.54255311908635,
            "side": "left",
            "color": [
              218,
              185,
              179
            ]
          },
          {
            "x": 50,
            "y": 72.54255311908626,
            "side": "left",
            "color": [
              210,
              204,
              190
            ]
          },
          {
            "x": 145,
            "y": 129.45744688091395,
            "side": "right",
            "color": [
              218,
              173,
              126
            ]
          },
          {
            "x": 171,
            "y": 148.45744688091395,
            "side": "right",
            "color": [
              251,
              161,
              193
            ]
          },
          {
            "x": 174,
            "y": 113.45744688091382,
            "side": "right",
            "color": [
              197,
              238,
              179
            ]
          },
          {
            "x": 207,
            "y": 146.45744688091395,
            "side": "right",
            "color": [
              254,
              125,
              175
            ]
          }
        ]
      },
      {
        "frame_idx": 26,
        "left_objects": 2,
        "right_objects": 4,
        "total_objects": 6,
        "objects": [
          {
            "x": 34,
            "y": 95.33265131597429,
            "side": "left",
            "color": [
              218,
              185,
              179
            ]
          },
          {
            "x": 50,
            "y": 74.3326513159742,
            "side": "left",
            "color": [
              210,
              204,
              190
            ]
          },
          {
            "x": 145,
            "y": 127.66734868402601,
            "side": "right",
            "color": [
              218,
              173,
              126
            ]
          },
          {
            "x": 171,
            "y": 146.66734868402602,
            "side": "right",
            "color": [
              251,
              161,
              193
            ]
          },
          {
            "x": 174,
            "y": 111.66734868402588,
            "side": "right",
            "color": [
              197,
              238,
              179
            ]
          },
          {
            "x": 207,
            "y": 144.66734868402602,
            "side": "right",
            "color": [
              254,
              125,
              175
            ]
          }
        ]
      },
      {
        "frame_idx": 27,
        "left_objects": 2,
        "right_objects": 4,
        "total_objects": 6,
        "objects": [
          {
            "x": 34,
            "y": 97.12274951286223,
            "side": "left",
            "color": [
              218,
              185,
              179
            ]
          },
          {
            "x": 50,
            "y": 76.12274951286214,
            "side": "left",
            "color": [
              210,
              204,
              190
            ]
          },
          {
            "x": 145,
            "y": 125.87725048713807,
            "side": "right",
            "color": [
              218,
              173,
              126
            ]
          },
          {
            "x": 171,
            "y": 144.8772504871381,
            "side": "right",
            "color": [
              251,
              161,
              193
            ]
          },
          {
            "x": 174,
            "y": 109.87725048713794,
            "side": "right",
            "color": [
              197,
              238,
              179
            ]
          },
          {
            "x": 207,
            "y": 142.8772504871381,
            "side": "right",
            "color": [
              254,
              125,
              175
            ]
          }
        ]
      },
      {
        "frame_idx": 28,
        "left_objects": 2,
        "right_objects": 4,
        "total_objects": 6,
        "objects": [
          {
            "x": 34,
            "y": 98.91284770975017,
            "side": "left",
            "color": [
              218,
              185,
              179
            ]
          },
          {
            "x": 50,
            "y": 77.91284770975008,
            "side": "left",
            "color": [
              210,
              204,
              190
            ]
          },
          {
            "x": 145,
            "y": 124.08715229025013,
            "side": "right",
            "color": [
              218,
              173,
              126
            ]
          },
          {
            "x": 171,
            "y": 143.08715229025017,
            "side": "right",
            "color": [
              251,
              161,
              193
            ]
          },
          {
            "x": 174,
            "y": 108.08715229025,
            "side": "right",
            "color": [
              197,
              238,
              179
            ]
          },
          {
            "x": 207,
            "y": 141.08715229025017,
            "side": "right",
            "color": [
              254,
              125,
              175
            ]
          }
        ]
      },
      {
        "frame_idx": 29,
        "left_objects": 2,
        "right_objects": 4,
        "total_objects": 6,
        "objects": [
          {
            "x": 34,
            "y": 100.7029459066381,
            "side": "left",
            "color": [
              218,
              185,
              179
            ]
          },
          {
            "x": 50,
            "y": 79.70294590663802,
            "side": "left",
            "color": [
              210,
              204,
              190
            ]
          },
          {
            "x": 145,
            "y": 122.29705409336219,
            "side": "right",
            "color": [
              218,
              173,
              126
            ]
          },
          {
            "x": 171,
            "y": 141.29705409336225,
            "side": "right",
            "color": [
              251,
              161,
              193
            ]
          },
          {
            "x": 174,
            "y": 106.29705409336206,
            "side": "right",
            "color": [
              197,
              238,
              179
            ]
          },
          {
            "x": 207,
            "y": 139.29705409336225,
            "side": "right",
            "color": [
              254,
              125,
              175
            ]
          }
        ]
      },
      {
        "frame_idx": 30,
        "left_objects": 2,
        "right_objects": 4,
        "total_objects": 6,
        "objects": [
          {
            "x": 34,
            "y": 102.49304410352605,
            "side": "left",
            "color": [
              218,
              185,
              179
            ]
          },
          {
            "x": 50,
            "y": 81.49304410352596,
            "side": "left",
            "color": [
              210,
              204,
              190
            ]
          },
          {
            "x": 145,
            "y": 120.50695589647425,
            "side": "right",
            "color": [
              218,
              173,
              126
            ]
          },
          {
            "x": 171,
            "y": 139.50695589647432,
            "side": "right",
            "color": [
              251,
              161,
              193
            ]
          },
          {
            "x": 174,
            "y": 104.50695589647412,
            "side": "right",
            "color": [
              197,
              238,
              179
            ]
          },
          {
            "x": 207,
            "y": 137.50695589647432,
            "side": "right",
            "color": [
              254,
              125,
              175
            ]
          }
        ]
      },
      {
        "frame_idx": 31,
        "left_objects": 2,
        "right_objects": 4,
        "total_objects": 6,
        "objects": [
          {
            "x": 34,
            "y": 104.28314230041399,
            "side": "left",
            "color": [
              218,
              185,
              179
            ]
          },
          {
            "x": 50,
            "y": 83.2831423004139,
            "side": "left",
            "color": [
              210,
              204,
              190
            ]
          },
          {
            "x": 145,
            "y": 118.71685769958631,
            "side": "right",
            "color": [
              218,
              173,
              126
            ]
          },
          {
            "x": 171,
            "y": 137.7168576995864,
            "side": "right",
            "color": [
              251,
              161,
              193
            ]
          },
          {
            "x": 174,
            "y": 102.71685769958619,
            "side": "right",
            "color": [
              197,
              238,
              179
            ]
          },
          {
            "x": 207,
            "y": 135.7168576995864,
            "side": "right",
            "color": [
              254,
              125,
              175
            ]
          }
        ]
      },
      {
        "frame_idx": 32,
        "left_objects": 2,
        "right_objects": 4,
        "total_objects": 6,
        "objects": [
          {
            "x": 34,
            "y": 106.07324049730192,
            "side": "left",
            "color": [
              218,
              185,
              179
            ]
          },
          {
            "x": 50,
            "y": 85.07324049730184,
            "side": "left",
            "color": [
              210,
              204,
              190
            ]
          },
          {
            "x": 145,
            "y": 116.92675950269837,
            "side": "right",
            "color": [
              218,
              173,
              126
            ]
          },
          {
            "x": 171,
            "y": 135.92675950269847,
            "side": "right",
            "color": [
              251,
              161,
              193
            ]
          },
          {
            "x": 174,
            "y": 100.92675950269825,
            "side": "right",
            "color": [
              197,
              238,
              179
            ]
          },
          {
            "x": 207,
            "y": 133.92675950269847,
            "side": "right",
            "color": [
              254,
              125,
              175
            ]
          }
        ]
      },
      {
        "frame_idx": 33,
        "left_objects": 2,
        "right_objects": 4,
        "total_objects": 6,
        "objects": [
          {
            "x": 34,
            "y": 107.86333869418986,
            "side": "left",
            "color": [
              218,
              185,
              179
            ]
          },
          {
            "x": 50,
            "y": 86.86333869418978,
            "side": "left",
            "color": [
              210,
              204,
              190
            ]
          },
          {
            "x": 145,
            "y": 115.13666130581043,
            "side": "right",
            "color": [
              218,
              173,
              126
            ]
          },
          {
            "x": 171,
            "y": 134.13666130581055,
            "side": "right",
            "color": [
              251,
              161,
              193
            ]
          },
          {
            "x": 174,
            "y": 99.1366613058103,
            "side": "right",
            "color": [
              197,
              238,
              179
            ]
          },
          {
            "x": 207,
            "y": 132.13666130581055,
            "side": "right",
            "color": [
              254,
              125,
              175
            ]
          }
        ]
      },
      {
        "frame_idx": 34,
        "left_objects": 2,
        "right_objects": 4,
        "total_objects": 6,
        "objects": [
          {
            "x": 34,
            "y": 109.6534368910778,
            "side": "left",
            "color": [
              218,
              185,
              179
            ]
          },
          {
            "x": 50,
            "y": 88.65343689107772,
            "side": "left",
            "color": [
              210,
              204,
              190
            ]
          },
          {
            "x": 145,
            "y": 113.3465631089225,
            "side": "right",
            "color": [
              218,
              173,
              126
            ]
          },
          {
            "x": 171,
            "y": 132.34656310892262,
            "side": "right",
            "color": [
              251,
              161,
              193
            ]
          },
          {
            "x": 174,
            "y": 97.34656310892237,
            "side": "right",
            "color": [
              197,
              238,
              179
            ]
          },
          {
            "x": 207,
            "y": 130.34656310892262,
            "side": "right",
            "color": [
              254,
              125,
              175
            ]
          }
        ]
      },
      {
        "frame_idx": 35,
        "left_objects": 2,
        "right_objects": 4,
        "total_objects": 6,
        "objects": [
          {
            "x": 34,
            "y": 111.44353508796574,
            "side": "left",
            "color": [
              218,
              185,
              179
            ]
          },
          {
            "x": 50,
            "y": 90.44353508796566,
            "side": "left",
            "color": [
              210,
              204,
              190
            ]
          },
          {
            "x": 145,
            "y": 111.55646491203456,
            "side": "right",
            "color": [
              218,
              173,
              126
            ]
          },
          {
            "x": 171,
            "y": 130.5564649120347,
            "side": "right",
            "color": [
              251,
              161,
              193
            ]
          },
          {
            "x": 174,
            "y": 95.55646491203443,
            "side": "right",
            "color": [
              197,
              238,
              179
            ]
          },
          {
            "x": 207,
            "y": 128.5564649120347,
            "side": "right",
            "color": [
              254,
              125,
              175
            ]
          }
        ]
      },
      {
        "frame_idx": 36,
        "left_objects": 2,
        "right_objects": 4,
        "total_objects": 6,
        "objects": [
          {
            "x": 34,
            "y": 113.23363328485368,
            "side": "left",
            "color": [
              218,
              185,
              179
            ]
          },
          {
            "x": 50,
            "y": 92.2336332848536,
            "side": "left",
            "color": [
              210,
              204,
              190
            ]
          },
          {
            "x": 145,
            "y": 109.76636671514662,
            "side": "right",
            "color": [
              218,
              173,
              126
            ]
          },
          {
            "x": 171,
            "y": 128.76636671514677,
            "side": "right",
            "color": [
              251,
              161,
              193
            ]
          },
          {
            "x": 174,
            "y": 93.76636671514649,
            "side": "right",
            "color": [
              197,
              238,
              179
            ]
          },
          {
            "x": 207,
            "y": 126.76636671514676,
            "side": "right",
            "color": [
              254,
              125,
              175
            ]
          }
        ]
      },
      {
        "frame_idx": 37,
        "left_objects": 2,
        "right_objects": 4,
        "total_objects": 6,
        "objects": [
          {
            "x": 34,
            "y": 115.02373148174162,
            "side": "left",
            "color": [
              218,
              185,
              179
            ]
          },
          {
            "x": 50,
            "y": 94.02373148174154,
            "side": "left",
            "color": [
              210,
              204,
              190
            ]
          },
          {
            "x": 145,
            "y": 107.97626851825868,
            "side": "right",
            "color": [
              218,
              173,
              126
            ]
          },
          {
            "x": 171,
            "y": 126.97626851825883,
            "side": "right",
            "color": [
              251,
              161,
              193
            ]
          },
          {
            "x": 174,
            "y": 91.97626851825855,
            "side": "right",
            "color": [
              197,
              238,
              179
            ]
          },
          {
            "x": 207,
            "y": 124.97626851825882,
            "side": "right",
            "color": [
              254,
              125,
              175
            ]
          }
        ]
      },
      {
        "frame_idx": 38,
        "left_objects": 2,
        "right_objects": 4,
        "total_objects": 6,
        "objects": [
          {
            "x": 34,
            "y": 116.81382967862956,
            "side": "left",
            "color": [
              218,
              185,
              179
            ]
          },
          {
            "x": 50,
            "y": 95.81382967862947,
            "side": "left",
            "color": [
              210,
              204,
              190
            ]
          },
          {
            "x": 145,
            "y": 106.18617032137074,
            "side": "right",
            "color": [
              218,
              173,
              126
            ]
          },
          {
            "x": 171,
            "y": 125.1861703213709,
            "side": "right",
            "color": [
              251,
              161,
              193
            ]
          },
          {
            "x": 174,
            "y": 90.18617032137061,
            "side": "right",
            "color": [
              197,
              238,
              179
            ]
          },
          {
            "x": 207,
            "y": 123.18617032137088,
            "side": "right",
            "color": [
              254,
              125,
              175
            ]
          }
        ]
      },
      {
        "frame_idx": 39,
        "left_objects": 2,
        "right_objects": 4,
        "total_objects": 6,
        "objects": [
          {
            "x": 34,
            "y": 118.6039278755175,
            "side": "left",
            "color": [
              218,
              185,
              179
            ]
          },
          {
            "x": 50,
            "y": 97.60392787551741,
            "side": "left",
            "color": [
              210,
              204,
              190
            ]
          },
          {
            "x": 145,
            "y": 104.3960721244828,
            "side": "right",
            "color": [
              218,
              173,
              126
            ]
          },
          {
            "x": 171,
            "y": 123.39607212448296,
            "side": "right",
            "color": [
              251,
              161,
              193
            ]
          },
          {
            "x": 174,
            "y": 88.39607212448267,
            "side": "right",
            "color": [
              197,
              238,
              179
            ]
          },
          {
            "x": 207,
            "y": 121.39607212448294,
            "side": "right",
            "color": [
              254,
              125,
              175
            ]
          }
        ]
      },
      {
        "frame_idx": 40,
        "left_objects": 2,
        "right_objects": 4,
        "total_objects": 6,
        "objects": [
          {
            "x": 34,
            "y": 120.39402607240544,
            "side": "left",
            "color": [
              218,
              185,
              179
            ]
          },
          {
            "x": 50,
            "y": 99.39402607240535,
            "side": "left",
            "color": [
              210,
              204,
              190
            ]
          },
          {
            "x": 145,
            "y": 102.60597392759486,
            "side": "right",
            "color": [
              218,
              173,
              126
            ]
          },
          {
            "x": 171,
            "y": 121.60597392759502,
            "side": "right",
            "color": [
              251,
              161,
              193
            ]
          },
          {
            "x": 174,
            "y": 86.60597392759473,
            "side": "right",
            "color": [
              197,
              238,
              179
            ]
          },
          {
            "x": 207,
            "y": 119.605973927595,
            "side": "right",
            "color": [
              254,
              125,
              175
            ]
          }
        ]
      },
      {
        "frame_idx": 41,
        "left_objects": 2,
        "right_objects": 4,
        "total_objects": 6,
        "objects": [
          {
            "x": 34,
            "y": 122.18412426929338,
            "side": "left",
            "color": [
              218,
              185,
              179
            ]
          },
          {
            "x": 50,
            "y": 101.18412426929329,
            "side": "left",
            "color": [
              210,
              204,
              190
            ]
          },
          {
            "x": 145,
            "y": 100.81587573070692,
            "side": "right",
            "color": [
              218,
              173,
              126
            ]
          },
          {
            "x": 171,
            "y": 119.81587573070708,
            "side": "right",
            "color": [
              251,
              161,
              193
            ]
          },
          {
            "x": 174,
            "y": 84.8158757307068,
            "side": "right",
            "color": [
              197,
              238,
              179
            ]
          },
          {
            "x": 207,
            "y": 117.81587573070706,
            "side": "right",
            "color": [
              254,
              125,
              175
            ]
          }
        ]
      },
      {
        "frame_idx": 42,
        "left_objects": 2,
        "right_objects": 4,
        "total_objects": 6,
        "objects": [
          {
            "x": 34,
            "y": 123.97422246618132,
            "side": "left",
            "color": [
              218,
              185,
              179
            ]
          },
          {
            "x": 50,
            "y": 102.97422246618123,
            "side": "left",
            "color": [
              210,
              204,
              190
            ]
          },
          {
            "x": 145,
            "y": 99.02577753381898,
            "side": "right",
            "color": [
              218,
              173,
              126
            ]
          },
          {
            "x": 171,
            "y": 118.02577753381914,
            "side": "right",
            "color": [
              251,
              161,
              193
            ]
          },
          {
            "x": 174,
            "y": 83.02577753381885,
            "side": "right",
            "color": [
              197,
              238,
              179
            ]
          },
          {
            "x": 207,
            "y": 116.02577753381912,
            "side": "right",
            "color": [
              254,
              125,
              175
            ]
          }
        ]
      },
      {
        "frame_idx": 43,
        "left_objects": 2,
        "right_objects": 4,
        "total_objects": 6,
        "objects": [
          {
            "x": 34,
            "y": 125.76432066306926,
            "side": "left",
            "color": [
              218,
              185,
              179
            ]
          },
          {
            "x": 50,
            "y": 104.76432066306917,
            "side": "left",
            "color": [
              210,
              204,
              190
            ]
          },
          {
            "x": 145,
            "y": 97.23567933693104,
            "side": "right",
            "color": [
              218,
              173,
              126
            ]
          },
          {
            "x": 171,
            "y": 116.2356793369312,
            "side": "right",
            "color": [
              251,
              161,
              193
            ]
          },
          {
            "x": 174,
            "y": 81.23567933693091,
            "side": "right",
            "color": [
              197,
              238,
              179
            ]
          },
          {
            "x": 207,
            "y": 114.23567933693118,
            "side": "right",
            "color": [
              254,
              125,
              175
            ]
          }
        ]
      },
      {
        "frame_idx": 44,
        "left_objects": 2,
        "right_objects": 4,
        "total_objects": 6,
        "objects": [
          {
            "x": 34,
            "y": 127.5544188599572,
            "side": "left",
            "color": [
              218,
              185,
              179
            ]
          },
          {
            "x": 50,
            "y": 106.55441885995711,
            "side": "left",
            "color": [
              210,
              204,
              190
            ]
          },
          {
            "x": 145,
            "y": 95.4455811400431,
            "side": "right",
            "color": [
              218,
              173,
              126
            ]
          },
          {
            "x": 171,
            "y": 114.44558114004326,
            "side": "right",
            "color": [
              251,
              161,
              193
            ]
          },
          {
            "x": 174,
            "y": 79.44558114004298,
            "side": "right",
            "color": [
              197,
              238,
              179
            ]
          },
          {
            "x": 207,
            "y": 112.44558114004325,
            "side": "right",
            "color": [
              254,
              125,
              175
            ]
          }
        ]
      },
      {
        "frame_idx": 45,
        "left_objects": 2,
        "right_objects": 4,
        "total_objects": 6,
        "objects": [
          {
            "x": 34,
            "y": 129.34451705684512,
            "side": "left",
            "color": [
              218,
              185,
              179
            ]
          },
          {
            "x": 50,
            "y": 108.34451705684505,
            "side": "left",
            "color": [
              210,
              204,
              190
            ]
          },
          {
            "x": 145,
            "y": 93.65548294315516,
            "side": "right",
            "color": [
              218,
              173,
              126
            ]
          },
          {
            "x": 171,
            "y": 112.65548294315532,
            "side": "right",
            "color": [
              251,
              161,
              193
            ]
          },
          {
            "x": 174,
            "y": 77.65548294315504,
            "side": "right",
            "color": [
              197,
              238,
              179
            ]
          },
          {
            "x": 207,
            "y": 110.6554829431553,
            "side": "right",
            "color": [
              254,
              125,
              175
            ]
          }
        ]
      },
      {
        "frame_idx": 46,
        "left_objects": 2,
        "right_objects": 4,
        "total_objects": 6,
        "objects": [
          {
            "x": 34,
            "y": 131.13461525373305,
            "side": "left",
            "color": [
              218,
              185,
              179
            ]
          },
          {
            "x": 50,
            "y": 110.13461525373299,
            "side": "left",
            "color": [
              210,
              204,
              190
            ]
          },
          {
            "x": 145,
            "y": 91.86538474626722,
            "side": "right",
            "color": [
              218,
              173,
              126
            ]
          },
          {
            "x": 171,
            "y": 110.86538474626738,
            "side": "right",
            "color": [
              251,
              161,
              193
            ]
          },
          {
            "x": 174,
            "y": 75.8653847462671,
            "side": "right",
            "color": [
              197,
              238,
              179
            ]
          },
          {
            "x": 207,
            "y": 108.86538474626737,
            "side": "right",
            "color": [
              254,
              125,
              175
            ]
          }
        ]
      },
      {
        "frame_idx": 47,
        "left_objects": 2,
        "right_objects": 4,
        "total_objects": 6,
        "objects": [
          {
            "x": 34,
            "y": 132.92471345062097,
            "side": "left",
            "color": [
              218,
              185,
              179
            ]
          },
          {
            "x": 50,
            "y": 111.92471345062093,
            "side": "left",
            "color": [
              210,
              204,
              190
            ]
          },
          {
            "x": 145,
            "y": 90.07528654937929,
            "side": "right",
            "color": [
              218,
              173,
              126
            ]
          },
          {
            "x": 171,
            "y": 109.07528654937944,
            "side": "right",
            "color": [
              251,
              161,
              193
            ]
          },
          {
            "x": 174,
            "y": 74.07528654937916,
            "side": "right",
            "color": [
              197,
              238,
              179
            ]
          },
          {
            "x": 207,
            "y": 107.07528654937943,
            "side": "right",
            "color": [
              254,
              125,
              175
            ]
          }
        ]
      },
      {
        "frame_idx": 48,
        "left_objects": 2,
        "right_objects": 4,
        "total_objects": 6,
        "objects": [
          {
            "x": 34,
            "y": 134.7148116475089,
            "side": "left",
            "color": [
              218,
              185,
              179
            ]
          },
          {
            "x": 50,
            "y": 113.71481164750887,
            "side": "left",
            "color": [
              210,
              204,
              190
            ]
          },
          {
            "x": 145,
            "y": 88.28518835249135,
            "side": "right",
            "color": [
              218,
              173,
              126
            ]
          },
          {
            "x": 171,
            "y": 107.2851883524915,
            "side": "right",
            "color": [
              251,
              161,
              193
            ]
          },
          {
            "x": 174,
            "y": 72.28518835249122,
            "side": "right",
            "color": [
              197,
              238,
              179
            ]
          },
          {
            "x": 207,
            "y": 105.28518835249149,
            "side": "right",
            "color": [
              254,
              125,
              175
            ]
          }
        ]
      },
      {
        "frame_idx": 49,
        "left_objects": 2,
        "right_objects": 4,
        "total_objects": 6,
        "objects": [
          {
            "x": 34,
            "y": 136.50490984439682,
            "side": "left",
            "color": [
              218,
              185,
              179
            ]
          },
          {
            "x": 50,
            "y": 115.5049098443968,
            "side": "left",
            "color": [
              210,
              204,
              190
            ]
          },
          {
            "x": 145,
            "y": 86.4950901556034,
            "side": "right",
            "color": [
              218,
              173,
              126
            ]
          },
          {
            "x": 171,
            "y": 105.49509015560356,
            "side": "right",
            "color": [
              251,
              161,
              193
            ]
          },
          {
            "x": 174,
            "y": 70.49509015560328,
            "side": "right",
            "color": [
              197,
              238,
              179
            ]
          },
          {
            "x": 207,
            "y": 103.49509015560355,
            "side": "right",
            "color": [
              254,
              125,
              175
            ]
          }
        ]
      },
      {
        "frame_idx": 50,
        "left_objects": 2,
        "right_objects": 4,
        "total_objects": 6,
        "objects": [
          {
            "x": 34,
            "y": 138.29500804128475,
            "side": "left",
            "color": [
              218,
              185,
              179
            ]
          },
          {
            "x": 50,
            "y": 117.29500804128475,
            "side": "left",
            "color": [
              210,
              204,
              190
            ]
          },
          {
            "x": 145,
            "y": 84.70499195871547,
            "side": "right",
            "color": [
              218,
              173,
              126
            ]
          },
          {
            "x": 171,
            "y": 103.70499195871562,
            "side": "right",
            "color": [
              251,
              161,
              193
            ]
          },
          {
            "x": 174,
            "y": 68.70499195871534,
            "side": "right",
            "color": [
              197,
              238,
              179
            ]
          },
          {
            "x": 207,
            "y": 101.70499195871561,
            "side": "right",
            "color": [
              254,
              125,
              175
            ]
          }
        ]
      },
      {
        "frame_idx": 51,
        "left_objects": 2,
        "right_objects": 4,
        "total_objects": 6,
        "objects": [
          {
            "x": 34,
            "y": 140.08510623817267,
            "side": "left",
            "color": [
              218,
              185,
              179
            ]
          },
          {
            "x": 50,
            "y": 119.08510623817268,
            "side": "left",
            "color": [
              210,
              204,
              190
            ]
          },
          {
            "x": 145,
            "y": 82.91489376182753,
            "side": "right",
            "color": [
              218,
              173,
              126
            ]
          },
          {
            "x": 171,
            "y": 101.91489376182768,
            "side": "right",
            "color": [
              251,
              161,
              193
            ]
          },
          {
            "x": 174,
            "y": 66.9148937618274,
            "side": "right",
            "color": [
              197,
              238,
              179
            ]
          },
          {
            "x": 207,
            "y": 99.91489376182767,
            "side": "right",
            "color": [
              254,
              125,
              175
            ]
          }
        ]
      },
      {
        "frame_idx": 52,
        "left_objects": 2,
        "right_objects": 4,
        "total_objects": 6,
        "objects": [
          {
            "x": 34,
            "y": 141.8752044350606,
            "side": "left",
            "color": [
              218,
              185,
              179
            ]
          },
          {
            "x": 50,
            "y": 120.87520443506062,
            "side": "left",
            "color": [
              210,
              204,
              190
            ]
          },
          {
            "x": 145,
            "y": 81.12479556493959,
            "side": "right",
            "color": [
              218,
              173,
              126
            ]
          },
          {
            "x": 171,
            "y": 100.12479556493975,
            "side": "right",
            "color": [
              251,
              161,
              193
            ]
          },
          {
            "x": 174,
            "y": 65.12479556493946,
            "side": "right",
            "color": [
              197,
              238,
              179
            ]
          },
          {
            "x": 207,
            "y": 98.12479556493973,
            "side": "right",
            "color": [
              254,
              125,
              175
            ]
          }
        ]
      },
      {
        "frame_idx": 53,
        "left_objects": 2,
        "right_objects": 4,
        "total_objects": 6,
        "objects": [
          {
            "x": 34,
            "y": 143.66530263194852,
            "side": "left",
            "color": [
              218,
              185,
              179
            ]
          },
          {
            "x": 50,
            "y": 122.66530263194856,
            "side": "left",
            "color": [
              210,
              204,
              190
            ]
          },
          {
            "x": 145,
            "y": 79.33469736805165,
            "side": "right",
            "color": [
              218,
              173,
              126
            ]
          },
          {
            "x": 171,
            "y": 98.3346973680518,
            "side": "right",
            "color": [
              251,
              161,
              193
            ]
          },
          {
            "x": 174,
            "y": 63.33469736805153,
            "side": "right",
            "color": [
              197,
              238,
              179
            ]
          },
          {
            "x": 207,
            "y": 96.33469736805179,
            "side": "right",
            "color": [
              254,
              125,
              175
            ]
          }
        ]
      },
      {
        "frame_idx": 54,
        "left_objects": 2,
        "right_objects": 4,
        "total_objects": 6,
        "objects": [
          {
            "x": 34,
            "y": 145.45540082883645,
            "side": "left",
            "color": [
              218,
              185,
              179
            ]
          },
          {
            "x": 50,
            "y": 124.4554008288365,
            "side": "left",
            "color": [
              210,
              204,
              190
            ]
          },
          {
            "x": 145,
            "y": 77.54459917116371,
            "side": "right",
            "color": [
              218,
              173,
              126
            ]
          },
          {
            "x": 171,
            "y": 96.54459917116387,
            "side": "right",
            "color": [
              251,
              161,
              193
            ]
          },
          {
            "x": 174,
            "y": 61.5445991711636,
            "side": "right",
            "color": [
              197,
              238,
              179
            ]
          },
          {
            "x": 207,
            "y": 94.54459917116385,
            "side": "right",
            "color": [
              254,
              125,
              175
            ]
          }
        ]
      },
      {
        "frame_idx": 55,
        "left_objects": 2,
        "right_objects": 4,
        "total_objects": 6,
        "objects": [
          {
            "x": 34,
            "y": 147.24549902572437,
            "side": "left",
            "color": [
              218,
              185,
              179
            ]
          },
          {
            "x": 50,
            "y": 126.24549902572444,
            "side": "left",
            "color": [
              210,
              204,
              190
            ]
          },
          {
            "x": 145,
            "y": 75.75450097427577,
            "side": "right",
            "color": [
              218,
              173,
              126
            ]
          },
          {
            "x": 171,
            "y": 94.75450097427593,
            "side": "right",
            "color": [
              251,
              161,
              193
            ]
          },
          {
            "x": 174,
            "y": 59.754500974275665,
            "side": "right",
            "color": [
              197,
              238,
              179
            ]
          },
          {
            "x": 207,
            "y": 92.75450097427591,
            "side": "right",
            "color": [
              254,
              125,
              175
            ]
          }
        ]
      },
      {
        "frame_idx": 56,
        "left_objects": 2,
        "right_objects": 4,
        "total_objects": 6,
        "objects": [
          {
            "x": 34,
            "y": 149.0355972226123,
            "side": "left",
            "color": [
              218,
              185,
              179
            ]
          },
          {
            "x": 50,
            "y": 128.03559722261238,
            "side": "left",
            "color": [
              210,
              204,
              190
            ]
          },
          {
            "x": 145,
            "y": 73.96440277738783,
            "side": "right",
            "color": [
              218,
              173,
              126
            ]
          },
          {
            "x": 171,
            "y": 92.96440277738799,
            "side": "right",
            "color": [
              251,
              161,
              193
            ]
          },
          {
            "x": 174,
            "y": 57.96440277738773,
            "side": "right",
            "color": [
              197,
              238,
              179
            ]
          },
          {
            "x": 207,
            "y": 90.96440277738797,
            "side": "right",
            "color": [
              254,
              125,
              175
            ]
          }
        ]
      },
      {
        "frame_idx": 57,
        "left_objects": 2,
        "right_objects": 4,
        "total_objects": 6,
        "objects": [
          {
            "x": 34,
            "y": 150.82569541950022,
            "side": "left",
            "color": [
              218,
              185,
              179
            ]
          },
          {
            "x": 50,
            "y": 129.8256954195003,
            "side": "left",
            "color": [
              210,
              204,
              190
            ]
          },
          {
            "x": 145,
            "y": 72.17430458049989,
            "side": "right",
            "color": [
              218,
              173,
              126
            ]
          },
          {
            "x": 171,
            "y": 91.17430458050005,
            "side": "right",
            "color": [
              251,
              161,
              193
            ]
          },
          {
            "x": 174,
            "y": 56.1743045804998,
            "side": "right",
            "color": [
              197,
              238,
              179
            ]
          },
          {
            "x": 207,
            "y": 89.17430458050003,
            "side": "right",
            "color": [
              254,
              125,
              175
            ]
          }
        ]
      },
      {
        "frame_idx": 58,
        "left_objects": 2,
        "right_objects": 4,
        "total_objects": 6,
        "objects": [
          {
            "x": 34,
            "y": 152.61579361638815,
            "side": "left",
            "color": [
              218,
              185,
              179
            ]
          },
          {
            "x": 50,
            "y": 131.61579361638823,
            "side": "left",
            "color": [
              210,
              204,
              190
            ]
          },
          {
            "x": 145,
            "y": 70.38420638361195,
            "side": "right",
            "color": [
              218,
              173,
              126
            ]
          },
          {
            "x": 171,
            "y": 89.38420638361211,
            "side": "right",
            "color": [
              251,
              161,
              193
            ]
          },
          {
            "x": 174,
            "y": 54.38420638361187,
            "side": "right",
            "color": [
              197,
              238,
              179
            ]
          },
          {
            "x": 207,
            "y": 87.3842063836121,
            "side": "right",
            "color": [
              254,
              125,
              175
            ]
          }
        ]
      },
      {
        "frame_idx": 59,
        "left_objects": 2,
        "right_objects": 4,
        "total_objects": 6,
        "objects": [
          {
            "x": 34,
            "y": 154.40589181327607,
            "side": "left",
            "color": [
              218,
              185,
              179
            ]
          },
          {
            "x": 50,
            "y": 133.40589181327616,
            "side": "left",
            "color": [
              210,
              204,
              190
            ]
          },
          {
            "x": 145,
            "y": 68.59410818672401,
            "side": "right",
            "color": [
              218,
              173,
              126
            ]
          },
          {
            "x": 171,
            "y": 87.59410818672417,
            "side": "right",
            "color": [
              251,
              161,
              193
            ]
          },
          {
            "x": 174,
            "y": 52.594108186723936,
            "side": "right",
            "color": [
              197,
              238,
              179
            ]
          },
          {
            "x": 207,
            "y": 85.59410818672416,
            "side": "right",
            "color": [
              254,
              125,
              175
            ]
          }
        ]
      }
    ]
  }
}