{
  "sample_id": "observation_000003_436183",
  "sample_type": "observation",
  "scenario": "sparse",
  "params": {
    "width": 224,
    "height": 224,
    "left_objects": 2,
    "right_objects": 2,
    "velocity": 1.3440260823790244,
    "object_radius": 14
  },
  "generation_info": {
    "timestamp": "2025-11-07T17:35:58.152273",
    "seed": 223219,
    "generator_version": "1.0"
  },
  "video_stats": {
    "num_frames": 60,
    "frame_size": [
      224,
      224,
      3
    ],
    "duration_seconds": 6.0
  },
  "quality_analysis": {
    "quality": "poor",
    "movement_score": 4.0,
    "avg_objects": 4.0,
    "issues": [
      "low_movement"
    ]
  },
  "physics_simulation": {
    "num_frames": 60,
    "fps": 10,
    "resolution": [
      224,
      224
    ],
    "left_objects": 2,
    "right_objects": 2,
    "object_radius": 14,
    "velocity": 1.3440260823790244,
    "frames": [
      {
        "frame_idx": 0,
        "left_objects": 2,
        "right_objects": 2,
        "total_objects": 4,
        "objects": [
          {
            "x": 17,
            "y": 28.344026082379024,
            "side": "left",
            "color": [
              214,
              104,
              240
            ]
          },
          {
            "x": 71,
            "y": 39.344026082379024,
            "side": "left",
            "color": [
              249,
              124,
              120
            ]
          },
          {
            "x": 147,
            "y": 166.65597391762097,
            "side": "right",
            "color": [
              156,
              161,
              131
            ]
          },
          {
            "x": 191,
            "y": 183.65597391762097,
            "side": "right",
            "color": [
              211,
              178,
              170
            ]
          }
        ]
      },
      {
        "frame_idx": 1,
        "left_objects": 2,
        "right_objects": 2,
        "total_objects": 4,
        "objects": [
          {
            "x": 17,
            "y": 29.688052164758048,
            "side": "left",
            "color": [
              214,
              104,
              240
            ]
          },
          {
            "x": 71,
            "y": 40.68805216475805,
            "side": "left",
            "color": [
              249,
              124,
              120
            ]
          },
          {
            "x": 147,
            "y": 165.31194783524194,
            "side": "right",
            "color": [
              156,
              161,
              131
            ]
          },
          {
            "x": 191,
            "y": 182.31194783524194,
            "side": "right",
            "color": [
              211,
              178,
              170
            ]
          }
        ]
      },
      {
        "frame_idx": 2,
        "left_objects": 2,
        "right_objects": 2,
        "total_objects": 4,
        "objects": [
          {
            "x": 17,
            "y": 31.032078247137072,
            "side": "left",
            "color": [
              214,
              104,
              240
            ]
          },
          {
            "x": 71,
            "y": 42.03207824713707,
            "side": "left",
            "color": [
              249,
              124,
              120
            ]
          },
          {
            "x": 147,
            "y": 163.9679217528629,
            "side": "right",
            "color": [
              156,
              161,
              131
            ]
          },
          {
            "x": 191,
            "y": 180.9679217528629,
            "side": "right",
            "color": [
              211,
              178,
              170
            ]
          }
        ]
      },
      {
        "frame_idx": 3,
        "left_objects": 2,
        "right_objects": 2,
        "total_objects": 4,
        "objects": [
          {
            "x": 17,
            "y": 32.376104329516096,
            "side": "left",
            "color": [
              214,
              104,
              240
            ]
          },
          {
            "x": 71,
            "y": 43.376104329516096,
            "side": "left",
            "color": [
              249,
              124,
              120
            ]
          },
          {
            "x": 147,
            "y": 162.62389567048388,
            "side": "right",
            "color": [
              156,
              161,
              131
            ]
          },
          {
            "x": 191,
            "y": 179.62389567048388,
            "side": "right",
            "color": [
              211,
              178,
              170
            ]
          }
        ]
      },
      {
        "frame_idx": 4,
        "left_objects": 2,
        "right_objects": 2,
        "total_objects": 4,
        "objects": [
          {
            "x": 17,
            "y": 33.72013041189512,
            "side": "left",
            "color": [
              214,
              104,
              240
            ]
          },
          {
            "x": 71,
            "y": 44.72013041189512,
            "side": "left",
            "color": [
              249,
              124,
              120
            ]
          },
          {
            "x": 147,
            "y": 161.27986958810484,
            "side": "right",
            "color": [
              156,
              161,
              131
            ]
          },
          {
            "x": 191,
            "y": 178.27986958810484,
            "side": "right",
            "color": [
              211,
              178,
              170
            ]
          }
        ]
      },
      {
        "frame_idx": 5,
        "left_objects": 2,
        "right_objects": 2,
        "total_objects": 4,
        "objects": [
          {
            "x": 17,
            "y": 35.064156494274144,
            "side": "left",
            "color": [
              214,
              104,
              240
            ]
          },
          {
            "x": 71,
            "y": 46.064156494274144,
            "side": "left",
            "color": [
              249,
              124,
              120
            ]
          },
          {
            "x": 147,
            "y": 159.9358435057258,
            "side": "right",
            "color": [
              156,
              161,
              131
            ]
          },
          {
            "x": 191,
            "y": 176.9358435057258,
            "side": "right",
            "color": [
              211,
              178,
              170
            ]
          }
        ]
      },
      {
        "frame_idx": 6,
        "left_objects": 2,
        "right_objects": 2,
        "total_objects": 4,
        "objects": [
          {
            "x": 17,
            "y": 36.40818257665317,
            "side": "left",
            "color": [
              214,
              104,
              240
            ]
          },
          {
            "x": 71,
            "y": 47.40818257665317,
            "side": "left",
            "color": [
              249,
              124,
              120
            ]
          },
          {
            "x": 147,
            "y": 158.59181742334678,
            "side": "right",
            "color": [
              156,
              161,
              131
            ]
          },
          {
            "x": 191,
            "y": 175.59181742334678,
            "side": "right",
            "color": [
              211,
              178,
              170
            ]
          }
        ]
      },
      {
        "frame_idx": 7,
        "left_objects": 2,
        "right_objects": 2,
        "total_objects": 4,
        "objects": [
          {
            "x": 17,
            "y": 37.75220865903219,
            "side": "left",
            "color": [
              214,
              104,
              240
            ]
          },
          {
            "x": 71,
            "y": 48.75220865903219,
            "side": "left",
            "color": [
              249,
              124,
              120
            ]
          },
          {
            "x": 147,
            "y": 157.24779134096775,
            "side": "right",
            "color": [
              156,
              161,
              131
            ]
          },
          {
            "x": 191,
            "y": 174.24779134096775,
            "side": "right",
            "color": [
              211,
              178,
              170
            ]
          }
        ]
      },
      {
        "frame_idx": 8,
        "left_objects": 2,
        "right_objects": 2,
        "total_objects": 4,
        "objects": [
          {
            "x": 17,
            "y": 39.096234741411216,
            "side": "left",
            "color": [
              214,
              104,
              240
            ]
          },
          {
            "x": 71,
            "y": 50.096234741411216,
            "side": "left",
            "color": [
              249,
              124,
              120
            ]
          },
          {
            "x": 147,
            "y": 155.90376525858872,
            "side": "right",
            "color": [
              156,
              161,
              131
            ]
          },
          {
            "x": 191,
            "y": 172.90376525858872,
            "side": "right",
            "color": [
              211,
              178,
              170
            ]
          }
        ]
      },
      {
        "frame_idx": 9,
        "left_objects": 2,
        "right_objects": 2,
        "total_objects": 4,
        "objects": [
          {
            "x": 17,
            "y": 40.44026082379024,
            "side": "left",
            "color": [
              214,
              104,
              240
            ]
          },
          {
            "x": 71,
            "y": 51.44026082379024,
            "side": "left",
            "color": [
              249,
              124,
              120
            ]
          },
          {
            "x": 147,
            "y": 154.5597391762097,
            "side": "right",
            "color": [
              156,
              161,
              131
            ]
          },
          {
            "x": 191,
            "y": 171.5597391762097,
            "side": "right",
            "color": [
              211,
              178,
              170
            ]
          }
        ]
      },
      {
        "frame_idx": 10,
        "left_objects": 2,
        "right_objects": 2,
        "total_objects": 4,
        "objects": [
          {
            "x": 17,
            "y": 41.784286906169264,
            "side": "left",
            "color": [
              214,
              104,
              240
            ]
          },
          {
            "x": 71,
            "y": 52.784286906169264,
            "side": "left",
            "color": [
              249,
              124,
              120
            ]
          },
          {
            "x": 147,
            "y": 153.21571309383066,
            "side": "right",
            "color": [
              156,
              161,
              131
            ]
          },
          {
            "x": 191,
            "y": 170.21571309383066,
            "side": "right",
            "color": [
              211,
              178,
              170
            ]
          }
        ]
      },
      {
        "frame_idx": 11,
        "left_objects": 2,
        "right_objects": 2,
        "total_objects": 4,
        "objects": [
          {
            "x": 17,
            "y": 43.12831298854829,
            "side": "left",
            "color": [
              214,
              104,
              240
            ]
          },
          {
            "x": 71,
            "y": 54.12831298854829,
            "side": "left",
            "color": [
              249,
              124,
              120
            ]
          },
          {
            "x": 147,
            "y": 151.87168701145163,
            "side": "right",
            "color": [
              156,
              161,
              131
            ]
          },
          {
            "x": 191,
            "y": 168.87168701145163,
            "side": "right",
            "color": [
              211,
              178,
              170
            ]
          }
        ]
      },
      {
        "frame_idx": 12,
        "left_objects": 2,
        "right_objects": 2,
        "total_objects": 4,
        "objects": [
          {
            "x": 17,
            "y": 44.47233907092731,
            "side": "left",
            "color": [
              214,
              104,
              240
            ]
          },
          {
            "x": 71,
            "y": 55.47233907092731,
            "side": "left",
            "color": [
              249,
              124,
              120
            ]
          },
          {
            "x": 147,
            "y": 150.5276609290726,
            "side": "right",
            "color": [
              156,
              161,
              131
            ]
          },
          {
            "x": 191,
            "y": 167.5276609290726,
            "side": "right",
            "color": [
              211,
              178,
              170
            ]
          }
        ]
      },
      {
        "frame_idx": 13,
        "left_objects": 2,
        "right_objects": 2,
        "total_objects": 4,
        "objects": [
          {
            "x": 17,
            "y": 45.816365153306336,
            "side": "left",
            "color": [
              214,
              104,
              240
            ]
          },
          {
            "x": 71,
            "y": 56.816365153306336,
            "side": "left",
            "color": [
              249,
              124,
              120
            ]
          },
          {
            "x": 147,
            "y": 149.18363484669356,
            "side": "right",
            "color": [
              156,
              161,
              131
            ]
          },
          {
            "x": 191,
            "y": 166.18363484669356,
            "side": "right",
            "color": [
              211,
              178,
              170
            ]
          }
        ]
      },
      {
        "frame_idx": 14,
        "left_objects": 2,
        "right_objects": 2,
        "total_objects": 4,
        "objects": [
          {
            "x": 17,
            "y": 47.16039123568536,
            "side": "left",
            "color": [
              214,
              104,
              240
            ]
          },
          {
            "x": 71,
            "y": 58.16039123568536,
            "side": "left",
            "color": [
              249,
              124,
              120
            ]
          },
          {
            "x": 147,
            "y": 147.83960876431453,
            "side": "right",
            "color": [
              156,
              161,
              131
            ]
          },
          {
            "x": 191,
            "y": 164.83960876431453,
            "side": "right",
            "color": [
              211,
              178,
              170
            ]
          }
        ]
      },
      {
        "frame_idx": 15,
        "left_objects": 2,
        "right_objects": 2,
        "total_objects": 4,
        "objects": [
          {
            "x": 17,
            "y": 48.504417318064384,
            "side": "left",
            "color": [
              214,
              104,
              240
            ]
          },
          {
            "x": 71,
            "y": 59.504417318064384,
            "side": "left",
            "color": [
              249,
              124,
              120
            ]
          },
          {
            "x": 147,
            "y": 146.4955826819355,
            "side": "right",
            "color": [
              156,
              161,
              131
            ]
          },
          {
            "x": 191,
            "y": 163.4955826819355,
            "side": "right",
            "color": [
              211,
              178,
              170
            ]
          }
        ]
      },
      {
        "frame_idx": 16,
        "left_objects": 2,
        "right_objects": 2,
        "total_objects": 4,
        "objects": [
          {
            "x": 17,
            "y": 49.84844340044341,
            "side": "left",
            "color": [
              214,
              104,
              240
            ]
          },
          {
            "x": 71,
            "y": 60.84844340044341,
            "side": "left",
            "color": [
              249,
              124,
              120
            ]
          },
          {
            "x": 147,
            "y": 145.15155659955647,
            "side": "right",
            "color": [
              156,
              161,
              131
            ]
          },
          {
            "x": 191,
            "y": 162.15155659955647,
            "side": "right",
            "color": [
              211,
              178,
              170
            ]
          }
        ]
      },
      {
        "frame_idx": 17,
        "left_objects": 2,
        "right_objects": 2,
        "total_objects": 4,
        "objects": [
          {
            "x": 17,
            "y": 51.19246948282243,
            "side": "left",
            "color": [
              214,
              104,
              240
            ]
          },
          {
            "x": 71,
            "y": 62.19246948282243,
            "side": "left",
            "color": [
              249,
              124,
              120
            ]
          },
          {
            "x": 147,
            "y": 143.80753051717744,
            "side": "right",
            "color": [
              156,
              161,
              131
            ]
          },
          {
            "x": 191,
            "y": 160.80753051717744,
            "side": "right",
            "color": [
              211,
              178,
              170
            ]
          }
        ]
      },
      {
        "frame_idx": 18,
        "left_objects": 2,
        "right_objects": 2,
        "total_objects": 4,
        "objects": [
          {
            "x": 17,
            "y": 52.536495565201456,
            "side": "left",
            "color": [
              214,
              104,
              240
            ]
          },
          {
            "x": 71,
            "y": 63.536495565201456,
            "side": "left",
            "color": [
              249,
              124,
              120
            ]
          },
          {
            "x": 147,
            "y": 142.4635044347984,
            "side": "right",
            "color": [
              156,
              161,
              131
            ]
          },
          {
            "x": 191,
            "y": 159.4635044347984,
            "side": "right",
            "color": [
              211,
              178,
              170
            ]
          }
        ]
      },
      {
        "frame_idx": 19,
        "left_objects": 2,
        "right_objects": 2,
        "total_objects": 4,
        "objects": [
          {
            "x": 17,
            "y": 53.88052164758048,
            "side": "left",
            "color": [
              214,
              104,
              240
            ]
          },
          {
            "x": 71,
            "y": 64.88052164758048,
            "side": "left",
            "color": [
              249,
              124,
              120
            ]
          },
          {
            "x": 147,
            "y": 141.11947835241938,
            "side": "right",
            "color": [
              156,
              161,
              131
            ]
          },
          {
            "x": 191,
            "y": 158.11947835241938,
            "side": "right",
            "color": [
              211,
              178,
              170
            ]
          }
        ]
      },
      {
        "frame_idx": 20,
        "left_objects": 2,
        "right_objects": 2,
        "total_objects": 4,
        "objects": [
          {
            "x": 17,
            "y": 55.224547729959504,
            "side": "left",
            "color": [
              214,
              104,
              240
            ]
          },
          {
            "x": 71,
            "y": 66.22454772995951,
            "side": "left",
            "color": [
              249,
              124,
              120
            ]
          },
          {
            "x": 147,
            "y": 139.77545227004035,
            "side": "right",
            "color": [
              156,
              161,
              131
            ]
          },
          {
            "x": 191,
            "y": 156.77545227004035,
            "side": "right",
            "color": [
              211,
              178,
              170
            ]
          }
        ]
      },
      {
        "frame_idx": 21,
        "left_objects": 2,
        "right_objects": 2,
        "total_objects": 4,
        "objects": [
          {
            "x": 17,
            "y": 56.56857381233853,
            "side": "left",
            "color": [
              214,
              104,
              240
            ]
          },
          {
            "x": 71,
            "y": 67.56857381233854,
            "side": "left",
            "color": [
              249,
              124,
              120
            ]
          },
          {
            "x": 147,
            "y": 138.43142618766132,
            "side": "right",
            "color": [
              156,
              161,
              131
            ]
          },
          {
            "x": 191,
            "y": 155.43142618766132,
            "side": "right",
            "color": [
              211,
              178,
              170
            ]
          }
        ]
      },
      {
        "frame_idx": 22,
        "left_objects": 2,
        "right_objects": 2,
        "total_objects": 4,
        "objects": [
          {
            "x": 17,
            "y": 57.91259989471755,
            "side": "left",
            "color": [
              214,
              104,
              240
            ]
          },
          {
            "x": 71,
            "y": 68.91259989471757,
            "side": "left",
            "color": [
              249,
              124,
              120
            ]
          },
          {
            "x": 147,
            "y": 137.08740010528228,
            "side": "right",
            "color": [
              156,
              161,
              131
            ]
          },
          {
            "x": 191,
            "y": 154.08740010528228,
            "side": "right",
            "color": [
              211,
              178,
              170
            ]
          }
        ]
      },
      {
        "frame_idx": 23,
        "left_objects": 2,
        "right_objects": 2,
        "total_objects": 4,
        "objects": [
          {
            "x": 17,
            "y": 59.256625977096576,
            "side": "left",
            "color": [
              214,
              104,
              240
            ]
          },
          {
            "x": 71,
            "y": 70.2566259770966,
            "side": "left",
            "color": [
              249,
              124,
              120
            ]
          },
          {
            "x": 147,
            "y": 135.74337402290325,
            "side": "right",
            "color": [
              156,
              161,
              131
            ]
          },
          {
            "x": 191,
            "y": 152.74337402290325,
            "side": "right",
            "color": [
              211,
              178,
              170
            ]
          }
        ]
      },
      {
        "frame_idx": 24,
        "left_objects": 2,
        "right_objects": 2,
        "total_objects": 4,
        "objects": [
          {
            "x": 17,
            "y": 60.6006520594756,
            "side": "left",
            "color": [
              214,
              104,
              240
            ]
          },
          {
            "x": 71,
            "y": 71.60065205947564,
            "side": "left",
            "color": [
              249,
              124,
              120
            ]
          },
          {
            "x": 147,
            "y": 134.39934794052422,
            "side": "right",
            "color": [
              156,
              161,
              131
            ]
          },
          {
            "x": 191,
            "y": 151.39934794052422,
            "side": "right",
            "color": [
              211,
              178,
              170
            ]
          }
        ]
      },
      {
        "frame_idx": 25,
        "left_objects": 2,
        "right_objects": 2,
        "total_objects": 4,
        "objects": [
          {
            "x": 17,
            "y": 61.944678141854624,
            "side": "left",
            "color": [
              214,
              104,
              240
            ]
          },
          {
            "x": 71,
            "y": 72.94467814185467,
            "side": "left",
            "color": [
              249,
              124,
              120
            ]
          },
          {
            "x": 147,
            "y": 133.0553218581452,
            "side": "right",
            "color": [
              156,
              161,
              131
            ]
          },
          {
            "x": 191,
            "y": 150.0553218581452,
            "side": "right",
            "color": [
              211,
              178,
              170
            ]
          }
        ]
      },
      {
        "frame_idx": 26,
        "left_objects": 2,
        "right_objects": 2,
        "total_objects": 4,
        "objects": [
          {
            "x": 17,
            "y": 63.28870422423365,
            "side": "left",
            "color": [
              214,
              104,
              240
            ]
          },
          {
            "x": 71,
            "y": 74.2887042242337,
            "side": "left",
            "color": [
              249,
              124,
              120
            ]
          },
          {
            "x": 147,
            "y": 131.71129577576616,
            "side": "right",
            "color": [
              156,
              161,
              131
            ]
          },
          {
            "x": 191,
            "y": 148.71129577576616,
            "side": "right",
            "color": [
              211,
              178,
              170
            ]
          }
        ]
      },
      {
        "frame_idx": 27,
        "left_objects": 2,
        "right_objects": 2,
        "total_objects": 4,
        "objects": [
          {
            "x": 17,
            "y": 64.63273030661267,
            "side": "left",
            "color": [
              214,
              104,
              240
            ]
          },
          {
            "x": 71,
            "y": 75.63273030661273,
            "side": "left",
            "color": [
              249,
              124,
              120
            ]
          },
          {
            "x": 147,
            "y": 130.36726969338713,
            "side": "right",
            "color": [
              156,
              161,
              131
            ]
          },
          {
            "x": 191,
            "y": 147.36726969338713,
            "side": "right",
            "color": [
              211,
              178,
              170
            ]
          }
        ]
      },
      {
        "frame_idx": 28,
        "left_objects": 2,
        "right_objects": 2,
        "total_objects": 4,
        "objects": [
          {
            "x": 17,
            "y": 65.9767563889917,
            "side": "left",
            "color": [
              214,
              104,
              240
            ]
          },
          {
            "x": 71,
            "y": 76.97675638899176,
            "side": "left",
            "color": [
              249,
              124,
              120
            ]
          },
          {
            "x": 147,
            "y": 129.0232436110081,
            "side": "right",
            "color": [
              156,
              161,
              131
            ]
          },
          {
            "x": 191,
            "y": 146.0232436110081,
            "side": "right",
            "color": [
              211,
              178,
              170
            ]
          }
        ]
      },
      {
        "frame_idx": 29,
        "left_objects": 2,
        "right_objects": 2,
        "total_objects": 4,
        "objects": [
          {
            "x": 17,
            "y": 67.32078247137073,
            "side": "left",
            "color": [
              214,
              104,
              240
            ]
          },
          {
            "x": 71,
            "y": 78.32078247137079,
            "side": "left",
            "color": [
              249,
              124,
              120
            ]
          },
          {
            "x": 147,
            "y": 127.67921752862907,
            "side": "right",
            "color": [
              156,
              161,
              131
            ]
          },
          {
            "x": 191,
            "y": 144.67921752862907,
            "side": "right",
            "color": [
              211,
              178,
              170
            ]
          }
        ]
      },
      {
        "frame_idx": 30,
        "left_objects": 2,
        "right_objects": 2,
        "total_objects": 4,
        "objects": [
          {
            "x": 17,
            "y": 68.66480855374976,
            "side": "left",
            "color": [
              214,
              104,
              240
            ]
          },
          {
            "x": 71,
            "y": 79.66480855374982,
            "side": "left",
            "color": [
              249,
              124,
              120
            ]
          },
          {
            "x": 147,
            "y": 126.33519144625004,
            "side": "right",
            "color": [
              156,
              161,
              131
            ]
          },
          {
            "x": 191,
            "y": 143.33519144625004,
            "side": "right",
            "color": [
              211,
              178,
              170
            ]
          }
        ]
      },
      {
        "frame_idx": 31,
        "left_objects": 2,
        "right_objects": 2,
        "total_objects": 4,
        "objects": [
          {
            "x": 17,
            "y": 70.0088346361288,
            "side": "left",
            "color": [
              214,
              104,
              240
            ]
          },
          {
            "x": 71,
            "y": 81.00883463612885,
            "side": "left",
            "color": [
              249,
              124,
              120
            ]
          },
          {
            "x": 147,
            "y": 124.991165363871,
            "side": "right",
            "color": [
              156,
              161,
              131
            ]
          },
          {
            "x": 191,
            "y": 141.991165363871,
            "side": "right",
            "color": [
              211,
              178,
              170
            ]
          }
        ]
      },
      {
        "frame_idx": 32,
        "left_objects": 2,
        "right_objects": 2,
        "total_objects": 4,
        "objects": [
          {
            "x": 17,
            "y": 71.35286071850783,
            "side": "left",
            "color": [
              214,
              104,
              240
            ]
          },
          {
            "x": 71,
            "y": 82.35286071850788,
            "side": "left",
            "color": [
              249,
              124,
              120
            ]
          },
          {
            "x": 147,
            "y": 123.64713928149197,
            "side": "right",
            "color": [
              156,
              161,
              131
            ]
          },
          {
            "x": 191,
            "y": 140.64713928149197,
            "side": "right",
            "color": [
              211,
              178,
              170
            ]
          }
        ]
      },
      {
        "frame_idx": 33,
        "left_objects": 2,
        "right_objects": 2,
        "total_objects": 4,
        "objects": [
          {
            "x": 17,
            "y": 72.69688680088686,
            "side": "left",
            "color": [
              214,
              104,
              240
            ]
          },
          {
            "x": 71,
            "y": 83.69688680088692,
            "side": "left",
            "color": [
              249,
              124,
              120
            ]
          },
          {
            "x": 147,
            "y": 122.30311319911294,
            "side": "right",
            "color": [
              156,
              161,
              131
            ]
          },
          {
            "x": 191,
            "y": 139.30311319911294,
            "side": "right",
            "color": [
              211,
              178,
              170
            ]
          }
        ]
      },
      {
        "frame_idx": 34,
        "left_objects": 2,
        "right_objects": 2,
        "total_objects": 4,
        "objects": [
          {
            "x": 17,
            "y": 74.04091288326589,
            "side": "left",
            "color": [
              214,
              104,
              240
            ]
          },
          {
            "x": 71,
            "y": 85.04091288326595,
            "side": "left",
            "color": [
              249,
              124,
              120
            ]
          },
          {
            "x": 147,
            "y": 120.95908711673391,
            "side": "right",
            "color": [
              156,
              161,
              131
            ]
          },
          {
            "x": 191,
            "y": 137.9590871167339,
            "side": "right",
            "color": [
              211,
              178,
              170
            ]
          }
        ]
      },
      {
        "frame_idx": 35,
        "left_objects": 2,
        "right_objects": 2,
        "total_objects": 4,
        "objects": [
          {
            "x": 17,
            "y": 75.38493896564492,
            "side": "left",
            "color": [
              214,
              104,
              240
            ]
          },
          {
            "x": 71,
            "y": 86.38493896564498,
            "side": "left",
            "color": [
              249,
              124,
              120
            ]
          },
          {
            "x": 147,
            "y": 119.61506103435488,
            "side": "right",
            "color": [
              156,
              161,
              131
            ]
          },
          {
            "x": 191,
            "y": 136.61506103435488,
            "side": "right",
            "color": [
              211,
              178,
              170
            ]
          }
        ]
      },
      {
        "frame_idx": 36,
        "left_objects": 2,
        "right_objects": 2,
        "total_objects": 4,
        "objects": [
          {
            "x": 17,
            "y": 76.72896504802395,
            "side": "left",
            "color": [
              214,
              104,
              240
            ]
          },
          {
            "x": 71,
            "y": 87.72896504802401,
            "side": "left",
            "color": [
              249,
              124,
              120
            ]
          },
          {
            "x": 147,
            "y": 118.27103495197585,
            "side": "right",
            "color": [
              156,
              161,
              131
            ]
          },
          {
            "x": 191,
            "y": 135.27103495197585,
            "side": "right",
            "color": [
              211,
              178,
              170
            ]
          }
        ]
      },
      {
        "frame_idx": 37,
        "left_objects": 2,
        "right_objects": 2,
        "total_objects": 4,
        "objects": [
          {
            "x": 17,
            "y": 78.07299113040298,
            "side": "left",
            "color": [
              214,
              104,
              240
            ]
          },
          {
            "x": 71,
            "y": 89.07299113040304,
            "side": "left",
            "color": [
              249,
              124,
              120
            ]
          },
          {
            "x": 147,
            "y": 116.92700886959682,
            "side": "right",
            "color": [
              156,
              161,
              131
            ]
          },
          {
            "x": 191,
            "y": 133.92700886959682,
            "side": "right",
            "color": [
              211,
              178,
              170
            ]
          }
        ]
      },
      {
        "frame_idx": 38,
        "left_objects": 2,
        "right_objects": 2,
        "total_objects": 4,
        "objects": [
          {
            "x": 17,
            "y": 79.41701721278201,
            "side": "left",
            "color": [
              214,
              104,
              240
            ]
          },
          {
            "x": 71,
            "y": 90.41701721278207,
            "side": "left",
            "color": [
              249,
              124,
              120
            ]
          },
          {
            "x": 147,
            "y": 115.58298278721779,
            "side": "right",
            "color": [
              156,
              161,
              131
            ]
          },
          {
            "x": 191,
            "y": 132.5829827872178,
            "side": "right",
            "color": [
              211,
              178,
              170
            ]
          }
        ]
      },
      {
        "frame_idx": 39,
        "left_objects": 2,
        "right_objects": 2,
        "total_objects": 4,
        "objects": [
          {
            "x": 17,
            "y": 80.76104329516104,
            "side": "left",
            "color": [
              214,
              104,
              240
            ]
          },
          {
            "x": 71,
            "y": 91.7610432951611,
            "side": "left",
            "color": [
              249,
              124,
              120
            ]
          },
          {
            "x": 147,
            "y": 114.23895670483876,
            "side": "right",
            "color": [
              156,
              161,
              131
            ]
          },
          {
            "x": 191,
            "y": 131.23895670483876,
            "side": "right",
            "color": [
              211,
              178,
              170
            ]
          }
        ]
      },
      {
        "frame_idx": 40,
        "left_objects": 2,
        "right_objects": 2,
        "total_objects": 4,
        "objects": [
          {
            "x": 17,
            "y": 82.10506937754008,
            "side": "left",
            "color": [
              214,
              104,
              240
            ]
          },
          {
            "x": 71,
            "y": 93.10506937754013,
            "side": "left",
            "color": [
              249,
              124,
              120
            ]
          },
          {
            "x": 147,
            "y": 112.89493062245973,
            "side": "right",
            "color": [
              156,
              161,
              131
            ]
          },
          {
            "x": 191,
            "y": 129.89493062245973,
            "side": "right",
            "color": [
              211,
              178,
              170
            ]
          }
        ]
      },
      {
        "frame_idx": 41,
        "left_objects": 2,
        "right_objects": 2,
        "total_objects": 4,
        "objects": [
          {
            "x": 17,
            "y": 83.4490954599191,
            "side": "left",
            "color": [
              214,
              104,
              240
            ]
          },
          {
            "x": 71,
            "y": 94.44909545991916,
            "side": "left",
            "color": [
              249,
              124,
              120
            ]
          },
          {
            "x": 147,
            "y": 111.5509045400807,
            "side": "right",
            "color": [
              156,
              161,
              131
            ]
          },
          {
            "x": 191,
            "y": 128.5509045400807,
            "side": "right",
            "color": [
              211,
              178,
              170
            ]
          }
        ]
      },
      {
        "frame_idx": 42,
        "left_objects": 2,
        "right_objects": 2,
        "total_objects": 4,
        "objects": [
          {
            "x": 17,
            "y": 84.79312154229814,
            "side": "left",
            "color": [
              214,
              104,
              240
            ]
          },
          {
            "x": 71,
            "y": 95.7931215422982,
            "side": "left",
            "color": [
              249,
              124,
              120
            ]
          },
          {
            "x": 147,
            "y": 110.20687845770166,
            "side": "right",
            "color": [
              156,
              161,
              131
            ]
          },
          {
            "x": 191,
            "y": 127.20687845770166,
            "side": "right",
            "color": [
              211,
              178,
              170
            ]
          }
        ]
      },
      {
        "frame_idx": 43,
        "left_objects": 2,
        "right_objects": 2,
        "total_objects": 4,
        "objects": [
          {
            "x": 17,
            "y": 86.13714762467717,
            "side": "left",
            "color": [
              214,
              104,
              240
            ]
          },
          {
            "x": 71,
            "y": 97.13714762467723,
            "side": "left",
            "color": [
              249,
              124,
              120
            ]
          },
          {
            "x": 147,
            "y": 108.86285237532263,
            "side": "right",
            "color": [
              156,
              161,
              131
            ]
          },
          {
            "x": 191,
            "y": 125.86285237532263,
            "side": "right",
            "color": [
              211,
              178,
              170
            ]
          }
        ]
      },
      {
        "frame_idx": 44,
        "left_objects": 2,
        "right_objects": 2,
        "total_objects": 4,
        "objects": [
          {
            "x": 17,
            "y": 87.4811737070562,
            "side": "left",
            "color": [
              214,
              104,
              240
            ]
          },
          {
            "x": 71,
            "y": 98.48117370705626,
            "side": "left",
            "color": [
              249,
              124,
              120
            ]
          },
          {
            "x": 147,
            "y": 107.5188262929436,
            "side": "right",
            "color": [
              156,
              161,
              131
            ]
          },
          {
            "x": 191,
            "y": 124.5188262929436,
            "side": "right",
            "color": [
              211,
              178,
              170
            ]
          }
        ]
      },
      {
        "frame_idx": 45,
        "left_objects": 2,
        "right_objects": 2,
        "total_objects": 4,
        "objects": [
          {
            "x": 17,
            "y": 88.82519978943523,
            "side": "left",
            "color": [
              214,
              104,
              240
            ]
          },
          {
            "x": 71,
            "y": 99.82519978943529,
            "side": "left",
            "color": [
              249,
              124,
              120
            ]
          },
          {
            "x": 147,
            "y": 106.17480021056457,
            "side": "right",
            "color": [
              156,
              161,
              131
            ]
          },
          {
            "x": 191,
            "y": 123.17480021056457,
            "side": "right",
            "color": [
              211,
              178,
              170
            ]
          }
        ]
      },
      {
        "frame_idx": 46,
        "left_objects": 2,
        "right_objects": 2,
        "total_objects": 4,
        "objects": [
          {
            "x": 17,
            "y": 90.16922587181426,
            "side": "left",
            "color": [
              214,
              104,
              240
            ]
          },
          {
            "x": 71,
            "y": 101.16922587181432,
            "side": "left",
            "color": [
              249,
              124,
              120
            ]
          },
          {
            "x": 147,
            "y": 104.83077412818554,
            "side": "right",
            "color": [
              156,
              161,
              131
            ]
          },
          {
            "x": 191,
            "y": 121.83077412818554,
            "side": "right",
            "color": [
              211,
              178,
              170
            ]
          }
        ]
      },
      {
        "frame_idx": 47,
        "left_objects": 2,
        "right_objects": 2,
        "total_objects": 4,
        "objects": [
          {
            "x": 17,
            "y": 91.5132519541933,
            "side": "left",
            "color": [
              214,
              104,
              240
            ]
          },
          {
            "x": 71,
            "y": 102.51325195419335,
            "side": "left",
            "color": [
              249,
              124,
              120
            ]
          },
          {
            "x": 147,
            "y": 103.48674804580651,
            "side": "right",
            "color": [
              156,
              161,
              131
            ]
          },
          {
            "x": 191,
            "y": 120.48674804580651,
            "side": "right",
            "color": [
              211,
              178,
              170
            ]
          }
        ]
      },
      {
        "frame_idx": 48,
        "left_objects": 2,
        "right_objects": 2,
        "total_objects": 4,
        "objects": [
          {
            "x": 17,
            "y": 92.85727803657232,
            "side": "left",
            "color": [
              214,
              104,
              240
            ]
          },
          {
            "x": 71,
            "y": 103.85727803657238,
            "side": "left",
            "color": [
              249,
              124,
              120
            ]
          },
          {
            "x": 147,
            "y": 102.14272196342748,
            "side": "right",
            "color": [
              156,
              161,
              131
            ]
          },
          {
            "x": 191,
            "y": 119.14272196342748,
            "side": "right",
            "color": [
              211,
              178,
              170
            ]
          }
        ]
      },
      {
        "frame_idx": 49,
        "left_objects": 2,
        "right_objects": 2,
        "total_objects": 4,
        "objects": [
          {
            "x": 17,
            "y": 94.20130411895136,
            "side": "left",
            "color": [
              214,
              104,
              240
            ]
          },
          {
            "x": 71,
            "y": 105.20130411895141,
            "side": "left",
            "color": [
              249,
              124,
              120
            ]
          },
          {
            "x": 147,
            "y": 100.79869588104845,
            "side": "right",
            "color": [
              156,
              161,
              131
            ]
          },
          {
            "x": 191,
            "y": 117.79869588104845,
            "side": "right",
            "color": [
              211,
              178,
              170
            ]
          }
        ]
      },
      {
        "frame_idx": 50,
        "left_objects": 2,
        "right_objects": 2,
        "total_objects": 4,
        "objects": [
          {
            "x": 17,
            "y": 95.54533020133039,
            "side": "left",
            "color": [
              214,
              104,
              240
            ]
          },
          {
            "x": 71,
            "y": 106.54533020133044,
            "side": "left",
            "color": [
              249,
              124,
              120
            ]
          },
          {
            "x": 147,
            "y": 99.45466979866941,
            "side": "right",
            "color": [
              156,
              161,
              131
            ]
          },
          {
            "x": 191,
            "y": 116.45466979866941,
            "side": "right",
            "color": [
              211,
              178,
              170
            ]
          }
        ]
      },
      {
        "frame_idx": 51,
        "left_objects": 2,
        "right_objects": 2,
        "total_objects": 4,
        "objects": [
          {
            "x": 17,
            "y": 96.88935628370942,
            "side": "left",
            "color": [
              214,
              104,
              240
            ]
          },
          {
            "x": 71,
            "y": 107.88935628370947,
            "side": "left",
            "color": [
              249,
              124,
              120
            ]
          },
          {
            "x": 147,
            "y": 98.11064371629038,
            "side": "right",
            "color": [
              156,
              161,
              131
            ]
          },
          {
            "x": 191,
            "y": 115.11064371629038,
            "side": "right",
            "color": [
              211,
              178,
              170
            ]
          }
        ]
      },
      {
        "frame_idx": 52,
        "left_objects": 2,
        "right_objects": 2,
        "total_objects": 4,
        "objects": [
          {
            "x": 17,
            "y": 98.23338236608845,
            "side": "left",
            "color": [
              214,
              104,
              240
            ]
          },
          {
            "x": 71,
            "y": 109.2333823660885,
            "side": "left",
            "color": [
              249,
              124,
              120
            ]
          },
          {
            "x": 147,
            "y": 96.76661763391135,
            "side": "right",
            "color": [
              156,
              161,
              131
            ]
          },
          {
            "x": 191,
            "y": 113.76661763391135,
            "side": "right",
            "color": [
              211,
              178,
              170
            ]
          }
        ]
      },
      {
        "frame_idx": 53,
        "left_objects": 2,
        "right_objects": 2,
        "total_objects": 4,
        "objects": [
          {
            "x": 17,
            "y": 99.57740844846748,
            "side": "left",
            "color": [
              214,
              104,
              240
            ]
          },
          {
            "x": 71,
            "y": 110.57740844846754,
            "side": "left",
            "color": [
              249,
              124,
              120
            ]
          },
          {
            "x": 147,
            "y": 95.42259155153232,
            "side": "right",
            "color": [
              156,
              161,
              131
            ]
          },
          {
            "x": 191,
            "y": 112.42259155153232,
            "side": "right",
            "color": [
              211,
              178,
              170
            ]
          }
        ]
      },
      {
        "frame_idx": 54,
        "left_objects": 2,
        "right_objects": 2,
        "total_objects": 4,
        "objects": [
          {
            "x": 17,
            "y": 100.92143453084651,
            "side": "left",
            "color": [
              214,
              104,
              240
            ]
          },
          {
            "x": 71,
            "y": 111.92143453084657,
            "side": "left",
            "color": [
              249,
              124,
              120
            ]
          },
          {
            "x": 147,
            "y": 94.07856546915329,
            "side": "right",
            "color": [
              156,
              161,
              131
            ]
          },
          {
            "x": 191,
            "y": 111.07856546915329,
            "side": "right",
            "color": [
              211,
              178,
              170
            ]
          }
        ]
      },
      {
        "frame_idx": 55,
        "left_objects": 2,
        "right_objects": 2,
        "total_objects": 4,
        "objects": [
          {
            "x": 17,
            "y": 102.26546061322554,
            "side": "left",
            "color": [
              214,
              104,
              240
            ]
          },
          {
            "x": 71,
            "y": 113.2654606132256,
            "side": "left",
            "color": [
              249,
              124,
              120
            ]
          },
          {
            "x": 147,
            "y": 92.73453938677426,
            "side": "right",
            "color": [
              156,
              161,
              131
            ]
          },
          {
            "x": 191,
            "y": 109.73453938677426,
            "side": "right",
            "color": [
              211,
              178,
              170
            ]
          }
        ]
      },
      {
        "frame_idx": 56,
        "left_objects": 2,
        "right_objects": 2,
        "total_objects": 4,
        "objects": [
          {
            "x": 17,
            "y": 103.60948669560457,
            "side": "left",
            "color": [
              214,
              104,
              240
            ]
          },
          {
            "x": 71,
            "y": 114.60948669560463,
            "side": "left",
            "color": [
              249,
              124,
              120
            ]
          },
          {
            "x": 147,
            "y": 91.39051330439523,
            "side": "right",
            "color": [
              156,
              161,
              131
            ]
          },
          {
            "x": 191,
            "y": 108.39051330439523,
            "side": "right",
            "color": [
              211,
              178,
              170
            ]
          }
        ]
      },
      {
        "frame_idx": 57,
        "left_objects": 2,
        "right_objects": 2,
        "total_objects": 4,
        "objects": [
          {
            "x": 17,
            "y": 104.9535127779836,
            "side": "left",
            "color": [
              214,
              104,
              240
            ]
          },
          {
            "x": 71,
            "y": 115.95351277798366,
            "side": "left",
            "color": [
              249,
              124,
              120
            ]
          },
          {
            "x": 147,
            "y": 90.0464872220162,
            "side": "right",
            "color": [
              156,
              161,
              131
            ]
          },
          {
            "x": 191,
            "y": 107.0464872220162,
            "side": "right",
            "color": [
              211,
              178,
              170
            ]
          }
        ]
      },
      {
        "frame_idx": 58,
        "left_objects": 2,
        "right_objects": 2,
        "total_objects": 4,
        "objects": [
          {
            "x": 17,
            "y": 106.29753886036264,
            "side": "left",
            "color": [
              214,
              104,
              240
            ]
          },
          {
            "x": 71,
            "y": 117.29753886036269,
            "side": "left",
            "color": [
              249,
              124,
              120
            ]
          },
          {
            "x": 147,
            "y": 88.70246113963717,
            "side": "right",
            "color": [
              156,
              161,
              131
            ]
          },
          {
            "x": 191,
            "y": 105.70246113963717,
            "side": "right",
            "color": [
              211,
              178,
              170
            ]
          }
        ]
      },
      {
        "frame_idx": 59,
        "left_objects": 2,
        "right_objects": 2,
        "total_objects": 4,
        "objects": [
          {
            "x": 17,
            "y": 107.64156494274167,
            "side": "left",
            "color": [
              214,
              104,
              240
            ]
          },
          {
            "x": 71,
            "y": 118.64156494274172,
            "side": "left",
            "color": [
              249,
              124,
              120
            ]
          },
          {
            "x": 147,
            "y": 87.35843505725813,
            "side": "right",
            "color": [
              156,
              161,
              131
            ]
          },
          {
            "x": 191,
            "y": 104.35843505725813,
            "side": "right",
            "color": [
              211,
              178,
              170
            ]
          }
        ]
      }
    ]
  }
}