{
  "sample_id": "observation_000009_212730",
  "sample_type": "observation",
  "scenario": "sparse",
  "params": {
    "width": 224,
    "height": 224,
    "left_objects": 3,
    "right_objects": 2,
    "velocity": 2.1325451780313998,
    "object_radius": 19
  },
  "generation_info": {
    "timestamp": "2025-11-07T17:35:59.072924",
    "seed": 544188,
    "generator_version": "1.0"
  },
  "video_stats": {
    "num_frames": 60,
    "frame_size": [
      224,
      224,
      3
    ],
    "duration_seconds": 6.0
  },
  "quality_analysis": {
    "quality": "good",
    "movement_score": 5.0,
    "avg_objects": 5.0,
    "issues": []
  },
  "physics_simulation": {
    "num_frames": 60,
    "fps": 10,
    "resolution": [
      224,
      224
    ],
    "left_objects": 3,
    "right_objects": 2,
    "object_radius": 19,
    "velocity": 2.1325451780313998,
    "frames": [
      {
        "frame_idx": 0,
        "left_objects": 3,
        "right_objects": 2,
        "total_objects": 5,
        "objects": [
          {
            "x": 48,
            "y": 71.13254517803139,
            "side": "left",
            "color": [
              251,
              198,
              161
            ]
          },
          {
            "x": 53,
            "y": 24.1325451780314,
            "side": "left",
            "color": [
              192,
              154,
              110
            ]
          },
          {
            "x": 93,
            "y": 62.1325451780314,
            "side": "left",
            "color": [
              219,
              166,
              100
            ]
          },
          {
            "x": 189,
            "y": 147.8674548219686,
            "side": "right",
            "color": [
              210,
              128,
              248
            ]
          },
          {
            "x": 146,
            "y": 164.8674548219686,
            "side": "right",
            "color": [
              199,
              205,
              189
            ]
          }
        ]
      },
      {
        "frame_idx": 1,
        "left_objects": 3,
        "right_objects": 2,
        "total_objects": 5,
        "objects": [
          {
            "x": 48,
            "y": 73.26509035606279,
            "side": "left",
            "color": [
              251,
              198,
              161
            ]
          },
          {
            "x": 53,
            "y": 26.2650903560628,
            "side": "left",
            "color": [
              192,
              154,
              110
            ]
          },
          {
            "x": 93,
            "y": 64.2650903560628,
            "side": "left",
            "color": [
              219,
              166,
              100
            ]
          },
          {
            "x": 189,
            "y": 145.73490964393721,
            "side": "right",
            "color": [
              210,
              128,
              248
            ]
          },
          {
            "x": 146,
            "y": 162.73490964393721,
            "side": "right",
            "color": [
              199,
              205,
              189
            ]
          }
        ]
      },
      {
        "frame_idx": 2,
        "left_objects": 3,
        "right_objects": 2,
        "total_objects": 5,
        "objects": [
          {
            "x": 48,
            "y": 75.39763553409418,
            "side": "left",
            "color": [
              251,
              198,
              161
            ]
          },
          {
            "x": 53,
            "y": 28.3976355340942,
            "side": "left",
            "color": [
              192,
              154,
              110
            ]
          },
          {
            "x": 93,
            "y": 66.3976355340942,
            "side": "left",
            "color": [
              219,
              166,
              100
            ]
          },
          {
            "x": 189,
            "y": 143.60236446590582,
            "side": "right",
            "color": [
              210,
              128,
              248
            ]
          },
          {
            "x": 146,
            "y": 160.60236446590582,
            "side": "right",
            "color": [
              199,
              205,
              189
            ]
          }
        ]
      },
      {
        "frame_idx": 3,
        "left_objects": 3,
        "right_objects": 2,
        "total_objects": 5,
        "objects": [
          {
            "x": 48,
            "y": 77.53018071212557,
            "side": "left",
            "color": [
              251,
              198,
              161
            ]
          },
          {
            "x": 53,
            "y": 30.5301807121256,
            "side": "left",
            "color": [
              192,
              154,
              110
            ]
          },
          {
            "x": 93,
            "y": 68.5301807121256,
            "side": "left",
            "color": [
              219,
              166,
              100
            ]
          },
          {
            "x": 189,
            "y": 141.46981928787443,
            "side": "right",
            "color": [
              210,
              128,
              248
            ]
          },
          {
            "x": 146,
            "y": 158.46981928787443,
            "side": "right",
            "color": [
              199,
              205,
              189
            ]
          }
        ]
      },
      {
        "frame_idx": 4,
        "left_objects": 3,
        "right_objects": 2,
        "total_objects": 5,
        "objects": [
          {
            "x": 48,
            "y": 79.66272589015696,
            "side": "left",
            "color": [
              251,
              198,
              161
            ]
          },
          {
            "x": 53,
            "y": 32.662725890157,
            "side": "left",
            "color": [
              192,
              154,
              110
            ]
          },
          {
            "x": 93,
            "y": 70.66272589015699,
            "side": "left",
            "color": [
              219,
              166,
              100
            ]
          },
          {
            "x": 189,
            "y": 139.33727410984304,
            "side": "right",
            "color": [
              210,
              128,
              248
            ]
          },
          {
            "x": 146,
            "y": 156.33727410984304,
            "side": "right",
            "color": [
              199,
              205,
              189
            ]
          }
        ]
      },
      {
        "frame_idx": 5,
        "left_objects": 3,
        "right_objects": 2,
        "total_objects": 5,
        "objects": [
          {
            "x": 48,
            "y": 81.79527106818836,
            "side": "left",
            "color": [
              251,
              198,
              161
            ]
          },
          {
            "x": 53,
            "y": 34.7952710681884,
            "side": "left",
            "color": [
              192,
              154,
              110
            ]
          },
          {
            "x": 93,
            "y": 72.79527106818838,
            "side": "left",
            "color": [
              219,
              166,
              100
            ]
          },
          {
            "x": 189,
            "y": 137.20472893181164,
            "side": "right",
            "color": [
              210,
              128,
              248
            ]
          },
          {
            "x": 146,
            "y": 154.20472893181164,
            "side": "right",
            "color": [
              199,
              205,
              189
            ]
          }
        ]
      },
      {
        "frame_idx": 6,
        "left_objects": 3,
        "right_objects": 2,
        "total_objects": 5,
        "objects": [
          {
            "x": 48,
            "y": 83.92781624621975,
            "side": "left",
            "color": [
              251,
              198,
              161
            ]
          },
          {
            "x": 53,
            "y": 36.9278162462198,
            "side": "left",
            "color": [
              192,
              154,
              110
            ]
          },
          {
            "x": 93,
            "y": 74.92781624621978,
            "side": "left",
            "color": [
              219,
              166,
              100
            ]
          },
          {
            "x": 189,
            "y": 135.07218375378025,
            "side": "right",
            "color": [
              210,
              128,
              248
            ]
          },
          {
            "x": 146,
            "y": 152.07218375378025,
            "side": "right",
            "color": [
              199,
              205,
              189
            ]
          }
        ]
      },
      {
        "frame_idx": 7,
        "left_objects": 3,
        "right_objects": 2,
        "total_objects": 5,
        "objects": [
          {
            "x": 48,
            "y": 86.06036142425114,
            "side": "left",
            "color": [
              251,
              198,
              161
            ]
          },
          {
            "x": 53,
            "y": 39.0603614242512,
            "side": "left",
            "color": [
              192,
              154,
              110
            ]
          },
          {
            "x": 93,
            "y": 77.06036142425117,
            "side": "left",
            "color": [
              219,
              166,
              100
            ]
          },
          {
            "x": 189,
            "y": 132.93963857574886,
            "side": "right",
            "color": [
              210,
              128,
              248
            ]
          },
          {
            "x": 146,
            "y": 149.93963857574886,
            "side": "right",
            "color": [
              199,
              205,
              189
            ]
          }
        ]
      },
      {
        "frame_idx": 8,
        "left_objects": 3,
        "right_objects": 2,
        "total_objects": 5,
        "objects": [
          {
            "x": 48,
            "y": 88.19290660228253,
            "side": "left",
            "color": [
              251,
              198,
              161
            ]
          },
          {
            "x": 53,
            "y": 41.1929066022826,
            "side": "left",
            "color": [
              192,
              154,
              110
            ]
          },
          {
            "x": 93,
            "y": 79.19290660228256,
            "side": "left",
            "color": [
              219,
              166,
              100
            ]
          },
          {
            "x": 189,
            "y": 130.80709339771747,
            "side": "right",
            "color": [
              210,
              128,
              248
            ]
          },
          {
            "x": 146,
            "y": 147.80709339771747,
            "side": "right",
            "color": [
              199,
              205,
              189
            ]
          }
        ]
      },
      {
        "frame_idx": 9,
        "left_objects": 3,
        "right_objects": 2,
        "total_objects": 5,
        "objects": [
          {
            "x": 48,
            "y": 90.32545178031393,
            "side": "left",
            "color": [
              251,
              198,
              161
            ]
          },
          {
            "x": 53,
            "y": 43.325451780314,
            "side": "left",
            "color": [
              192,
              154,
              110
            ]
          },
          {
            "x": 93,
            "y": 81.32545178031395,
            "side": "left",
            "color": [
              219,
              166,
              100
            ]
          },
          {
            "x": 189,
            "y": 128.67454821968607,
            "side": "right",
            "color": [
              210,
              128,
              248
            ]
          },
          {
            "x": 146,
            "y": 145.67454821968607,
            "side": "right",
            "color": [
              199,
              205,
              189
            ]
          }
        ]
      },
      {
        "frame_idx": 10,
        "left_objects": 3,
        "right_objects": 2,
        "total_objects": 5,
        "objects": [
          {
            "x": 48,
            "y": 92.45799695834532,
            "side": "left",
            "color": [
              251,
              198,
              161
            ]
          },
          {
            "x": 53,
            "y": 45.4579969583454,
            "side": "left",
            "color": [
              192,
              154,
              110
            ]
          },
          {
            "x": 93,
            "y": 83.45799695834535,
            "side": "left",
            "color": [
              219,
              166,
              100
            ]
          },
          {
            "x": 189,
            "y": 126.54200304165468,
            "side": "right",
            "color": [
              210,
              128,
              248
            ]
          },
          {
            "x": 146,
            "y": 143.54200304165468,
            "side": "right",
            "color": [
              199,
              205,
              189
            ]
          }
        ]
      },
      {
        "frame_idx": 11,
        "left_objects": 3,
        "right_objects": 2,
        "total_objects": 5,
        "objects": [
          {
            "x": 48,
            "y": 94.59054213637671,
            "side": "left",
            "color": [
              251,
              198,
              161
            ]
          },
          {
            "x": 53,
            "y": 47.5905421363768,
            "side": "left",
            "color": [
              192,
              154,
              110
            ]
          },
          {
            "x": 93,
            "y": 85.59054213637674,
            "side": "left",
            "color": [
              219,
              166,
              100
            ]
          },
          {
            "x": 189,
            "y": 124.40945786362329,
            "side": "right",
            "color": [
              210,
              128,
              248
            ]
          },
          {
            "x": 146,
            "y": 141.4094578636233,
            "side": "right",
            "color": [
              199,
              205,
              189
            ]
          }
        ]
      },
      {
        "frame_idx": 12,
        "left_objects": 3,
        "right_objects": 2,
        "total_objects": 5,
        "objects": [
          {
            "x": 48,
            "y": 96.7230873144081,
            "side": "left",
            "color": [
              251,
              198,
              161
            ]
          },
          {
            "x": 53,
            "y": 49.7230873144082,
            "side": "left",
            "color": [
              192,
              154,
              110
            ]
          },
          {
            "x": 93,
            "y": 87.72308731440813,
            "side": "left",
            "color": [
              219,
              166,
              100
            ]
          },
          {
            "x": 189,
            "y": 122.2769126855919,
            "side": "right",
            "color": [
              210,
              128,
              248
            ]
          },
          {
            "x": 146,
            "y": 139.2769126855919,
            "side": "right",
            "color": [
              199,
              205,
              189
            ]
          }
        ]
      },
      {
        "frame_idx": 13,
        "left_objects": 3,
        "right_objects": 2,
        "total_objects": 5,
        "objects": [
          {
            "x": 48,
            "y": 98.8556324924395,
            "side": "left",
            "color": [
              251,
              198,
              161
            ]
          },
          {
            "x": 53,
            "y": 51.8556324924396,
            "side": "left",
            "color": [
              192,
              154,
              110
            ]
          },
          {
            "x": 93,
            "y": 89.85563249243953,
            "side": "left",
            "color": [
              219,
              166,
              100
            ]
          },
          {
            "x": 189,
            "y": 120.1443675075605,
            "side": "right",
            "color": [
              210,
              128,
              248
            ]
          },
          {
            "x": 146,
            "y": 137.1443675075605,
            "side": "right",
            "color": [
              199,
              205,
              189
            ]
          }
        ]
      },
      {
        "frame_idx": 14,
        "left_objects": 3,
        "right_objects": 2,
        "total_objects": 5,
        "objects": [
          {
            "x": 48,
            "y": 100.98817767047089,
            "side": "left",
            "color": [
              251,
              198,
              161
            ]
          },
          {
            "x": 53,
            "y": 53.988177670470996,
            "side": "left",
            "color": [
              192,
              154,
              110
            ]
          },
          {
            "x": 93,
            "y": 91.98817767047092,
            "side": "left",
            "color": [
              219,
              166,
              100
            ]
          },
          {
            "x": 189,
            "y": 118.01182232952911,
            "side": "right",
            "color": [
              210,
              128,
              248
            ]
          },
          {
            "x": 146,
            "y": 135.0118223295291,
            "side": "right",
            "color": [
              199,
              205,
              189
            ]
          }
        ]
      },
      {
        "frame_idx": 15,
        "left_objects": 3,
        "right_objects": 2,
        "total_objects": 5,
        "objects": [
          {
            "x": 48,
            "y": 103.12072284850228,
            "side": "left",
            "color": [
              251,
              198,
              161
            ]
          },
          {
            "x": 53,
            "y": 56.120722848502396,
            "side": "left",
            "color": [
              192,
              154,
              110
            ]
          },
          {
            "x": 93,
            "y": 94.12072284850231,
            "side": "left",
            "color": [
              219,
              166,
              100
            ]
          },
          {
            "x": 189,
            "y": 115.87927715149772,
            "side": "right",
            "color": [
              210,
              128,
              248
            ]
          },
          {
            "x": 146,
            "y": 132.87927715149772,
            "side": "right",
            "color": [
              199,
              205,
              189
            ]
          }
        ]
      },
      {
        "frame_idx": 16,
        "left_objects": 3,
        "right_objects": 2,
        "total_objects": 5,
        "objects": [
          {
            "x": 48,
            "y": 105.25326802653368,
            "side": "left",
            "color": [
              251,
              198,
              161
            ]
          },
          {
            "x": 53,
            "y": 58.253268026533796,
            "side": "left",
            "color": [
              192,
              154,
              110
            ]
          },
          {
            "x": 93,
            "y": 96.2532680265337,
            "side": "left",
            "color": [
              219,
              166,
              100
            ]
          },
          {
            "x": 189,
            "y": 113.74673197346632,
            "side": "right",
            "color": [
              210,
              128,
              248
            ]
          },
          {
            "x": 146,
            "y": 130.74673197346632,
            "side": "right",
            "color": [
              199,
              205,
              189
            ]
          }
        ]
      },
      {
        "frame_idx": 17,
        "left_objects": 3,
        "right_objects": 2,
        "total_objects": 5,
        "objects": [
          {
            "x": 48,
            "y": 107.38581320456507,
            "side": "left",
            "color": [
              251,
              198,
              161
            ]
          },
          {
            "x": 53,
            "y": 60.385813204565196,
            "side": "left",
            "color": [
              192,
              154,
              110
            ]
          },
          {
            "x": 93,
            "y": 98.3858132045651,
            "side": "left",
            "color": [
              219,
              166,
              100
            ]
          },
          {
            "x": 189,
            "y": 111.61418679543493,
            "side": "right",
            "color": [
              210,
              128,
              248
            ]
          },
          {
            "x": 146,
            "y": 128.61418679543493,
            "side": "right",
            "color": [
              199,
              205,
              189
            ]
          }
        ]
      },
      {
        "frame_idx": 18,
        "left_objects": 3,
        "right_objects": 2,
        "total_objects": 5,
        "objects": [
          {
            "x": 48,
            "y": 109.51835838259646,
            "side": "left",
            "color": [
              251,
              198,
              161
            ]
          },
          {
            "x": 53,
            "y": 62.518358382596595,
            "side": "left",
            "color": [
              192,
              154,
              110
            ]
          },
          {
            "x": 93,
            "y": 100.51835838259649,
            "side": "left",
            "color": [
              219,
              166,
              100
            ]
          },
          {
            "x": 189,
            "y": 109.48164161740354,
            "side": "right",
            "color": [
              210,
              128,
              248
            ]
          },
          {
            "x": 146,
            "y": 126.48164161740354,
            "side": "right",
            "color": [
              199,
              205,
              189
            ]
          }
        ]
      },
      {
        "frame_idx": 19,
        "left_objects": 3,
        "right_objects": 2,
        "total_objects": 5,
        "objects": [
          {
            "x": 48,
            "y": 111.65090356062785,
            "side": "left",
            "color": [
              251,
              198,
              161
            ]
          },
          {
            "x": 53,
            "y": 64.650903560628,
            "side": "left",
            "color": [
              192,
              154,
              110
            ]
          },
          {
            "x": 93,
            "y": 102.65090356062788,
            "side": "left",
            "color": [
              219,
              166,
              100
            ]
          },
          {
            "x": 189,
            "y": 107.34909643937215,
            "side": "right",
            "color": [
              210,
              128,
              248
            ]
          },
          {
            "x": 146,
            "y": 124.34909643937215,
            "side": "right",
            "color": [
              199,
              205,
              189
            ]
          }
        ]
      },
      {
        "frame_idx": 20,
        "left_objects": 3,
        "right_objects": 2,
        "total_objects": 5,
        "objects": [
          {
            "x": 48,
            "y": 113.78344873865925,
            "side": "left",
            "color": [
              251,
              198,
              161
            ]
          },
          {
            "x": 53,
            "y": 66.78344873865939,
            "side": "left",
            "color": [
              192,
              154,
              110
            ]
          },
          {
            "x": 93,
            "y": 104.78344873865927,
            "side": "left",
            "color": [
              219,
              166,
              100
            ]
          },
          {
            "x": 189,
            "y": 105.21655126134075,
            "side": "right",
            "color": [
              210,
              128,
              248
            ]
          },
          {
            "x": 146,
            "y": 122.21655126134075,
            "side": "right",
            "color": [
              199,
              205,
              189
            ]
          }
        ]
      },
      {
        "frame_idx": 21,
        "left_objects": 3,
        "right_objects": 2,
        "total_objects": 5,
        "objects": [
          {
            "x": 48,
            "y": 115.91599391669064,
            "side": "left",
            "color": [
              251,
              198,
              161
            ]
          },
          {
            "x": 53,
            "y": 68.91599391669078,
            "side": "left",
            "color": [
              192,
              154,
              110
            ]
          },
          {
            "x": 93,
            "y": 106.91599391669067,
            "side": "left",
            "color": [
              219,
              166,
              100
            ]
          },
          {
            "x": 189,
            "y": 103.08400608330936,
            "side": "right",
            "color": [
              210,
              128,
              248
            ]
          },
          {
            "x": 146,
            "y": 120.08400608330936,
            "side": "right",
            "color": [
              199,
              205,
              189
            ]
          }
        ]
      },
      {
        "frame_idx": 22,
        "left_objects": 3,
        "right_objects": 2,
        "total_objects": 5,
        "objects": [
          {
            "x": 48,
            "y": 118.04853909472203,
            "side": "left",
            "color": [
              251,
              198,
              161
            ]
          },
          {
            "x": 53,
            "y": 71.04853909472217,
            "side": "left",
            "color": [
              192,
              154,
              110
            ]
          },
          {
            "x": 93,
            "y": 109.04853909472206,
            "side": "left",
            "color": [
              219,
              166,
              100
            ]
          },
          {
            "x": 189,
            "y": 100.95146090527797,
            "side": "right",
            "color": [
              210,
              128,
              248
            ]
          },
          {
            "x": 146,
            "y": 117.95146090527797,
            "side": "right",
            "color": [
              199,
              205,
              189
            ]
          }
        ]
      },
      {
        "frame_idx": 23,
        "left_objects": 3,
        "right_objects": 2,
        "total_objects": 5,
        "objects": [
          {
            "x": 48,
            "y": 120.18108427275342,
            "side": "left",
            "color": [
              251,
              198,
              161
            ]
          },
          {
            "x": 53,
            "y": 73.18108427275357,
            "side": "left",
            "color": [
              192,
              154,
              110
            ]
          },
          {
            "x": 93,
            "y": 111.18108427275345,
            "side": "left",
            "color": [
              219,
              166,
              100
            ]
          },
          {
            "x": 189,
            "y": 98.81891572724658,
            "side": "right",
            "color": [
              210,
              128,
              248
            ]
          },
          {
            "x": 146,
            "y": 115.81891572724658,
            "side": "right",
            "color": [
              199,
              205,
              189
            ]
          }
        ]
      },
      {
        "frame_idx": 24,
        "left_objects": 3,
        "right_objects": 2,
        "total_objects": 5,
        "objects": [
          {
            "x": 48,
            "y": 122.31362945078482,
            "side": "left",
            "color": [
              251,
              198,
              161
            ]
          },
          {
            "x": 53,
            "y": 75.31362945078496,
            "side": "left",
            "color": [
              192,
              154,
              110
            ]
          },
          {
            "x": 93,
            "y": 113.31362945078484,
            "side": "left",
            "color": [
              219,
              166,
              100
            ]
          },
          {
            "x": 189,
            "y": 96.68637054921518,
            "side": "right",
            "color": [
              210,
              128,
              248
            ]
          },
          {
            "x": 146,
            "y": 113.68637054921518,
            "side": "right",
            "color": [
              199,
              205,
              189
            ]
          }
        ]
      },
      {
        "frame_idx": 25,
        "left_objects": 3,
        "right_objects": 2,
        "total_objects": 5,
        "objects": [
          {
            "x": 48,
            "y": 124.44617462881621,
            "side": "left",
            "color": [
              251,
              198,
              161
            ]
          },
          {
            "x": 53,
            "y": 77.44617462881635,
            "side": "left",
            "color": [
              192,
              154,
              110
            ]
          },
          {
            "x": 93,
            "y": 115.44617462881624,
            "side": "left",
            "color": [
              219,
              166,
              100
            ]
          },
          {
            "x": 189,
            "y": 94.55382537118379,
            "side": "right",
            "color": [
              210,
              128,
              248
            ]
          },
          {
            "x": 146,
            "y": 111.55382537118379,
            "side": "right",
            "color": [
              199,
              205,
              189
            ]
          }
        ]
      },
      {
        "frame_idx": 26,
        "left_objects": 3,
        "right_objects": 2,
        "total_objects": 5,
        "objects": [
          {
            "x": 48,
            "y": 126.5787198068476,
            "side": "left",
            "color": [
              251,
              198,
              161
            ]
          },
          {
            "x": 53,
            "y": 79.57871980684774,
            "side": "left",
            "color": [
              192,
              154,
              110
            ]
          },
          {
            "x": 93,
            "y": 117.57871980684763,
            "side": "left",
            "color": [
              219,
              166,
              100
            ]
          },
          {
            "x": 189,
            "y": 92.4212801931524,
            "side": "right",
            "color": [
              210,
              128,
              248
            ]
          },
          {
            "x": 146,
            "y": 109.4212801931524,
            "side": "right",
            "color": [
              199,
              205,
              189
            ]
          }
        ]
      },
      {
        "frame_idx": 27,
        "left_objects": 3,
        "right_objects": 2,
        "total_objects": 5,
        "objects": [
          {
            "x": 48,
            "y": 128.711264984879,
            "side": "left",
            "color": [
              251,
              198,
              161
            ]
          },
          {
            "x": 53,
            "y": 81.71126498487914,
            "side": "left",
            "color": [
              192,
              154,
              110
            ]
          },
          {
            "x": 93,
            "y": 119.71126498487902,
            "side": "left",
            "color": [
              219,
              166,
              100
            ]
          },
          {
            "x": 189,
            "y": 90.288735015121,
            "side": "right",
            "color": [
              210,
              128,
              248
            ]
          },
          {
            "x": 146,
            "y": 107.288735015121,
            "side": "right",
            "color": [
              199,
              205,
              189
            ]
          }
        ]
      },
      {
        "frame_idx": 28,
        "left_objects": 3,
        "right_objects": 2,
        "total_objects": 5,
        "objects": [
          {
            "x": 48,
            "y": 130.8438101629104,
            "side": "left",
            "color": [
              251,
              198,
              161
            ]
          },
          {
            "x": 53,
            "y": 83.84381016291053,
            "side": "left",
            "color": [
              192,
              154,
              110
            ]
          },
          {
            "x": 93,
            "y": 121.84381016291042,
            "side": "left",
            "color": [
              219,
              166,
              100
            ]
          },
          {
            "x": 189,
            "y": 88.15618983708961,
            "side": "right",
            "color": [
              210,
              128,
              248
            ]
          },
          {
            "x": 146,
            "y": 105.15618983708961,
            "side": "right",
            "color": [
              199,
              205,
              189
            ]
          }
        ]
      },
      {
        "frame_idx": 29,
        "left_objects": 3,
        "right_objects": 2,
        "total_objects": 5,
        "objects": [
          {
            "x": 48,
            "y": 132.97635534094178,
            "side": "left",
            "color": [
              251,
              198,
              161
            ]
          },
          {
            "x": 53,
            "y": 85.97635534094192,
            "side": "left",
            "color": [
              192,
              154,
              110
            ]
          },
          {
            "x": 93,
            "y": 123.97635534094181,
            "side": "left",
            "color": [
              219,
              166,
              100
            ]
          },
          {
            "x": 189,
            "y": 86.02364465905822,
            "side": "right",
            "color": [
              210,
              128,
              248
            ]
          },
          {
            "x": 146,
            "y": 103.02364465905822,
            "side": "right",
            "color": [
              199,
              205,
              189
            ]
          }
        ]
      },
      {
        "frame_idx": 30,
        "left_objects": 3,
        "right_objects": 2,
        "total_objects": 5,
        "objects": [
          {
            "x": 48,
            "y": 135.10890051897317,
            "side": "left",
            "color": [
              251,
              198,
              161
            ]
          },
          {
            "x": 53,
            "y": 88.10890051897331,
            "side": "left",
            "color": [
              192,
              154,
              110
            ]
          },
          {
            "x": 93,
            "y": 126.1089005189732,
            "side": "left",
            "color": [
              219,
              166,
              100
            ]
          },
          {
            "x": 189,
            "y": 83.89109948102683,
            "side": "right",
            "color": [
              210,
              128,
              248
            ]
          },
          {
            "x": 146,
            "y": 100.89109948102683,
            "side": "right",
            "color": [
              199,
              205,
              189
            ]
          }
        ]
      },
      {
        "frame_idx": 31,
        "left_objects": 3,
        "right_objects": 2,
        "total_objects": 5,
        "objects": [
          {
            "x": 48,
            "y": 137.24144569700456,
            "side": "left",
            "color": [
              251,
              198,
              161
            ]
          },
          {
            "x": 53,
            "y": 90.2414456970047,
            "side": "left",
            "color": [
              192,
              154,
              110
            ]
          },
          {
            "x": 93,
            "y": 128.2414456970046,
            "side": "left",
            "color": [
              219,
              166,
              100
            ]
          },
          {
            "x": 189,
            "y": 81.75855430299544,
            "side": "right",
            "color": [
              210,
              128,
              248
            ]
          },
          {
            "x": 146,
            "y": 98.75855430299544,
            "side": "right",
            "color": [
              199,
              205,
              189
            ]
          }
        ]
      },
      {
        "frame_idx": 32,
        "left_objects": 3,
        "right_objects": 2,
        "total_objects": 5,
        "objects": [
          {
            "x": 48,
            "y": 139.37399087503596,
            "side": "left",
            "color": [
              251,
              198,
              161
            ]
          },
          {
            "x": 53,
            "y": 92.3739908750361,
            "side": "left",
            "color": [
              192,
              154,
              110
            ]
          },
          {
            "x": 93,
            "y": 130.373990875036,
            "side": "left",
            "color": [
              219,
              166,
              100
            ]
          },
          {
            "x": 189,
            "y": 79.62600912496404,
            "side": "right",
            "color": [
              210,
              128,
              248
            ]
          },
          {
            "x": 146,
            "y": 96.62600912496404,
            "side": "right",
            "color": [
              199,
              205,
              189
            ]
          }
        ]
      },
      {
        "frame_idx": 33,
        "left_objects": 3,
        "right_objects": 2,
        "total_objects": 5,
        "objects": [
          {
            "x": 48,
            "y": 141.50653605306735,
            "side": "left",
            "color": [
              251,
              198,
              161
            ]
          },
          {
            "x": 53,
            "y": 94.50653605306749,
            "side": "left",
            "color": [
              192,
              154,
              110
            ]
          },
          {
            "x": 93,
            "y": 132.50653605306738,
            "side": "left",
            "color": [
              219,
              166,
              100
            ]
          },
          {
            "x": 189,
            "y": 77.49346394693265,
            "side": "right",
            "color": [
              210,
              128,
              248
            ]
          },
          {
            "x": 146,
            "y": 94.49346394693265,
            "side": "right",
            "color": [
              199,
              205,
              189
            ]
          }
        ]
      },
      {
        "frame_idx": 34,
        "left_objects": 3,
        "right_objects": 2,
        "total_objects": 5,
        "objects": [
          {
            "x": 48,
            "y": 143.63908123109874,
            "side": "left",
            "color": [
              251,
              198,
              161
            ]
          },
          {
            "x": 53,
            "y": 96.63908123109888,
            "side": "left",
            "color": [
              192,
              154,
              110
            ]
          },
          {
            "x": 93,
            "y": 134.63908123109877,
            "side": "left",
            "color": [
              219,
              166,
              100
            ]
          },
          {
            "x": 189,
            "y": 75.36091876890126,
            "side": "right",
            "color": [
              210,
              128,
              248
            ]
          },
          {
            "x": 146,
            "y": 92.36091876890126,
            "side": "right",
            "color": [
              199,
              205,
              189
            ]
          }
        ]
      },
      {
        "frame_idx": 35,
        "left_objects": 3,
        "right_objects": 2,
        "total_objects": 5,
        "objects": [
          {
            "x": 48,
            "y": 145.77162640913014,
            "side": "left",
            "color": [
              251,
              198,
              161
            ]
          },
          {
            "x": 53,
            "y": 98.77162640913028,
            "side": "left",
            "color": [
              192,
              154,
              110
            ]
          },
          {
            "x": 93,
            "y": 136.77162640913016,
            "side": "left",
            "color": [
              219,
              166,
              100
            ]
          },
          {
            "x": 189,
            "y": 73.22837359086986,
            "side": "right",
            "color": [
              210,
              128,
              248
            ]
          },
          {
            "x": 146,
            "y": 90.22837359086986,
            "side": "right",
            "color": [
              199,
              205,
              189
            ]
          }
        ]
      },
      {
        "frame_idx": 36,
        "left_objects": 3,
        "right_objects": 2,
        "total_objects": 5,
        "objects": [
          {
            "x": 48,
            "y": 147.90417158716153,
            "side": "left",
            "color": [
              251,
              198,
              161
            ]
          },
          {
            "x": 53,
            "y": 100.90417158716167,
            "side": "left",
            "color": [
              192,
              154,
              110
            ]
          },
          {
            "x": 93,
            "y": 138.90417158716156,
            "side": "left",
            "color": [
              219,
              166,
              100
            ]
          },
          {
            "x": 189,
            "y": 71.09582841283847,
            "side": "right",
            "color": [
              210,
              128,
              248
            ]
          },
          {
            "x": 146,
            "y": 88.09582841283847,
            "side": "right",
            "color": [
              199,
              205,
              189
            ]
          }
        ]
      },
      {
        "frame_idx": 37,
        "left_objects": 3,
        "right_objects": 2,
        "total_objects": 5,
        "objects": [
          {
            "x": 48,
            "y": 150.03671676519292,
            "side": "left",
            "color": [
              251,
              198,
              161
            ]
          },
          {
            "x": 53,
            "y": 103.03671676519306,
            "side": "left",
            "color": [
              192,
              154,
              110
            ]
          },
          {
            "x": 93,
            "y": 141.03671676519295,
            "side": "left",
            "color": [
              219,
              166,
              100
            ]
          },
          {
            "x": 189,
            "y": 68.96328323480708,
            "side": "right",
            "color": [
              210,
              128,
              248
            ]
          },
          {
            "x": 146,
            "y": 85.96328323480708,
            "side": "right",
            "color": [
              199,
              205,
              189
            ]
          }
        ]
      },
      {
        "frame_idx": 38,
        "left_objects": 3,
        "right_objects": 2,
        "total_objects": 5,
        "objects": [
          {
            "x": 48,
            "y": 152.1692619432243,
            "side": "left",
            "color": [
              251,
              198,
              161
            ]
          },
          {
            "x": 53,
            "y": 105.16926194322446,
            "side": "left",
            "color": [
              192,
              154,
              110
            ]
          },
          {
            "x": 93,
            "y": 143.16926194322434,
            "side": "left",
            "color": [
              219,
              166,
              100
            ]
          },
          {
            "x": 189,
            "y": 66.83073805677569,
            "side": "right",
            "color": [
              210,
              128,
              248
            ]
          },
          {
            "x": 146,
            "y": 83.83073805677569,
            "side": "right",
            "color": [
              199,
              205,
              189
            ]
          }
        ]
      },
      {
        "frame_idx": 39,
        "left_objects": 3,
        "right_objects": 2,
        "total_objects": 5,
        "objects": [
          {
            "x": 48,
            "y": 154.3018071212557,
            "side": "left",
            "color": [
              251,
              198,
              161
            ]
          },
          {
            "x": 53,
            "y": 107.30180712125585,
            "side": "left",
            "color": [
              192,
              154,
              110
            ]
          },
          {
            "x": 93,
            "y": 145.30180712125573,
            "side": "left",
            "color": [
              219,
              166,
              100
            ]
          },
          {
            "x": 189,
            "y": 64.6981928787443,
            "side": "right",
            "color": [
              210,
              128,
              248
            ]
          },
          {
            "x": 146,
            "y": 81.6981928787443,
            "side": "right",
            "color": [
              199,
              205,
              189
            ]
          }
        ]
      },
      {
        "frame_idx": 40,
        "left_objects": 3,
        "right_objects": 2,
        "total_objects": 5,
        "objects": [
          {
            "x": 48,
            "y": 156.4343522992871,
            "side": "left",
            "color": [
              251,
              198,
              161
            ]
          },
          {
            "x": 53,
            "y": 109.43435229928724,
            "side": "left",
            "color": [
              192,
              154,
              110
            ]
          },
          {
            "x": 93,
            "y": 147.43435229928713,
            "side": "left",
            "color": [
              219,
              166,
              100
            ]
          },
          {
            "x": 189,
            "y": 62.565647700712894,
            "side": "right",
            "color": [
              210,
              128,
              248
            ]
          },
          {
            "x": 146,
            "y": 79.5656477007129,
            "side": "right",
            "color": [
              199,
              205,
              189
            ]
          }
        ]
      },
      {
        "frame_idx": 41,
        "left_objects": 3,
        "right_objects": 2,
        "total_objects": 5,
        "objects": [
          {
            "x": 48,
            "y": 158.5668974773185,
            "side": "left",
            "color": [
              251,
              198,
              161
            ]
          },
          {
            "x": 53,
            "y": 111.56689747731863,
            "side": "left",
            "color": [
              192,
              154,
              110
            ]
          },
          {
            "x": 93,
            "y": 149.56689747731852,
            "side": "left",
            "color": [
              219,
              166,
              100
            ]
          },
          {
            "x": 189,
            "y": 60.433102522681494,
            "side": "right",
            "color": [
              210,
              128,
              248
            ]
          },
          {
            "x": 146,
            "y": 77.43310252268151,
            "side": "right",
            "color": [
              199,
              205,
              189
            ]
          }
        ]
      },
      {
        "frame_idx": 42,
        "left_objects": 3,
        "right_objects": 2,
        "total_objects": 5,
        "objects": [
          {
            "x": 48,
            "y": 160.69944265534988,
            "side": "left",
            "color": [
              251,
              198,
              161
            ]
          },
          {
            "x": 53,
            "y": 113.69944265535003,
            "side": "left",
            "color": [
              192,
              154,
              110
            ]
          },
          {
            "x": 93,
            "y": 151.6994426553499,
            "side": "left",
            "color": [
              219,
              166,
              100
            ]
          },
          {
            "x": 189,
            "y": 58.300557344650095,
            "side": "right",
            "color": [
              210,
              128,
              248
            ]
          },
          {
            "x": 146,
            "y": 75.30055734465012,
            "side": "right",
            "color": [
              199,
              205,
              189
            ]
          }
        ]
      },
      {
        "frame_idx": 43,
        "left_objects": 3,
        "right_objects": 2,
        "total_objects": 5,
        "objects": [
          {
            "x": 48,
            "y": 162.83198783338128,
            "side": "left",
            "color": [
              251,
              198,
              161
            ]
          },
          {
            "x": 53,
            "y": 115.83198783338142,
            "side": "left",
            "color": [
              192,
              154,
              110
            ]
          },
          {
            "x": 93,
            "y": 153.8319878333813,
            "side": "left",
            "color": [
              219,
              166,
              100
            ]
          },
          {
            "x": 189,
            "y": 56.168012166618695,
            "side": "right",
            "color": [
              210,
              128,
              248
            ]
          },
          {
            "x": 146,
            "y": 73.16801216661872,
            "side": "right",
            "color": [
              199,
              205,
              189
            ]
          }
        ]
      },
      {
        "frame_idx": 44,
        "left_objects": 3,
        "right_objects": 2,
        "total_objects": 5,
        "objects": [
          {
            "x": 48,
            "y": 164.96453301141267,
            "side": "left",
            "color": [
              251,
              198,
              161
            ]
          },
          {
            "x": 53,
            "y": 117.96453301141281,
            "side": "left",
            "color": [
              192,
              154,
              110
            ]
          },
          {
            "x": 93,
            "y": 155.9645330114127,
            "side": "left",
            "color": [
              219,
              166,
              100
            ]
          },
          {
            "x": 189,
            "y": 54.035466988587295,
            "side": "right",
            "color": [
              210,
              128,
              248
            ]
          },
          {
            "x": 146,
            "y": 71.03546698858733,
            "side": "right",
            "color": [
              199,
              205,
              189
            ]
          }
        ]
      },
      {
        "frame_idx": 45,
        "left_objects": 3,
        "right_objects": 2,
        "total_objects": 5,
        "objects": [
          {
            "x": 48,
            "y": 167.09707818944406,
            "side": "left",
            "color": [
              251,
              198,
              161
            ]
          },
          {
            "x": 53,
            "y": 120.0970781894442,
            "side": "left",
            "color": [
              192,
              154,
              110
            ]
          },
          {
            "x": 93,
            "y": 158.0970781894441,
            "side": "left",
            "color": [
              219,
              166,
              100
            ]
          },
          {
            "x": 189,
            "y": 51.902921810555895,
            "side": "right",
            "color": [
              210,
              128,
              248
            ]
          },
          {
            "x": 146,
            "y": 68.90292181055594,
            "side": "right",
            "color": [
              199,
              205,
              189
            ]
          }
        ]
      },
      {
        "frame_idx": 46,
        "left_objects": 3,
        "right_objects": 2,
        "total_objects": 5,
        "objects": [
          {
            "x": 48,
            "y": 169.22962336747545,
            "side": "left",
            "color": [
              251,
              198,
              161
            ]
          },
          {
            "x": 53,
            "y": 122.2296233674756,
            "side": "left",
            "color": [
              192,
              154,
              110
            ]
          },
          {
            "x": 93,
            "y": 160.22962336747548,
            "side": "left",
            "color": [
              219,
              166,
              100
            ]
          },
          {
            "x": 189,
            "y": 49.770376632524496,
            "side": "right",
            "color": [
              210,
              128,
              248
            ]
          },
          {
            "x": 146,
            "y": 66.77037663252455,
            "side": "right",
            "color": [
              199,
              205,
              189
            ]
          }
        ]
      },
      {
        "frame_idx": 47,
        "left_objects": 3,
        "right_objects": 2,
        "total_objects": 5,
        "objects": [
          {
            "x": 48,
            "y": 171.36216854550685,
            "side": "left",
            "color": [
              251,
              198,
              161
            ]
          },
          {
            "x": 53,
            "y": 124.36216854550699,
            "side": "left",
            "color": [
              192,
              154,
              110
            ]
          },
          {
            "x": 93,
            "y": 162.36216854550688,
            "side": "left",
            "color": [
              219,
              166,
              100
            ]
          },
          {
            "x": 189,
            "y": 47.637831454493096,
            "side": "right",
            "color": [
              210,
              128,
              248
            ]
          },
          {
            "x": 146,
            "y": 64.63783145449315,
            "side": "right",
            "color": [
              199,
              205,
              189
            ]
          }
        ]
      },
      {
        "frame_idx": 48,
        "left_objects": 3,
        "right_objects": 2,
        "total_objects": 5,
        "objects": [
          {
            "x": 48,
            "y": 173.49471372353824,
            "side": "left",
            "color": [
              251,
              198,
              161
            ]
          },
          {
            "x": 53,
            "y": 126.49471372353838,
            "side": "left",
            "color": [
              192,
              154,
              110
            ]
          },
          {
            "x": 93,
            "y": 164.49471372353827,
            "side": "left",
            "color": [
              219,
              166,
              100
            ]
          },
          {
            "x": 189,
            "y": 45.505286276461696,
            "side": "right",
            "color": [
              210,
              128,
              248
            ]
          },
          {
            "x": 146,
            "y": 62.50528627646175,
            "side": "right",
            "color": [
              199,
              205,
              189
            ]
          }
        ]
      },
      {
        "frame_idx": 49,
        "left_objects": 3,
        "right_objects": 2,
        "total_objects": 5,
        "objects": [
          {
            "x": 48,
            "y": 175.62725890156963,
            "side": "left",
            "color": [
              251,
              198,
              161
            ]
          },
          {
            "x": 53,
            "y": 128.62725890156977,
            "side": "left",
            "color": [
              192,
              154,
              110
            ]
          },
          {
            "x": 93,
            "y": 166.62725890156966,
            "side": "left",
            "color": [
              219,
              166,
              100
            ]
          },
          {
            "x": 189,
            "y": 43.372741098430296,
            "side": "right",
            "color": [
              210,
              128,
              248
            ]
          },
          {
            "x": 146,
            "y": 60.37274109843035,
            "side": "right",
            "color": [
              199,
              205,
              189
            ]
          }
        ]
      },
      {
        "frame_idx": 50,
        "left_objects": 3,
        "right_objects": 2,
        "total_objects": 5,
        "objects": [
          {
            "x": 48,
            "y": 177.75980407960103,
            "side": "left",
            "color": [
              251,
              198,
              161
            ]
          },
          {
            "x": 53,
            "y": 130.75980407960117,
            "side": "left",
            "color": [
              192,
              154,
              110
            ]
          },
          {
            "x": 93,
            "y": 168.75980407960105,
            "side": "left",
            "color": [
              219,
              166,
              100
            ]
          },
          {
            "x": 189,
            "y": 41.2401959203989,
            "side": "right",
            "color": [
              210,
              128,
              248
            ]
          },
          {
            "x": 146,
            "y": 58.24019592039895,
            "side": "right",
            "color": [
              199,
              205,
              189
            ]
          }
        ]
      },
      {
        "frame_idx": 51,
        "left_objects": 3,
        "right_objects": 2,
        "total_objects": 5,
        "objects": [
          {
            "x": 48,
            "y": 179.89234925763242,
            "side": "left",
            "color": [
              251,
              198,
              161
            ]
          },
          {
            "x": 53,
            "y": 132.89234925763256,
            "side": "left",
            "color": [
              192,
              154,
              110
            ]
          },
          {
            "x": 93,
            "y": 170.89234925763245,
            "side": "left",
            "color": [
              219,
              166,
              100
            ]
          },
          {
            "x": 189,
            "y": 39.1076507423675,
            "side": "right",
            "color": [
              210,
              128,
              248
            ]
          },
          {
            "x": 146,
            "y": 56.107650742367554,
            "side": "right",
            "color": [
              199,
              205,
              189
            ]
          }
        ]
      },
      {
        "frame_idx": 52,
        "left_objects": 3,
        "right_objects": 2,
        "total_objects": 5,
        "objects": [
          {
            "x": 48,
            "y": 182.0248944356638,
            "side": "left",
            "color": [
              251,
              198,
              161
            ]
          },
          {
            "x": 53,
            "y": 135.02489443566395,
            "side": "left",
            "color": [
              192,
              154,
              110
            ]
          },
          {
            "x": 93,
            "y": 173.02489443566384,
            "side": "left",
            "color": [
              219,
              166,
              100
            ]
          },
          {
            "x": 189,
            "y": 36.9751055643361,
            "side": "right",
            "color": [
              210,
              128,
              248
            ]
          },
          {
            "x": 146,
            "y": 53.975105564336154,
            "side": "right",
            "color": [
              199,
              205,
              189
            ]
          }
        ]
      },
      {
        "frame_idx": 53,
        "left_objects": 3,
        "right_objects": 2,
        "total_objects": 5,
        "objects": [
          {
            "x": 48,
            "y": 184.1574396136952,
            "side": "left",
            "color": [
              251,
              198,
              161
            ]
          },
          {
            "x": 53,
            "y": 137.15743961369535,
            "side": "left",
            "color": [
              192,
              154,
              110
            ]
          },
          {
            "x": 93,
            "y": 175.15743961369523,
            "side": "left",
            "color": [
              219,
              166,
              100
            ]
          },
          {
            "x": 189,
            "y": 34.8425603863047,
            "side": "right",
            "color": [
              210,
              128,
              248
            ]
          },
          {
            "x": 146,
            "y": 51.842560386304754,
            "side": "right",
            "color": [
              199,
              205,
              189
            ]
          }
        ]
      },
      {
        "frame_idx": 54,
        "left_objects": 3,
        "right_objects": 2,
        "total_objects": 5,
        "objects": [
          {
            "x": 48,
            "y": 186.2899847917266,
            "side": "left",
            "color": [
              251,
              198,
              161
            ]
          },
          {
            "x": 53,
            "y": 139.28998479172674,
            "side": "left",
            "color": [
              192,
              154,
              110
            ]
          },
          {
            "x": 93,
            "y": 177.28998479172662,
            "side": "left",
            "color": [
              219,
              166,
              100
            ]
          },
          {
            "x": 189,
            "y": 32.7100152082733,
            "side": "right",
            "color": [
              210,
              128,
              248
            ]
          },
          {
            "x": 146,
            "y": 49.710015208273354,
            "side": "right",
            "color": [
              199,
              205,
              189
            ]
          }
        ]
      },
      {
        "frame_idx": 55,
        "left_objects": 3,
        "right_objects": 2,
        "total_objects": 5,
        "objects": [
          {
            "x": 48,
            "y": 188.422529969758,
            "side": "left",
            "color": [
              251,
              198,
              161
            ]
          },
          {
            "x": 53,
            "y": 141.42252996975813,
            "side": "left",
            "color": [
              192,
              154,
              110
            ]
          },
          {
            "x": 93,
            "y": 179.42252996975802,
            "side": "left",
            "color": [
              219,
              166,
              100
            ]
          },
          {
            "x": 189,
            "y": 30.577470030241898,
            "side": "right",
            "color": [
              210,
              128,
              248
            ]
          },
          {
            "x": 146,
            "y": 47.577470030241955,
            "side": "right",
            "color": [
              199,
              205,
              189
            ]
          }
        ]
      },
      {
        "frame_idx": 56,
        "left_objects": 3,
        "right_objects": 2,
        "total_objects": 5,
        "objects": [
          {
            "x": 48,
            "y": 190.55507514778938,
            "side": "left",
            "color": [
              251,
              198,
              161
            ]
          },
          {
            "x": 53,
            "y": 143.55507514778952,
            "side": "left",
            "color": [
              192,
              154,
              110
            ]
          },
          {
            "x": 93,
            "y": 181.5550751477894,
            "side": "left",
            "color": [
              219,
              166,
              100
            ]
          },
          {
            "x": 189,
            "y": 28.444924852210498,
            "side": "right",
            "color": [
              210,
              128,
              248
            ]
          },
          {
            "x": 146,
            "y": 45.444924852210555,
            "side": "right",
            "color": [
              199,
              205,
              189
            ]
          }
        ]
      },
      {
        "frame_idx": 57,
        "left_objects": 3,
        "right_objects": 2,
        "total_objects": 5,
        "objects": [
          {
            "x": 48,
            "y": 192.68762032582077,
            "side": "left",
            "color": [
              251,
              198,
              161
            ]
          },
          {
            "x": 53,
            "y": 145.68762032582092,
            "side": "left",
            "color": [
              192,
              154,
              110
            ]
          },
          {
            "x": 93,
            "y": 183.6876203258208,
            "side": "left",
            "color": [
              219,
              166,
              100
            ]
          },
          {
            "x": 189,
            "y": 26.3123796741791,
            "side": "right",
            "color": [
              210,
              128,
              248
            ]
          },
          {
            "x": 146,
            "y": 43.312379674179155,
            "side": "right",
            "color": [
              199,
              205,
              189
            ]
          }
        ]
      },
      {
        "frame_idx": 58,
        "left_objects": 3,
        "right_objects": 2,
        "total_objects": 5,
        "objects": [
          {
            "x": 48,
            "y": 194.82016550385217,
            "side": "left",
            "color": [
              251,
              198,
              161
            ]
          },
          {
            "x": 53,
            "y": 147.8201655038523,
            "side": "left",
            "color": [
              192,
              154,
              110
            ]
          },
          {
            "x": 93,
            "y": 185.8201655038522,
            "side": "left",
            "color": [
              219,
              166,
              100
            ]
          },
          {
            "x": 189,
            "y": 24.1798344961477,
            "side": "right",
            "color": [
              210,
              128,
              248
            ]
          },
          {
            "x": 146,
            "y": 41.179834496147755,
            "side": "right",
            "color": [
              199,
              205,
              189
            ]
          }
        ]
      },
      {
        "frame_idx": 59,
        "left_objects": 3,
        "right_objects": 2,
        "total_objects": 5,
        "objects": [
          {
            "x": 48,
            "y": 196.95271068188356,
            "side": "left",
            "color": [
              251,
              198,
              161
            ]
          },
          {
            "x": 53,
            "y": 149.9527106818837,
            "side": "left",
            "color": [
              192,
              154,
              110
            ]
          },
          {
            "x": 93,
            "y": 187.9527106818836,
            "side": "left",
            "color": [
              219,
              166,
              100
            ]
          },
          {
            "x": 189,
            "y": 22.0472893181163,
            "side": "right",
            "color": [
              210,
              128,
              248
            ]
          },
          {
            "x": 146,
            "y": 39.047289318116356,
            "side": "right",
            "color": [
              199,
              205,
              189
            ]
          }
        ]
      }
    ]
  }
}