{
  "sample_id": "observation_000005_223666",
  "sample_type": "observation",
  "scenario": "sparse",
  "params": {
    "width": 224,
    "height": 224,
    "left_objects": 3,
    "right_objects": 2,
    "velocity": 1.4180729005520205,
    "object_radius": 13
  },
  "generation_info": {
    "timestamp": "2025-11-07T17:35:58.447410",
    "seed": 72640,
    "generator_version": "1.0"
  },
  "video_stats": {
    "num_frames": 60,
    "frame_size": [
      224,
      224,
      3
    ],
    "duration_seconds": 6.0
  },
  "quality_analysis": {
    "quality": "good",
    "movement_score": 5.0,
    "avg_objects": 5.0,
    "issues": []
  },
  "physics_simulation": {
    "num_frames": 60,
    "fps": 10,
    "resolution": [
      224,
      224
    ],
    "left_objects": 3,
    "right_objects": 2,
    "object_radius": 13,
    "velocity": 1.4180729005520205,
    "frames": [
      {
        "frame_idx": 0,
        "left_objects": 3,
        "right_objects": 2,
        "total_objects": 5,
        "objects": [
          {
            "x": 32,
            "y": 65.41807290055202,
            "side": "left",
            "color": [
              114,
              104,
              208
            ]
          },
          {
            "x": 75,
            "y": 27.41807290055202,
            "side": "left",
            "color": [
              245,
              238,
              133
            ]
          },
          {
            "x": 37,
            "y": 33.41807290055202,
            "side": "left",
            "color": [
              115,
              204,
              198
            ]
          },
          {
            "x": 153,
            "y": 160.58192709944797,
            "side": "right",
            "color": [
              106,
              171,
              103
            ]
          },
          {
            "x": 126,
            "y": 192.58192709944797,
            "side": "right",
            "color": [
              101,
              199,
              250
            ]
          }
        ]
      },
      {
        "frame_idx": 1,
        "left_objects": 3,
        "right_objects": 2,
        "total_objects": 5,
        "objects": [
          {
            "x": 32,
            "y": 66.83614580110404,
            "side": "left",
            "color": [
              114,
              104,
              208
            ]
          },
          {
            "x": 75,
            "y": 28.83614580110404,
            "side": "left",
            "color": [
              245,
              238,
              133
            ]
          },
          {
            "x": 37,
            "y": 34.83614580110404,
            "side": "left",
            "color": [
              115,
              204,
              198
            ]
          },
          {
            "x": 153,
            "y": 159.16385419889593,
            "side": "right",
            "color": [
              106,
              171,
              103
            ]
          },
          {
            "x": 126,
            "y": 191.16385419889593,
            "side": "right",
            "color": [
              101,
              199,
              250
            ]
          }
        ]
      },
      {
        "frame_idx": 2,
        "left_objects": 3,
        "right_objects": 2,
        "total_objects": 5,
        "objects": [
          {
            "x": 32,
            "y": 68.25421870165606,
            "side": "left",
            "color": [
              114,
              104,
              208
            ]
          },
          {
            "x": 75,
            "y": 30.254218701656058,
            "side": "left",
            "color": [
              245,
              238,
              133
            ]
          },
          {
            "x": 37,
            "y": 36.25421870165606,
            "side": "left",
            "color": [
              115,
              204,
              198
            ]
          },
          {
            "x": 153,
            "y": 157.7457812983439,
            "side": "right",
            "color": [
              106,
              171,
              103
            ]
          },
          {
            "x": 126,
            "y": 189.7457812983439,
            "side": "right",
            "color": [
              101,
              199,
              250
            ]
          }
        ]
      },
      {
        "frame_idx": 3,
        "left_objects": 3,
        "right_objects": 2,
        "total_objects": 5,
        "objects": [
          {
            "x": 32,
            "y": 69.67229160220808,
            "side": "left",
            "color": [
              114,
              104,
              208
            ]
          },
          {
            "x": 75,
            "y": 31.672291602208077,
            "side": "left",
            "color": [
              245,
              238,
              133
            ]
          },
          {
            "x": 37,
            "y": 37.67229160220808,
            "side": "left",
            "color": [
              115,
              204,
              198
            ]
          },
          {
            "x": 153,
            "y": 156.32770839779187,
            "side": "right",
            "color": [
              106,
              171,
              103
            ]
          },
          {
            "x": 126,
            "y": 188.32770839779187,
            "side": "right",
            "color": [
              101,
              199,
              250
            ]
          }
        ]
      },
      {
        "frame_idx": 4,
        "left_objects": 3,
        "right_objects": 2,
        "total_objects": 5,
        "objects": [
          {
            "x": 32,
            "y": 71.0903645027601,
            "side": "left",
            "color": [
              114,
              104,
              208
            ]
          },
          {
            "x": 75,
            "y": 33.090364502760096,
            "side": "left",
            "color": [
              245,
              238,
              133
            ]
          },
          {
            "x": 37,
            "y": 39.090364502760096,
            "side": "left",
            "color": [
              115,
              204,
              198
            ]
          },
          {
            "x": 153,
            "y": 154.90963549723983,
            "side": "right",
            "color": [
              106,
              171,
              103
            ]
          },
          {
            "x": 126,
            "y": 186.90963549723983,
            "side": "right",
            "color": [
              101,
              199,
              250
            ]
          }
        ]
      },
      {
        "frame_idx": 5,
        "left_objects": 3,
        "right_objects": 2,
        "total_objects": 5,
        "objects": [
          {
            "x": 32,
            "y": 72.50843740331212,
            "side": "left",
            "color": [
              114,
              104,
              208
            ]
          },
          {
            "x": 75,
            "y": 34.508437403312115,
            "side": "left",
            "color": [
              245,
              238,
              133
            ]
          },
          {
            "x": 37,
            "y": 40.508437403312115,
            "side": "left",
            "color": [
              115,
              204,
              198
            ]
          },
          {
            "x": 153,
            "y": 153.4915625966878,
            "side": "right",
            "color": [
              106,
              171,
              103
            ]
          },
          {
            "x": 126,
            "y": 185.4915625966878,
            "side": "right",
            "color": [
              101,
              199,
              250
            ]
          }
        ]
      },
      {
        "frame_idx": 6,
        "left_objects": 3,
        "right_objects": 2,
        "total_objects": 5,
        "objects": [
          {
            "x": 32,
            "y": 73.92651030386413,
            "side": "left",
            "color": [
              114,
              104,
              208
            ]
          },
          {
            "x": 75,
            "y": 35.926510303864134,
            "side": "left",
            "color": [
              245,
              238,
              133
            ]
          },
          {
            "x": 37,
            "y": 41.926510303864134,
            "side": "left",
            "color": [
              115,
              204,
              198
            ]
          },
          {
            "x": 153,
            "y": 152.07348969613577,
            "side": "right",
            "color": [
              106,
              171,
              103
            ]
          },
          {
            "x": 126,
            "y": 184.07348969613577,
            "side": "right",
            "color": [
              101,
              199,
              250
            ]
          }
        ]
      },
      {
        "frame_idx": 7,
        "left_objects": 3,
        "right_objects": 2,
        "total_objects": 5,
        "objects": [
          {
            "x": 32,
            "y": 75.34458320441615,
            "side": "left",
            "color": [
              114,
              104,
              208
            ]
          },
          {
            "x": 75,
            "y": 37.34458320441615,
            "side": "left",
            "color": [
              245,
              238,
              133
            ]
          },
          {
            "x": 37,
            "y": 43.34458320441615,
            "side": "left",
            "color": [
              115,
              204,
              198
            ]
          },
          {
            "x": 153,
            "y": 150.65541679558373,
            "side": "right",
            "color": [
              106,
              171,
              103
            ]
          },
          {
            "x": 126,
            "y": 182.65541679558373,
            "side": "right",
            "color": [
              101,
              199,
              250
            ]
          }
        ]
      },
      {
        "frame_idx": 8,
        "left_objects": 3,
        "right_objects": 2,
        "total_objects": 5,
        "objects": [
          {
            "x": 32,
            "y": 76.76265610496817,
            "side": "left",
            "color": [
              114,
              104,
              208
            ]
          },
          {
            "x": 75,
            "y": 38.76265610496817,
            "side": "left",
            "color": [
              245,
              238,
              133
            ]
          },
          {
            "x": 37,
            "y": 44.76265610496817,
            "side": "left",
            "color": [
              115,
              204,
              198
            ]
          },
          {
            "x": 153,
            "y": 149.2373438950317,
            "side": "right",
            "color": [
              106,
              171,
              103
            ]
          },
          {
            "x": 126,
            "y": 181.2373438950317,
            "side": "right",
            "color": [
              101,
              199,
              250
            ]
          }
        ]
      },
      {
        "frame_idx": 9,
        "left_objects": 3,
        "right_objects": 2,
        "total_objects": 5,
        "objects": [
          {
            "x": 32,
            "y": 78.18072900552019,
            "side": "left",
            "color": [
              114,
              104,
              208
            ]
          },
          {
            "x": 75,
            "y": 40.18072900552019,
            "side": "left",
            "color": [
              245,
              238,
              133
            ]
          },
          {
            "x": 37,
            "y": 46.18072900552019,
            "side": "left",
            "color": [
              115,
              204,
              198
            ]
          },
          {
            "x": 153,
            "y": 147.81927099447967,
            "side": "right",
            "color": [
              106,
              171,
              103
            ]
          },
          {
            "x": 126,
            "y": 179.81927099447967,
            "side": "right",
            "color": [
              101,
              199,
              250
            ]
          }
        ]
      },
      {
        "frame_idx": 10,
        "left_objects": 3,
        "right_objects": 2,
        "total_objects": 5,
        "objects": [
          {
            "x": 32,
            "y": 79.59880190607221,
            "side": "left",
            "color": [
              114,
              104,
              208
            ]
          },
          {
            "x": 75,
            "y": 41.59880190607221,
            "side": "left",
            "color": [
              245,
              238,
              133
            ]
          },
          {
            "x": 37,
            "y": 47.59880190607221,
            "side": "left",
            "color": [
              115,
              204,
              198
            ]
          },
          {
            "x": 153,
            "y": 146.40119809392763,
            "side": "right",
            "color": [
              106,
              171,
              103
            ]
          },
          {
            "x": 126,
            "y": 178.40119809392763,
            "side": "right",
            "color": [
              101,
              199,
              250
            ]
          }
        ]
      },
      {
        "frame_idx": 11,
        "left_objects": 3,
        "right_objects": 2,
        "total_objects": 5,
        "objects": [
          {
            "x": 32,
            "y": 81.01687480662423,
            "side": "left",
            "color": [
              114,
              104,
              208
            ]
          },
          {
            "x": 75,
            "y": 43.01687480662423,
            "side": "left",
            "color": [
              245,
              238,
              133
            ]
          },
          {
            "x": 37,
            "y": 49.01687480662423,
            "side": "left",
            "color": [
              115,
              204,
              198
            ]
          },
          {
            "x": 153,
            "y": 144.9831251933756,
            "side": "right",
            "color": [
              106,
              171,
              103
            ]
          },
          {
            "x": 126,
            "y": 176.9831251933756,
            "side": "right",
            "color": [
              101,
              199,
              250
            ]
          }
        ]
      },
      {
        "frame_idx": 12,
        "left_objects": 3,
        "right_objects": 2,
        "total_objects": 5,
        "objects": [
          {
            "x": 32,
            "y": 82.43494770717625,
            "side": "left",
            "color": [
              114,
              104,
              208
            ]
          },
          {
            "x": 75,
            "y": 44.43494770717625,
            "side": "left",
            "color": [
              245,
              238,
              133
            ]
          },
          {
            "x": 37,
            "y": 50.43494770717625,
            "side": "left",
            "color": [
              115,
              204,
              198
            ]
          },
          {
            "x": 153,
            "y": 143.56505229282357,
            "side": "right",
            "color": [
              106,
              171,
              103
            ]
          },
          {
            "x": 126,
            "y": 175.56505229282357,
            "side": "right",
            "color": [
              101,
              199,
              250
            ]
          }
        ]
      },
      {
        "frame_idx": 13,
        "left_objects": 3,
        "right_objects": 2,
        "total_objects": 5,
        "objects": [
          {
            "x": 32,
            "y": 83.85302060772827,
            "side": "left",
            "color": [
              114,
              104,
              208
            ]
          },
          {
            "x": 75,
            "y": 45.85302060772827,
            "side": "left",
            "color": [
              245,
              238,
              133
            ]
          },
          {
            "x": 37,
            "y": 51.85302060772827,
            "side": "left",
            "color": [
              115,
              204,
              198
            ]
          },
          {
            "x": 153,
            "y": 142.14697939227153,
            "side": "right",
            "color": [
              106,
              171,
              103
            ]
          },
          {
            "x": 126,
            "y": 174.14697939227153,
            "side": "right",
            "color": [
              101,
              199,
              250
            ]
          }
        ]
      },
      {
        "frame_idx": 14,
        "left_objects": 3,
        "right_objects": 2,
        "total_objects": 5,
        "objects": [
          {
            "x": 32,
            "y": 85.27109350828029,
            "side": "left",
            "color": [
              114,
              104,
              208
            ]
          },
          {
            "x": 75,
            "y": 47.27109350828029,
            "side": "left",
            "color": [
              245,
              238,
              133
            ]
          },
          {
            "x": 37,
            "y": 53.27109350828029,
            "side": "left",
            "color": [
              115,
              204,
              198
            ]
          },
          {
            "x": 153,
            "y": 140.7289064917195,
            "side": "right",
            "color": [
              106,
              171,
              103
            ]
          },
          {
            "x": 126,
            "y": 172.7289064917195,
            "side": "right",
            "color": [
              101,
              199,
              250
            ]
          }
        ]
      },
      {
        "frame_idx": 15,
        "left_objects": 3,
        "right_objects": 2,
        "total_objects": 5,
        "objects": [
          {
            "x": 32,
            "y": 86.6891664088323,
            "side": "left",
            "color": [
              114,
              104,
              208
            ]
          },
          {
            "x": 75,
            "y": 48.68916640883231,
            "side": "left",
            "color": [
              245,
              238,
              133
            ]
          },
          {
            "x": 37,
            "y": 54.68916640883231,
            "side": "left",
            "color": [
              115,
              204,
              198
            ]
          },
          {
            "x": 153,
            "y": 139.31083359116747,
            "side": "right",
            "color": [
              106,
              171,
              103
            ]
          },
          {
            "x": 126,
            "y": 171.31083359116747,
            "side": "right",
            "color": [
              101,
              199,
              250
            ]
          }
        ]
      },
      {
        "frame_idx": 16,
        "left_objects": 3,
        "right_objects": 2,
        "total_objects": 5,
        "objects": [
          {
            "x": 32,
            "y": 88.10723930938433,
            "side": "left",
            "color": [
              114,
              104,
              208
            ]
          },
          {
            "x": 75,
            "y": 50.107239309384326,
            "side": "left",
            "color": [
              245,
              238,
              133
            ]
          },
          {
            "x": 37,
            "y": 56.107239309384326,
            "side": "left",
            "color": [
              115,
              204,
              198
            ]
          },
          {
            "x": 153,
            "y": 137.89276069061543,
            "side": "right",
            "color": [
              106,
              171,
              103
            ]
          },
          {
            "x": 126,
            "y": 169.89276069061543,
            "side": "right",
            "color": [
              101,
              199,
              250
            ]
          }
        ]
      },
      {
        "frame_idx": 17,
        "left_objects": 3,
        "right_objects": 2,
        "total_objects": 5,
        "objects": [
          {
            "x": 32,
            "y": 89.52531220993635,
            "side": "left",
            "color": [
              114,
              104,
              208
            ]
          },
          {
            "x": 75,
            "y": 51.525312209936345,
            "side": "left",
            "color": [
              245,
              238,
              133
            ]
          },
          {
            "x": 37,
            "y": 57.525312209936345,
            "side": "left",
            "color": [
              115,
              204,
              198
            ]
          },
          {
            "x": 153,
            "y": 136.4746877900634,
            "side": "right",
            "color": [
              106,
              171,
              103
            ]
          },
          {
            "x": 126,
            "y": 168.4746877900634,
            "side": "right",
            "color": [
              101,
              199,
              250
            ]
          }
        ]
      },
      {
        "frame_idx": 18,
        "left_objects": 3,
        "right_objects": 2,
        "total_objects": 5,
        "objects": [
          {
            "x": 32,
            "y": 90.94338511048836,
            "side": "left",
            "color": [
              114,
              104,
              208
            ]
          },
          {
            "x": 75,
            "y": 52.943385110488364,
            "side": "left",
            "color": [
              245,
              238,
              133
            ]
          },
          {
            "x": 37,
            "y": 58.943385110488364,
            "side": "left",
            "color": [
              115,
              204,
              198
            ]
          },
          {
            "x": 153,
            "y": 135.05661488951137,
            "side": "right",
            "color": [
              106,
              171,
              103
            ]
          },
          {
            "x": 126,
            "y": 167.05661488951137,
            "side": "right",
            "color": [
              101,
              199,
              250
            ]
          }
        ]
      },
      {
        "frame_idx": 19,
        "left_objects": 3,
        "right_objects": 2,
        "total_objects": 5,
        "objects": [
          {
            "x": 32,
            "y": 92.36145801104038,
            "side": "left",
            "color": [
              114,
              104,
              208
            ]
          },
          {
            "x": 75,
            "y": 54.361458011040384,
            "side": "left",
            "color": [
              245,
              238,
              133
            ]
          },
          {
            "x": 37,
            "y": 60.361458011040384,
            "side": "left",
            "color": [
              115,
              204,
              198
            ]
          },
          {
            "x": 153,
            "y": 133.63854198895933,
            "side": "right",
            "color": [
              106,
              171,
              103
            ]
          },
          {
            "x": 126,
            "y": 165.63854198895933,
            "side": "right",
            "color": [
              101,
              199,
              250
            ]
          }
        ]
      },
      {
        "frame_idx": 20,
        "left_objects": 3,
        "right_objects": 2,
        "total_objects": 5,
        "objects": [
          {
            "x": 32,
            "y": 93.7795309115924,
            "side": "left",
            "color": [
              114,
              104,
              208
            ]
          },
          {
            "x": 75,
            "y": 55.7795309115924,
            "side": "left",
            "color": [
              245,
              238,
              133
            ]
          },
          {
            "x": 37,
            "y": 61.7795309115924,
            "side": "left",
            "color": [
              115,
              204,
              198
            ]
          },
          {
            "x": 153,
            "y": 132.2204690884073,
            "side": "right",
            "color": [
              106,
              171,
              103
            ]
          },
          {
            "x": 126,
            "y": 164.2204690884073,
            "side": "right",
            "color": [
              101,
              199,
              250
            ]
          }
        ]
      },
      {
        "frame_idx": 21,
        "left_objects": 3,
        "right_objects": 2,
        "total_objects": 5,
        "objects": [
          {
            "x": 32,
            "y": 95.19760381214442,
            "side": "left",
            "color": [
              114,
              104,
              208
            ]
          },
          {
            "x": 75,
            "y": 57.19760381214442,
            "side": "left",
            "color": [
              245,
              238,
              133
            ]
          },
          {
            "x": 37,
            "y": 63.19760381214442,
            "side": "left",
            "color": [
              115,
              204,
              198
            ]
          },
          {
            "x": 153,
            "y": 130.80239618785527,
            "side": "right",
            "color": [
              106,
              171,
              103
            ]
          },
          {
            "x": 126,
            "y": 162.80239618785527,
            "side": "right",
            "color": [
              101,
              199,
              250
            ]
          }
        ]
      },
      {
        "frame_idx": 22,
        "left_objects": 3,
        "right_objects": 2,
        "total_objects": 5,
        "objects": [
          {
            "x": 32,
            "y": 96.61567671269644,
            "side": "left",
            "color": [
              114,
              104,
              208
            ]
          },
          {
            "x": 75,
            "y": 58.61567671269644,
            "side": "left",
            "color": [
              245,
              238,
              133
            ]
          },
          {
            "x": 37,
            "y": 64.61567671269644,
            "side": "left",
            "color": [
              115,
              204,
              198
            ]
          },
          {
            "x": 153,
            "y": 129.38432328730323,
            "side": "right",
            "color": [
              106,
              171,
              103
            ]
          },
          {
            "x": 126,
            "y": 161.38432328730323,
            "side": "right",
            "color": [
              101,
              199,
              250
            ]
          }
        ]
      },
      {
        "frame_idx": 23,
        "left_objects": 3,
        "right_objects": 2,
        "total_objects": 5,
        "objects": [
          {
            "x": 32,
            "y": 98.03374961324846,
            "side": "left",
            "color": [
              114,
              104,
              208
            ]
          },
          {
            "x": 75,
            "y": 60.03374961324846,
            "side": "left",
            "color": [
              245,
              238,
              133
            ]
          },
          {
            "x": 37,
            "y": 66.03374961324846,
            "side": "left",
            "color": [
              115,
              204,
              198
            ]
          },
          {
            "x": 153,
            "y": 127.96625038675121,
            "side": "right",
            "color": [
              106,
              171,
              103
            ]
          },
          {
            "x": 126,
            "y": 159.9662503867512,
            "side": "right",
            "color": [
              101,
              199,
              250
            ]
          }
        ]
      },
      {
        "frame_idx": 24,
        "left_objects": 3,
        "right_objects": 2,
        "total_objects": 5,
        "objects": [
          {
            "x": 32,
            "y": 99.45182251380048,
            "side": "left",
            "color": [
              114,
              104,
              208
            ]
          },
          {
            "x": 75,
            "y": 61.45182251380048,
            "side": "left",
            "color": [
              245,
              238,
              133
            ]
          },
          {
            "x": 37,
            "y": 67.45182251380048,
            "side": "left",
            "color": [
              115,
              204,
              198
            ]
          },
          {
            "x": 153,
            "y": 126.5481774861992,
            "side": "right",
            "color": [
              106,
              171,
              103
            ]
          },
          {
            "x": 126,
            "y": 158.54817748619917,
            "side": "right",
            "color": [
              101,
              199,
              250
            ]
          }
        ]
      },
      {
        "frame_idx": 25,
        "left_objects": 3,
        "right_objects": 2,
        "total_objects": 5,
        "objects": [
          {
            "x": 32,
            "y": 100.8698954143525,
            "side": "left",
            "color": [
              114,
              104,
              208
            ]
          },
          {
            "x": 75,
            "y": 62.8698954143525,
            "side": "left",
            "color": [
              245,
              238,
              133
            ]
          },
          {
            "x": 37,
            "y": 68.8698954143525,
            "side": "left",
            "color": [
              115,
              204,
              198
            ]
          },
          {
            "x": 153,
            "y": 125.13010458564717,
            "side": "right",
            "color": [
              106,
              171,
              103
            ]
          },
          {
            "x": 126,
            "y": 157.13010458564713,
            "side": "right",
            "color": [
              101,
              199,
              250
            ]
          }
        ]
      },
      {
        "frame_idx": 26,
        "left_objects": 3,
        "right_objects": 2,
        "total_objects": 5,
        "objects": [
          {
            "x": 32,
            "y": 102.28796831490452,
            "side": "left",
            "color": [
              114,
              104,
              208
            ]
          },
          {
            "x": 75,
            "y": 64.28796831490452,
            "side": "left",
            "color": [
              245,
              238,
              133
            ]
          },
          {
            "x": 37,
            "y": 70.28796831490452,
            "side": "left",
            "color": [
              115,
              204,
              198
            ]
          },
          {
            "x": 153,
            "y": 123.71203168509516,
            "side": "right",
            "color": [
              106,
              171,
              103
            ]
          },
          {
            "x": 126,
            "y": 155.7120316850951,
            "side": "right",
            "color": [
              101,
              199,
              250
            ]
          }
        ]
      },
      {
        "frame_idx": 27,
        "left_objects": 3,
        "right_objects": 2,
        "total_objects": 5,
        "objects": [
          {
            "x": 32,
            "y": 103.70604121545654,
            "side": "left",
            "color": [
              114,
              104,
              208
            ]
          },
          {
            "x": 75,
            "y": 65.70604121545654,
            "side": "left",
            "color": [
              245,
              238,
              133
            ]
          },
          {
            "x": 37,
            "y": 71.70604121545654,
            "side": "left",
            "color": [
              115,
              204,
              198
            ]
          },
          {
            "x": 153,
            "y": 122.29395878454314,
            "side": "right",
            "color": [
              106,
              171,
              103
            ]
          },
          {
            "x": 126,
            "y": 154.29395878454307,
            "side": "right",
            "color": [
              101,
              199,
              250
            ]
          }
        ]
      },
      {
        "frame_idx": 28,
        "left_objects": 3,
        "right_objects": 2,
        "total_objects": 5,
        "objects": [
          {
            "x": 32,
            "y": 105.12411411600856,
            "side": "left",
            "color": [
              114,
              104,
              208
            ]
          },
          {
            "x": 75,
            "y": 67.12411411600856,
            "side": "left",
            "color": [
              245,
              238,
              133
            ]
          },
          {
            "x": 37,
            "y": 73.12411411600856,
            "side": "left",
            "color": [
              115,
              204,
              198
            ]
          },
          {
            "x": 153,
            "y": 120.87588588399112,
            "side": "right",
            "color": [
              106,
              171,
              103
            ]
          },
          {
            "x": 126,
            "y": 152.87588588399103,
            "side": "right",
            "color": [
              101,
              199,
              250
            ]
          }
        ]
      },
      {
        "frame_idx": 29,
        "left_objects": 3,
        "right_objects": 2,
        "total_objects": 5,
        "objects": [
          {
            "x": 32,
            "y": 106.54218701656058,
            "side": "left",
            "color": [
              114,
              104,
              208
            ]
          },
          {
            "x": 75,
            "y": 68.54218701656058,
            "side": "left",
            "color": [
              245,
              238,
              133
            ]
          },
          {
            "x": 37,
            "y": 74.54218701656058,
            "side": "left",
            "color": [
              115,
              204,
              198
            ]
          },
          {
            "x": 153,
            "y": 119.4578129834391,
            "side": "right",
            "color": [
              106,
              171,
              103
            ]
          },
          {
            "x": 126,
            "y": 151.457812983439,
            "side": "right",
            "color": [
              101,
              199,
              250
            ]
          }
        ]
      },
      {
        "frame_idx": 30,
        "left_objects": 3,
        "right_objects": 2,
        "total_objects": 5,
        "objects": [
          {
            "x": 32,
            "y": 107.9602599171126,
            "side": "left",
            "color": [
              114,
              104,
              208
            ]
          },
          {
            "x": 75,
            "y": 69.9602599171126,
            "side": "left",
            "color": [
              245,
              238,
              133
            ]
          },
          {
            "x": 37,
            "y": 75.9602599171126,
            "side": "left",
            "color": [
              115,
              204,
              198
            ]
          },
          {
            "x": 153,
            "y": 118.03974008288708,
            "side": "right",
            "color": [
              106,
              171,
              103
            ]
          },
          {
            "x": 126,
            "y": 150.03974008288696,
            "side": "right",
            "color": [
              101,
              199,
              250
            ]
          }
        ]
      },
      {
        "frame_idx": 31,
        "left_objects": 3,
        "right_objects": 2,
        "total_objects": 5,
        "objects": [
          {
            "x": 32,
            "y": 109.37833281766461,
            "side": "left",
            "color": [
              114,
              104,
              208
            ]
          },
          {
            "x": 75,
            "y": 71.37833281766461,
            "side": "left",
            "color": [
              245,
              238,
              133
            ]
          },
          {
            "x": 37,
            "y": 77.37833281766461,
            "side": "left",
            "color": [
              115,
              204,
              198
            ]
          },
          {
            "x": 153,
            "y": 116.62166718233506,
            "side": "right",
            "color": [
              106,
              171,
              103
            ]
          },
          {
            "x": 126,
            "y": 148.62166718233493,
            "side": "right",
            "color": [
              101,
              199,
              250
            ]
          }
        ]
      },
      {
        "frame_idx": 32,
        "left_objects": 3,
        "right_objects": 2,
        "total_objects": 5,
        "objects": [
          {
            "x": 32,
            "y": 110.79640571821663,
            "side": "left",
            "color": [
              114,
              104,
              208
            ]
          },
          {
            "x": 75,
            "y": 72.79640571821663,
            "side": "left",
            "color": [
              245,
              238,
              133
            ]
          },
          {
            "x": 37,
            "y": 78.79640571821663,
            "side": "left",
            "color": [
              115,
              204,
              198
            ]
          },
          {
            "x": 153,
            "y": 115.20359428178304,
            "side": "right",
            "color": [
              106,
              171,
              103
            ]
          },
          {
            "x": 126,
            "y": 147.2035942817829,
            "side": "right",
            "color": [
              101,
              199,
              250
            ]
          }
        ]
      },
      {
        "frame_idx": 33,
        "left_objects": 3,
        "right_objects": 2,
        "total_objects": 5,
        "objects": [
          {
            "x": 32,
            "y": 112.21447861876865,
            "side": "left",
            "color": [
              114,
              104,
              208
            ]
          },
          {
            "x": 75,
            "y": 74.21447861876865,
            "side": "left",
            "color": [
              245,
              238,
              133
            ]
          },
          {
            "x": 37,
            "y": 80.21447861876865,
            "side": "left",
            "color": [
              115,
              204,
              198
            ]
          },
          {
            "x": 153,
            "y": 113.78552138123102,
            "side": "right",
            "color": [
              106,
              171,
              103
            ]
          },
          {
            "x": 126,
            "y": 145.78552138123086,
            "side": "right",
            "color": [
              101,
              199,
              250
            ]
          }
        ]
      },
      {
        "frame_idx": 34,
        "left_objects": 3,
        "right_objects": 2,
        "total_objects": 5,
        "objects": [
          {
            "x": 32,
            "y": 113.63255151932067,
            "side": "left",
            "color": [
              114,
              104,
              208
            ]
          },
          {
            "x": 75,
            "y": 75.63255151932067,
            "side": "left",
            "color": [
              245,
              238,
              133
            ]
          },
          {
            "x": 37,
            "y": 81.63255151932067,
            "side": "left",
            "color": [
              115,
              204,
              198
            ]
          },
          {
            "x": 153,
            "y": 112.367448480679,
            "side": "right",
            "color": [
              106,
              171,
              103
            ]
          },
          {
            "x": 126,
            "y": 144.36744848067883,
            "side": "right",
            "color": [
              101,
              199,
              250
            ]
          }
        ]
      },
      {
        "frame_idx": 35,
        "left_objects": 3,
        "right_objects": 2,
        "total_objects": 5,
        "objects": [
          {
            "x": 32,
            "y": 115.05062441987269,
            "side": "left",
            "color": [
              114,
              104,
              208
            ]
          },
          {
            "x": 75,
            "y": 77.05062441987269,
            "side": "left",
            "color": [
              245,
              238,
              133
            ]
          },
          {
            "x": 37,
            "y": 83.05062441987269,
            "side": "left",
            "color": [
              115,
              204,
              198
            ]
          },
          {
            "x": 153,
            "y": 110.94937558012698,
            "side": "right",
            "color": [
              106,
              171,
              103
            ]
          },
          {
            "x": 126,
            "y": 142.9493755801268,
            "side": "right",
            "color": [
              101,
              199,
              250
            ]
          }
        ]
      },
      {
        "frame_idx": 36,
        "left_objects": 3,
        "right_objects": 2,
        "total_objects": 5,
        "objects": [
          {
            "x": 32,
            "y": 116.46869732042471,
            "side": "left",
            "color": [
              114,
              104,
              208
            ]
          },
          {
            "x": 75,
            "y": 78.46869732042471,
            "side": "left",
            "color": [
              245,
              238,
              133
            ]
          },
          {
            "x": 37,
            "y": 84.46869732042471,
            "side": "left",
            "color": [
              115,
              204,
              198
            ]
          },
          {
            "x": 153,
            "y": 109.53130267957496,
            "side": "right",
            "color": [
              106,
              171,
              103
            ]
          },
          {
            "x": 126,
            "y": 141.53130267957476,
            "side": "right",
            "color": [
              101,
              199,
              250
            ]
          }
        ]
      },
      {
        "frame_idx": 37,
        "left_objects": 3,
        "right_objects": 2,
        "total_objects": 5,
        "objects": [
          {
            "x": 32,
            "y": 117.88677022097673,
            "side": "left",
            "color": [
              114,
              104,
              208
            ]
          },
          {
            "x": 75,
            "y": 79.88677022097673,
            "side": "left",
            "color": [
              245,
              238,
              133
            ]
          },
          {
            "x": 37,
            "y": 85.88677022097673,
            "side": "left",
            "color": [
              115,
              204,
              198
            ]
          },
          {
            "x": 153,
            "y": 108.11322977902294,
            "side": "right",
            "color": [
              106,
              171,
              103
            ]
          },
          {
            "x": 126,
            "y": 140.11322977902273,
            "side": "right",
            "color": [
              101,
              199,
              250
            ]
          }
        ]
      },
      {
        "frame_idx": 38,
        "left_objects": 3,
        "right_objects": 2,
        "total_objects": 5,
        "objects": [
          {
            "x": 32,
            "y": 119.30484312152875,
            "side": "left",
            "color": [
              114,
              104,
              208
            ]
          },
          {
            "x": 75,
            "y": 81.30484312152875,
            "side": "left",
            "color": [
              245,
              238,
              133
            ]
          },
          {
            "x": 37,
            "y": 87.30484312152875,
            "side": "left",
            "color": [
              115,
              204,
              198
            ]
          },
          {
            "x": 153,
            "y": 106.69515687847093,
            "side": "right",
            "color": [
              106,
              171,
              103
            ]
          },
          {
            "x": 126,
            "y": 138.6951568784707,
            "side": "right",
            "color": [
              101,
              199,
              250
            ]
          }
        ]
      },
      {
        "frame_idx": 39,
        "left_objects": 3,
        "right_objects": 2,
        "total_objects": 5,
        "objects": [
          {
            "x": 32,
            "y": 120.72291602208077,
            "side": "left",
            "color": [
              114,
              104,
              208
            ]
          },
          {
            "x": 75,
            "y": 82.72291602208077,
            "side": "left",
            "color": [
              245,
              238,
              133
            ]
          },
          {
            "x": 37,
            "y": 88.72291602208077,
            "side": "left",
            "color": [
              115,
              204,
              198
            ]
          },
          {
            "x": 153,
            "y": 105.2770839779189,
            "side": "right",
            "color": [
              106,
              171,
              103
            ]
          },
          {
            "x": 126,
            "y": 137.27708397791866,
            "side": "right",
            "color": [
              101,
              199,
              250
            ]
          }
        ]
      },
      {
        "frame_idx": 40,
        "left_objects": 3,
        "right_objects": 2,
        "total_objects": 5,
        "objects": [
          {
            "x": 32,
            "y": 122.14098892263279,
            "side": "left",
            "color": [
              114,
              104,
              208
            ]
          },
          {
            "x": 75,
            "y": 84.14098892263279,
            "side": "left",
            "color": [
              245,
              238,
              133
            ]
          },
          {
            "x": 37,
            "y": 90.14098892263279,
            "side": "left",
            "color": [
              115,
              204,
              198
            ]
          },
          {
            "x": 153,
            "y": 103.85901107736689,
            "side": "right",
            "color": [
              106,
              171,
              103
            ]
          },
          {
            "x": 126,
            "y": 135.85901107736663,
            "side": "right",
            "color": [
              101,
              199,
              250
            ]
          }
        ]
      },
      {
        "frame_idx": 41,
        "left_objects": 3,
        "right_objects": 2,
        "total_objects": 5,
        "objects": [
          {
            "x": 32,
            "y": 123.5590618231848,
            "side": "left",
            "color": [
              114,
              104,
              208
            ]
          },
          {
            "x": 75,
            "y": 85.5590618231848,
            "side": "left",
            "color": [
              245,
              238,
              133
            ]
          },
          {
            "x": 37,
            "y": 91.5590618231848,
            "side": "left",
            "color": [
              115,
              204,
              198
            ]
          },
          {
            "x": 153,
            "y": 102.44093817681487,
            "side": "right",
            "color": [
              106,
              171,
              103
            ]
          },
          {
            "x": 126,
            "y": 134.4409381768146,
            "side": "right",
            "color": [
              101,
              199,
              250
            ]
          }
        ]
      },
      {
        "frame_idx": 42,
        "left_objects": 3,
        "right_objects": 2,
        "total_objects": 5,
        "objects": [
          {
            "x": 32,
            "y": 124.97713472373682,
            "side": "left",
            "color": [
              114,
              104,
              208
            ]
          },
          {
            "x": 75,
            "y": 86.97713472373682,
            "side": "left",
            "color": [
              245,
              238,
              133
            ]
          },
          {
            "x": 37,
            "y": 92.97713472373682,
            "side": "left",
            "color": [
              115,
              204,
              198
            ]
          },
          {
            "x": 153,
            "y": 101.02286527626285,
            "side": "right",
            "color": [
              106,
              171,
              103
            ]
          },
          {
            "x": 126,
            "y": 133.02286527626256,
            "side": "right",
            "color": [
              101,
              199,
              250
            ]
          }
        ]
      },
      {
        "frame_idx": 43,
        "left_objects": 3,
        "right_objects": 2,
        "total_objects": 5,
        "objects": [
          {
            "x": 32,
            "y": 126.39520762428884,
            "side": "left",
            "color": [
              114,
              104,
              208
            ]
          },
          {
            "x": 75,
            "y": 88.39520762428884,
            "side": "left",
            "color": [
              245,
              238,
              133
            ]
          },
          {
            "x": 37,
            "y": 94.39520762428884,
            "side": "left",
            "color": [
              115,
              204,
              198
            ]
          },
          {
            "x": 153,
            "y": 99.60479237571083,
            "side": "right",
            "color": [
              106,
              171,
              103
            ]
          },
          {
            "x": 126,
            "y": 131.60479237571053,
            "side": "right",
            "color": [
              101,
              199,
              250
            ]
          }
        ]
      },
      {
        "frame_idx": 44,
        "left_objects": 3,
        "right_objects": 2,
        "total_objects": 5,
        "objects": [
          {
            "x": 32,
            "y": 127.81328052484086,
            "side": "left",
            "color": [
              114,
              104,
              208
            ]
          },
          {
            "x": 75,
            "y": 89.81328052484086,
            "side": "left",
            "color": [
              245,
              238,
              133
            ]
          },
          {
            "x": 37,
            "y": 95.81328052484086,
            "side": "left",
            "color": [
              115,
              204,
              198
            ]
          },
          {
            "x": 153,
            "y": 98.18671947515881,
            "side": "right",
            "color": [
              106,
              171,
              103
            ]
          },
          {
            "x": 126,
            "y": 130.1867194751585,
            "side": "right",
            "color": [
              101,
              199,
              250
            ]
          }
        ]
      },
      {
        "frame_idx": 45,
        "left_objects": 3,
        "right_objects": 2,
        "total_objects": 5,
        "objects": [
          {
            "x": 32,
            "y": 129.23135342539288,
            "side": "left",
            "color": [
              114,
              104,
              208
            ]
          },
          {
            "x": 75,
            "y": 91.23135342539288,
            "side": "left",
            "color": [
              245,
              238,
              133
            ]
          },
          {
            "x": 37,
            "y": 97.23135342539288,
            "side": "left",
            "color": [
              115,
              204,
              198
            ]
          },
          {
            "x": 153,
            "y": 96.76864657460679,
            "side": "right",
            "color": [
              106,
              171,
              103
            ]
          },
          {
            "x": 126,
            "y": 128.76864657460646,
            "side": "right",
            "color": [
              101,
              199,
              250
            ]
          }
        ]
      },
      {
        "frame_idx": 46,
        "left_objects": 3,
        "right_objects": 2,
        "total_objects": 5,
        "objects": [
          {
            "x": 32,
            "y": 130.64942632594492,
            "side": "left",
            "color": [
              114,
              104,
              208
            ]
          },
          {
            "x": 75,
            "y": 92.6494263259449,
            "side": "left",
            "color": [
              245,
              238,
              133
            ]
          },
          {
            "x": 37,
            "y": 98.6494263259449,
            "side": "left",
            "color": [
              115,
              204,
              198
            ]
          },
          {
            "x": 153,
            "y": 95.35057367405477,
            "side": "right",
            "color": [
              106,
              171,
              103
            ]
          },
          {
            "x": 126,
            "y": 127.35057367405444,
            "side": "right",
            "color": [
              101,
              199,
              250
            ]
          }
        ]
      },
      {
        "frame_idx": 47,
        "left_objects": 3,
        "right_objects": 2,
        "total_objects": 5,
        "objects": [
          {
            "x": 32,
            "y": 132.06749922649695,
            "side": "left",
            "color": [
              114,
              104,
              208
            ]
          },
          {
            "x": 75,
            "y": 94.06749922649692,
            "side": "left",
            "color": [
              245,
              238,
              133
            ]
          },
          {
            "x": 37,
            "y": 100.06749922649692,
            "side": "left",
            "color": [
              115,
              204,
              198
            ]
          },
          {
            "x": 153,
            "y": 93.93250077350275,
            "side": "right",
            "color": [
              106,
              171,
              103
            ]
          },
          {
            "x": 126,
            "y": 125.93250077350243,
            "side": "right",
            "color": [
              101,
              199,
              250
            ]
          }
        ]
      },
      {
        "frame_idx": 48,
        "left_objects": 3,
        "right_objects": 2,
        "total_objects": 5,
        "objects": [
          {
            "x": 32,
            "y": 133.48557212704898,
            "side": "left",
            "color": [
              114,
              104,
              208
            ]
          },
          {
            "x": 75,
            "y": 95.48557212704894,
            "side": "left",
            "color": [
              245,
              238,
              133
            ]
          },
          {
            "x": 37,
            "y": 101.48557212704894,
            "side": "left",
            "color": [
              115,
              204,
              198
            ]
          },
          {
            "x": 153,
            "y": 92.51442787295073,
            "side": "right",
            "color": [
              106,
              171,
              103
            ]
          },
          {
            "x": 126,
            "y": 124.5144278729504,
            "side": "right",
            "color": [
              101,
              199,
              250
            ]
          }
        ]
      },
      {
        "frame_idx": 49,
        "left_objects": 3,
        "right_objects": 2,
        "total_objects": 5,
        "objects": [
          {
            "x": 32,
            "y": 134.90364502760102,
            "side": "left",
            "color": [
              114,
              104,
              208
            ]
          },
          {
            "x": 75,
            "y": 96.90364502760096,
            "side": "left",
            "color": [
              245,
              238,
              133
            ]
          },
          {
            "x": 37,
            "y": 102.90364502760096,
            "side": "left",
            "color": [
              115,
              204,
              198
            ]
          },
          {
            "x": 153,
            "y": 91.09635497239871,
            "side": "right",
            "color": [
              106,
              171,
              103
            ]
          },
          {
            "x": 126,
            "y": 123.09635497239839,
            "side": "right",
            "color": [
              101,
              199,
              250
            ]
          }
        ]
      },
      {
        "frame_idx": 50,
        "left_objects": 3,
        "right_objects": 2,
        "total_objects": 5,
        "objects": [
          {
            "x": 32,
            "y": 136.32171792815305,
            "side": "left",
            "color": [
              114,
              104,
              208
            ]
          },
          {
            "x": 75,
            "y": 98.32171792815298,
            "side": "left",
            "color": [
              245,
              238,
              133
            ]
          },
          {
            "x": 37,
            "y": 104.32171792815298,
            "side": "left",
            "color": [
              115,
              204,
              198
            ]
          },
          {
            "x": 153,
            "y": 89.6782820718467,
            "side": "right",
            "color": [
              106,
              171,
              103
            ]
          },
          {
            "x": 126,
            "y": 121.67828207184637,
            "side": "right",
            "color": [
              101,
              199,
              250
            ]
          }
        ]
      },
      {
        "frame_idx": 51,
        "left_objects": 3,
        "right_objects": 2,
        "total_objects": 5,
        "objects": [
          {
            "x": 32,
            "y": 137.73979082870508,
            "side": "left",
            "color": [
              114,
              104,
              208
            ]
          },
          {
            "x": 75,
            "y": 99.739790828705,
            "side": "left",
            "color": [
              245,
              238,
              133
            ]
          },
          {
            "x": 37,
            "y": 105.739790828705,
            "side": "left",
            "color": [
              115,
              204,
              198
            ]
          },
          {
            "x": 153,
            "y": 88.26020917129468,
            "side": "right",
            "color": [
              106,
              171,
              103
            ]
          },
          {
            "x": 126,
            "y": 120.26020917129435,
            "side": "right",
            "color": [
              101,
              199,
              250
            ]
          }
        ]
      },
      {
        "frame_idx": 52,
        "left_objects": 3,
        "right_objects": 2,
        "total_objects": 5,
        "objects": [
          {
            "x": 32,
            "y": 139.15786372925712,
            "side": "left",
            "color": [
              114,
              104,
              208
            ]
          },
          {
            "x": 75,
            "y": 101.15786372925702,
            "side": "left",
            "color": [
              245,
              238,
              133
            ]
          },
          {
            "x": 37,
            "y": 107.15786372925702,
            "side": "left",
            "color": [
              115,
              204,
              198
            ]
          },
          {
            "x": 153,
            "y": 86.84213627074266,
            "side": "right",
            "color": [
              106,
              171,
              103
            ]
          },
          {
            "x": 126,
            "y": 118.84213627074233,
            "side": "right",
            "color": [
              101,
              199,
              250
            ]
          }
        ]
      },
      {
        "frame_idx": 53,
        "left_objects": 3,
        "right_objects": 2,
        "total_objects": 5,
        "objects": [
          {
            "x": 32,
            "y": 140.57593662980915,
            "side": "left",
            "color": [
              114,
              104,
              208
            ]
          },
          {
            "x": 75,
            "y": 102.57593662980904,
            "side": "left",
            "color": [
              245,
              238,
              133
            ]
          },
          {
            "x": 37,
            "y": 108.57593662980904,
            "side": "left",
            "color": [
              115,
              204,
              198
            ]
          },
          {
            "x": 153,
            "y": 85.42406337019064,
            "side": "right",
            "color": [
              106,
              171,
              103
            ]
          },
          {
            "x": 126,
            "y": 117.42406337019031,
            "side": "right",
            "color": [
              101,
              199,
              250
            ]
          }
        ]
      },
      {
        "frame_idx": 54,
        "left_objects": 3,
        "right_objects": 2,
        "total_objects": 5,
        "objects": [
          {
            "x": 32,
            "y": 141.99400953036118,
            "side": "left",
            "color": [
              114,
              104,
              208
            ]
          },
          {
            "x": 75,
            "y": 103.99400953036105,
            "side": "left",
            "color": [
              245,
              238,
              133
            ]
          },
          {
            "x": 37,
            "y": 109.99400953036105,
            "side": "left",
            "color": [
              115,
              204,
              198
            ]
          },
          {
            "x": 153,
            "y": 84.00599046963862,
            "side": "right",
            "color": [
              106,
              171,
              103
            ]
          },
          {
            "x": 126,
            "y": 116.00599046963829,
            "side": "right",
            "color": [
              101,
              199,
              250
            ]
          }
        ]
      },
      {
        "frame_idx": 55,
        "left_objects": 3,
        "right_objects": 2,
        "total_objects": 5,
        "objects": [
          {
            "x": 32,
            "y": 143.41208243091322,
            "side": "left",
            "color": [
              114,
              104,
              208
            ]
          },
          {
            "x": 75,
            "y": 105.41208243091307,
            "side": "left",
            "color": [
              245,
              238,
              133
            ]
          },
          {
            "x": 37,
            "y": 111.41208243091307,
            "side": "left",
            "color": [
              115,
              204,
              198
            ]
          },
          {
            "x": 153,
            "y": 82.5879175690866,
            "side": "right",
            "color": [
              106,
              171,
              103
            ]
          },
          {
            "x": 126,
            "y": 114.58791756908627,
            "side": "right",
            "color": [
              101,
              199,
              250
            ]
          }
        ]
      },
      {
        "frame_idx": 56,
        "left_objects": 3,
        "right_objects": 2,
        "total_objects": 5,
        "objects": [
          {
            "x": 32,
            "y": 144.83015533146525,
            "side": "left",
            "color": [
              114,
              104,
              208
            ]
          },
          {
            "x": 75,
            "y": 106.8301553314651,
            "side": "left",
            "color": [
              245,
              238,
              133
            ]
          },
          {
            "x": 37,
            "y": 112.8301553314651,
            "side": "left",
            "color": [
              115,
              204,
              198
            ]
          },
          {
            "x": 153,
            "y": 81.16984466853458,
            "side": "right",
            "color": [
              106,
              171,
              103
            ]
          },
          {
            "x": 126,
            "y": 113.16984466853425,
            "side": "right",
            "color": [
              101,
              199,
              250
            ]
          }
        ]
      },
      {
        "frame_idx": 57,
        "left_objects": 3,
        "right_objects": 2,
        "total_objects": 5,
        "objects": [
          {
            "x": 32,
            "y": 146.24822823201728,
            "side": "left",
            "color": [
              114,
              104,
              208
            ]
          },
          {
            "x": 75,
            "y": 108.24822823201711,
            "side": "left",
            "color": [
              245,
              238,
              133
            ]
          },
          {
            "x": 37,
            "y": 114.24822823201711,
            "side": "left",
            "color": [
              115,
              204,
              198
            ]
          },
          {
            "x": 153,
            "y": 79.75177176798256,
            "side": "right",
            "color": [
              106,
              171,
              103
            ]
          },
          {
            "x": 126,
            "y": 111.75177176798223,
            "side": "right",
            "color": [
              101,
              199,
              250
            ]
          }
        ]
      },
      {
        "frame_idx": 58,
        "left_objects": 3,
        "right_objects": 2,
        "total_objects": 5,
        "objects": [
          {
            "x": 32,
            "y": 147.66630113256932,
            "side": "left",
            "color": [
              114,
              104,
              208
            ]
          },
          {
            "x": 75,
            "y": 109.66630113256913,
            "side": "left",
            "color": [
              245,
              238,
              133
            ]
          },
          {
            "x": 37,
            "y": 115.66630113256913,
            "side": "left",
            "color": [
              115,
              204,
              198
            ]
          },
          {
            "x": 153,
            "y": 78.33369886743054,
            "side": "right",
            "color": [
              106,
              171,
              103
            ]
          },
          {
            "x": 126,
            "y": 110.33369886743021,
            "side": "right",
            "color": [
              101,
              199,
              250
            ]
          }
        ]
      },
      {
        "frame_idx": 59,
        "left_objects": 3,
        "right_objects": 2,
        "total_objects": 5,
        "objects": [
          {
            "x": 32,
            "y": 149.08437403312135,
            "side": "left",
            "color": [
              114,
              104,
              208
            ]
          },
          {
            "x": 75,
            "y": 111.08437403312115,
            "side": "left",
            "color": [
              245,
              238,
              133
            ]
          },
          {
            "x": 37,
            "y": 117.08437403312115,
            "side": "left",
            "color": [
              115,
              204,
              198
            ]
          },
          {
            "x": 153,
            "y": 76.91562596687852,
            "side": "right",
            "color": [
              106,
              171,
              103
            ]
          },
          {
            "x": 126,
            "y": 108.9156259668782,
            "side": "right",
            "color": [
              101,
              199,
              250
            ]
          }
        ]
      }
    ]
  }
}