{
  "dataset_info": {
    "name": "two_parts_dataset",
    "version": "1.0",
    "created": "2025-11-07T17:35:59.198937",
    "total_samples": 10,
    "generator_config": {
      "video_config": {
        "num_frames": 60,
        "fps": 10,
        "width": 224,
        "height": 224
      },
      "parameter_ranges": {
        "left_objects": {
          "type": "int",
          "min": 2,
          "max": 4,
          "description": "Number of objects moving down on the left side"
        },
        "right_objects": {
          "type": "int",
          "min": 2,
          "max": 4,
          "description": "Number of objects moving up on the right side"
        },
        "velocity": {
          "type": "float",
          "min": 1.0,
          "max": 4.0,
          "description": "Movement speed of objects in pixels per frame"
        },
        "object_radius": {
          "type": "int",
          "min": 8,
          "max": 20,
          "description": "Radius of circular objects in pixels"
        }
      },
      "splits": {
        "train": 0.7,
        "val": 0.15,
        "test": 0.15
      },
      "quality_control": {
        "min_movement_threshold": 5.0,
        "max_collision_rate": 0.8,
        "min_objects_active": 0.5
      },
      "scenario_thresholds": {
        "sparse": {
          "max_total_objects": 6,
          "description": "Low object density scenarios"
        },
        "medium": {
          "min_total_objects": 7,
          "max_total_objects": 10,
          "description": "Medium object density scenarios"
        },
        "dense": {
          "min_total_objects": 11,
          "description": "High object density scenarios"
        }
      },
      "generation": {
        "default_workers": 4,
        "progress_save_interval": 10,
        "max_retries": 3
      },
      "output": {
        "create_gifs": true,
        "gif_max_frames": 20,
        "gif_duration_ms": 200,
        "frame_format": "png",
        "include_labels_in_frames": false,
        "include_labels_in_gifs": true
      },
      "metadata": {
        "generator_version": "1.0",
        "include_frame_stats": true,
        "include_quality_analysis": true,
        "save_parameter_distributions": true
      },
      "advanced": {
        "random_seed": null,
        "validate_outputs": true,
        "cleanup_failed": true
      },
      "create_gifs": true
    }
  },
  "samples": [
    {
      "sample_id": "observation_000000_862365",
      "scenario": "sparse",
      "quality": "good",
      "num_frames": 60,
      "params": {
        "width": 224,
        "height": 224,
        "left_objects": 2,
        "right_objects": 4,
        "velocity": 2.261963098325615,
        "object_radius": 16
      }
    },
    {
      "sample_id": "observation_000001_823472",
      "scenario": "sparse",
      "quality": "good",
      "num_frames": 60,
      "params": {
        "width": 224,
        "height": 224,
        "left_objects": 3,
        "right_objects": 3,
        "velocity": 2.578426408633529,
        "object_radius": 8
      }
    },
    {
      "sample_id": "observation_000002_712815",
      "scenario": "sparse",
      "quality": "good",
      "num_frames": 60,
      "params": {
        "width": 224,
        "height": 224,
        "left_objects": 3,
        "right_objects": 3,
        "velocity": 3.821638586757151,
        "object_radius": 11
      }
    },
    {
      "sample_id": "observation_000003_436183",
      "scenario": "sparse",
      "quality": "poor",
      "num_frames": 60,
      "params": {
        "width": 224,
        "height": 224,
        "left_objects": 2,
        "right_objects": 2,
        "velocity": 1.3440260823790244,
        "object_radius": 14
      }
    },
    {
      "sample_id": "observation_000004_718230",
      "scenario": "sparse",
      "quality": "good",
      "num_frames": 60,
      "params": {
        "width": 224,
        "height": 224,
        "left_objects": 3,
        "right_objects": 3,
        "velocity": 1.912816831745653,
        "object_radius": 9
      }
    },
    {
      "sample_id": "observation_000005_223666",
      "scenario": "sparse",
      "quality": "good",
      "num_frames": 60,
      "params": {
        "width": 224,
        "height": 224,
        "left_objects": 3,
        "right_objects": 2,
        "velocity": 1.4180729005520205,
        "object_radius": 13
      }
    },
    {
      "sample_id": "observation_000006_283555",
      "scenario": "sparse",
      "quality": "good",
      "num_frames": 60,
      "params": {
        "width": 224,
        "height": 224,
        "left_objects": 2,
        "right_objects": 4,
        "velocity": 1.7900981968879333,
        "object_radius": 12
      }
    },
    {
      "sample_id": "observation_000007_131582",
      "scenario": "medium",
      "quality": "good",
      "num_frames": 60,
      "params": {
        "width": 224,
        "height": 224,
        "left_objects": 4,
        "right_objects": 4,
        "velocity": 1.5287090137271464,
        "object_radius": 8
      }
    },
    {
      "sample_id": "observation_000008_733917",
      "scenario": "sparse",
      "quality": "good",
      "num_frames": 60,
      "params": {
        "width": 224,
        "height": 224,
        "left_objects": 2,
        "right_objects": 4,
        "velocity": 3.1230956698940293,
        "object_radius": 11
      }
    },
    {
      "sample_id": "observation_000009_212730",
      "scenario": "sparse",
      "quality": "good",
      "num_frames": 60,
      "params": {
        "width": 224,
        "height": 224,
        "left_objects": 3,
        "right_objects": 2,
        "velocity": 2.1325451780313998,
        "object_radius": 19
      }
    }
  ]
}