{
  "dataset_info": {
    "name": "two_parts_dataset",
    "version": "1.0",
    "created": "2025-12-03T15:56:32.197556",
    "total_samples": 10,
    "generator_config": {
      "video_config": {
        "num_frames": 60,
        "fps": 10,
        "width": 224,
        "height": 224
      },
      "parameter_ranges": {
        "left_objects": {
          "type": "int",
          "min": 2,
          "max": 4,
          "description": "Number of objects moving down on the left side"
        },
        "right_objects": {
          "type": "int",
          "min": 2,
          "max": 4,
          "description": "Number of objects moving up on the right side"
        },
        "velocity": {
          "type": "float",
          "min": 1.0,
          "max": 4.0,
          "description": "Movement speed of objects in pixels per frame"
        },
        "object_radius": {
          "type": "int",
          "min": 8,
          "max": 20,
          "description": "Radius of circular objects in pixels"
        }
      },
      "splits": {
        "train": 0.7,
        "val": 0.15,
        "test": 0.15
      },
      "quality_control": {
        "min_movement_threshold": 5.0,
        "max_collision_rate": 0.8,
        "min_objects_active": 0.5
      },
      "scenario_thresholds": {
        "sparse": {
          "max_total_objects": 6,
          "description": "Low object density scenarios"
        },
        "medium": {
          "min_total_objects": 7,
          "max_total_objects": 10,
          "description": "Medium object density scenarios"
        },
        "dense": {
          "min_total_objects": 11,
          "description": "High object density scenarios"
        }
      },
      "generation": {
        "default_workers": 4,
        "progress_save_interval": 10,
        "max_retries": 3
      },
      "output": {
        "create_gifs": true,
        "gif_max_frames": 20,
        "gif_duration_ms": 200,
        "frame_format": "png",
        "include_labels_in_frames": false,
        "include_labels_in_gifs": true
      },
      "metadata": {
        "generator_version": "1.0",
        "include_frame_stats": true,
        "include_quality_analysis": true,
        "save_parameter_distributions": true
      },
      "advanced": {
        "random_seed": null,
        "validate_outputs": true,
        "cleanup_failed": true
      },
      "create_gifs": true
    }
  },
  "samples": [
    {
      "sample_id": "observation_000000_733899",
      "scenario": "medium",
      "quality": "good",
      "num_frames": 60,
      "params": {
        "width": 224,
        "height": 224,
        "left_objects": 3,
        "right_objects": 4,
        "velocity": 1.2090849403397925,
        "object_radius": 13
      }
    },
    {
      "sample_id": "observation_000001_631736",
      "scenario": "sparse",
      "quality": "good",
      "num_frames": 60,
      "params": {
        "width": 224,
        "height": 224,
        "left_objects": 2,
        "right_objects": 4,
        "velocity": 2.132585801503685,
        "object_radius": 12
      }
    },
    {
      "sample_id": "observation_000002_187892",
      "scenario": "sparse",
      "quality": "good",
      "num_frames": 60,
      "params": {
        "width": 224,
        "height": 224,
        "left_objects": 3,
        "right_objects": 3,
        "velocity": 2.944022832027411,
        "object_radius": 16
      }
    },
    {
      "sample_id": "observation_000003_760076",
      "scenario": "medium",
      "quality": "good",
      "num_frames": 60,
      "params": {
        "width": 224,
        "height": 224,
        "left_objects": 4,
        "right_objects": 3,
        "velocity": 1.7799197346677857,
        "object_radius": 15
      }
    },
    {
      "sample_id": "observation_000004_539152",
      "scenario": "medium",
      "quality": "good",
      "num_frames": 60,
      "params": {
        "width": 224,
        "height": 224,
        "left_objects": 4,
        "right_objects": 4,
        "velocity": 3.64976687262265,
        "object_radius": 13
      }
    },
    {
      "sample_id": "observation_000005_771163",
      "scenario": "sparse",
      "quality": "poor",
      "num_frames": 60,
      "params": {
        "width": 224,
        "height": 224,
        "left_objects": 2,
        "right_objects": 2,
        "velocity": 1.9295731090169126,
        "object_radius": 15
      }
    },
    {
      "sample_id": "observation_000006_291622",
      "scenario": "sparse",
      "quality": "good",
      "num_frames": 60,
      "params": {
        "width": 224,
        "height": 224,
        "left_objects": 3,
        "right_objects": 3,
        "velocity": 2.6964025504095632,
        "object_radius": 9
      }
    },
    {
      "sample_id": "observation_000007_233202",
      "scenario": "sparse",
      "quality": "good",
      "num_frames": 60,
      "params": {
        "width": 224,
        "height": 224,
        "left_objects": 3,
        "right_objects": 2,
        "velocity": 2.7458006832788513,
        "object_radius": 19
      }
    },
    {
      "sample_id": "observation_000008_843224",
      "scenario": "medium",
      "quality": "good",
      "num_frames": 60,
      "params": {
        "width": 224,
        "height": 224,
        "left_objects": 4,
        "right_objects": 3,
        "velocity": 2.108798662143877,
        "object_radius": 12
      }
    },
    {
      "sample_id": "observation_000009_707886",
      "scenario": "sparse",
      "quality": "good",
      "num_frames": 60,
      "params": {
        "width": 224,
        "height": 224,
        "left_objects": 2,
        "right_objects": 3,
        "velocity": 1.743983561634122,
        "object_radius": 20
      }
    }
  ]
}