{
  "sample_id": "observation_000008_733917",
  "sample_type": "observation",
  "scenario": "sparse",
  "params": {
    "width": 224,
    "height": 224,
    "left_objects": 2,
    "right_objects": 4,
    "velocity": 3.1230956698940293,
    "object_radius": 11
  },
  "generation_info": {
    "timestamp": "2025-11-07T17:35:58.919777",
    "seed": 100006,
    "generator_version": "1.0"
  },
  "video_stats": {
    "num_frames": 60,
    "frame_size": [
      224,
      224,
      3
    ],
    "duration_seconds": 6.0
  },
  "quality_analysis": {
    "quality": "good",
    "movement_score": 6.0,
    "avg_objects": 6.0,
    "issues": []
  },
  "physics_simulation": {
    "num_frames": 60,
    "fps": 10,
    "resolution": [
      224,
      224
    ],
    "left_objects": 2,
    "right_objects": 4,
    "object_radius": 11,
    "velocity": 3.1230956698940293,
    "frames": [
      {
        "frame_idx": 0,
        "left_objects": 2,
        "right_objects": 4,
        "total_objects": 6,
        "objects": [
          {
            "x": 81,
            "y": 20.123095669894028,
            "side": "left",
            "color": [
              223,
              115,
              182
            ]
          },
          {
            "x": 26,
            "y": 60.12309566989403,
            "side": "left",
            "color": [
              187,
              142,
              113
            ]
          },
          {
            "x": 133,
            "y": 202.87690433010596,
            "side": "right",
            "color": [
              183,
              110,
              125
            ]
          },
          {
            "x": 140,
            "y": 145.87690433010596,
            "side": "right",
            "color": [
              157,
              200,
              229
            ]
          },
          {
            "x": 213,
            "y": 203.87690433010596,
            "side": "right",
            "color": [
              206,
              123,
              236
            ]
          },
          {
            "x": 208,
            "y": 159.87690433010596,
            "side": "right",
            "color": [
              174,
              163,
              198
            ]
          }
        ]
      },
      {
        "frame_idx": 1,
        "left_objects": 2,
        "right_objects": 4,
        "total_objects": 6,
        "objects": [
          {
            "x": 81,
            "y": 23.246191339788055,
            "side": "left",
            "color": [
              223,
              115,
              182
            ]
          },
          {
            "x": 26,
            "y": 63.246191339788055,
            "side": "left",
            "color": [
              187,
              142,
              113
            ]
          },
          {
            "x": 133,
            "y": 199.75380866021192,
            "side": "right",
            "color": [
              183,
              110,
              125
            ]
          },
          {
            "x": 140,
            "y": 142.75380866021192,
            "side": "right",
            "color": [
              157,
              200,
              229
            ]
          },
          {
            "x": 213,
            "y": 200.75380866021192,
            "side": "right",
            "color": [
              206,
              123,
              236
            ]
          },
          {
            "x": 208,
            "y": 156.75380866021192,
            "side": "right",
            "color": [
              174,
              163,
              198
            ]
          }
        ]
      },
      {
        "frame_idx": 2,
        "left_objects": 2,
        "right_objects": 4,
        "total_objects": 6,
        "objects": [
          {
            "x": 81,
            "y": 26.369287009682083,
            "side": "left",
            "color": [
              223,
              115,
              182
            ]
          },
          {
            "x": 26,
            "y": 66.36928700968208,
            "side": "left",
            "color": [
              187,
              142,
              113
            ]
          },
          {
            "x": 133,
            "y": 196.63071299031787,
            "side": "right",
            "color": [
              183,
              110,
              125
            ]
          },
          {
            "x": 140,
            "y": 139.63071299031787,
            "side": "right",
            "color": [
              157,
              200,
              229
            ]
          },
          {
            "x": 213,
            "y": 197.63071299031787,
            "side": "right",
            "color": [
              206,
              123,
              236
            ]
          },
          {
            "x": 208,
            "y": 153.63071299031787,
            "side": "right",
            "color": [
              174,
              163,
              198
            ]
          }
        ]
      },
      {
        "frame_idx": 3,
        "left_objects": 2,
        "right_objects": 4,
        "total_objects": 6,
        "objects": [
          {
            "x": 81,
            "y": 29.49238267957611,
            "side": "left",
            "color": [
              223,
              115,
              182
            ]
          },
          {
            "x": 26,
            "y": 69.49238267957611,
            "side": "left",
            "color": [
              187,
              142,
              113
            ]
          },
          {
            "x": 133,
            "y": 193.50761732042383,
            "side": "right",
            "color": [
              183,
              110,
              125
            ]
          },
          {
            "x": 140,
            "y": 136.50761732042383,
            "side": "right",
            "color": [
              157,
              200,
              229
            ]
          },
          {
            "x": 213,
            "y": 194.50761732042383,
            "side": "right",
            "color": [
              206,
              123,
              236
            ]
          },
          {
            "x": 208,
            "y": 150.50761732042383,
            "side": "right",
            "color": [
              174,
              163,
              198
            ]
          }
        ]
      },
      {
        "frame_idx": 4,
        "left_objects": 2,
        "right_objects": 4,
        "total_objects": 6,
        "objects": [
          {
            "x": 81,
            "y": 32.61547834947014,
            "side": "left",
            "color": [
              223,
              115,
              182
            ]
          },
          {
            "x": 26,
            "y": 72.61547834947014,
            "side": "left",
            "color": [
              187,
              142,
              113
            ]
          },
          {
            "x": 133,
            "y": 190.3845216505298,
            "side": "right",
            "color": [
              183,
              110,
              125
            ]
          },
          {
            "x": 140,
            "y": 133.3845216505298,
            "side": "right",
            "color": [
              157,
              200,
              229
            ]
          },
          {
            "x": 213,
            "y": 191.3845216505298,
            "side": "right",
            "color": [
              206,
              123,
              236
            ]
          },
          {
            "x": 208,
            "y": 147.3845216505298,
            "side": "right",
            "color": [
              174,
              163,
              198
            ]
          }
        ]
      },
      {
        "frame_idx": 5,
        "left_objects": 2,
        "right_objects": 4,
        "total_objects": 6,
        "objects": [
          {
            "x": 81,
            "y": 35.738574019364165,
            "side": "left",
            "color": [
              223,
              115,
              182
            ]
          },
          {
            "x": 26,
            "y": 75.73857401936417,
            "side": "left",
            "color": [
              187,
              142,
              113
            ]
          },
          {
            "x": 133,
            "y": 187.26142598063575,
            "side": "right",
            "color": [
              183,
              110,
              125
            ]
          },
          {
            "x": 140,
            "y": 130.26142598063575,
            "side": "right",
            "color": [
              157,
              200,
              229
            ]
          },
          {
            "x": 213,
            "y": 188.26142598063575,
            "side": "right",
            "color": [
              206,
              123,
              236
            ]
          },
          {
            "x": 208,
            "y": 144.26142598063575,
            "side": "right",
            "color": [
              174,
              163,
              198
            ]
          }
        ]
      },
      {
        "frame_idx": 6,
        "left_objects": 2,
        "right_objects": 4,
        "total_objects": 6,
        "objects": [
          {
            "x": 81,
            "y": 38.86166968925819,
            "side": "left",
            "color": [
              223,
              115,
              182
            ]
          },
          {
            "x": 26,
            "y": 78.86166968925819,
            "side": "left",
            "color": [
              187,
              142,
              113
            ]
          },
          {
            "x": 133,
            "y": 184.1383303107417,
            "side": "right",
            "color": [
              183,
              110,
              125
            ]
          },
          {
            "x": 140,
            "y": 127.13833031074172,
            "side": "right",
            "color": [
              157,
              200,
              229
            ]
          },
          {
            "x": 213,
            "y": 185.1383303107417,
            "side": "right",
            "color": [
              206,
              123,
              236
            ]
          },
          {
            "x": 208,
            "y": 141.1383303107417,
            "side": "right",
            "color": [
              174,
              163,
              198
            ]
          }
        ]
      },
      {
        "frame_idx": 7,
        "left_objects": 2,
        "right_objects": 4,
        "total_objects": 6,
        "objects": [
          {
            "x": 81,
            "y": 41.98476535915222,
            "side": "left",
            "color": [
              223,
              115,
              182
            ]
          },
          {
            "x": 26,
            "y": 81.98476535915222,
            "side": "left",
            "color": [
              187,
              142,
              113
            ]
          },
          {
            "x": 133,
            "y": 181.01523464084767,
            "side": "right",
            "color": [
              183,
              110,
              125
            ]
          },
          {
            "x": 140,
            "y": 124.0152346408477,
            "side": "right",
            "color": [
              157,
              200,
              229
            ]
          },
          {
            "x": 213,
            "y": 182.01523464084767,
            "side": "right",
            "color": [
              206,
              123,
              236
            ]
          },
          {
            "x": 208,
            "y": 138.01523464084767,
            "side": "right",
            "color": [
              174,
              163,
              198
            ]
          }
        ]
      },
      {
        "frame_idx": 8,
        "left_objects": 2,
        "right_objects": 4,
        "total_objects": 6,
        "objects": [
          {
            "x": 81,
            "y": 45.10786102904625,
            "side": "left",
            "color": [
              223,
              115,
              182
            ]
          },
          {
            "x": 26,
            "y": 85.10786102904625,
            "side": "left",
            "color": [
              187,
              142,
              113
            ]
          },
          {
            "x": 133,
            "y": 177.89213897095362,
            "side": "right",
            "color": [
              183,
              110,
              125
            ]
          },
          {
            "x": 140,
            "y": 120.89213897095367,
            "side": "right",
            "color": [
              157,
              200,
              229
            ]
          },
          {
            "x": 213,
            "y": 178.89213897095362,
            "side": "right",
            "color": [
              206,
              123,
              236
            ]
          },
          {
            "x": 208,
            "y": 134.89213897095362,
            "side": "right",
            "color": [
              174,
              163,
              198
            ]
          }
        ]
      },
      {
        "frame_idx": 9,
        "left_objects": 2,
        "right_objects": 4,
        "total_objects": 6,
        "objects": [
          {
            "x": 81,
            "y": 48.230956698940275,
            "side": "left",
            "color": [
              223,
              115,
              182
            ]
          },
          {
            "x": 26,
            "y": 88.23095669894028,
            "side": "left",
            "color": [
              187,
              142,
              113
            ]
          },
          {
            "x": 133,
            "y": 174.76904330105958,
            "side": "right",
            "color": [
              183,
              110,
              125
            ]
          },
          {
            "x": 140,
            "y": 117.76904330105964,
            "side": "right",
            "color": [
              157,
              200,
              229
            ]
          },
          {
            "x": 213,
            "y": 175.76904330105958,
            "side": "right",
            "color": [
              206,
              123,
              236
            ]
          },
          {
            "x": 208,
            "y": 131.76904330105958,
            "side": "right",
            "color": [
              174,
              163,
              198
            ]
          }
        ]
      },
      {
        "frame_idx": 10,
        "left_objects": 2,
        "right_objects": 4,
        "total_objects": 6,
        "objects": [
          {
            "x": 81,
            "y": 51.3540523688343,
            "side": "left",
            "color": [
              223,
              115,
              182
            ]
          },
          {
            "x": 26,
            "y": 91.3540523688343,
            "side": "left",
            "color": [
              187,
              142,
              113
            ]
          },
          {
            "x": 133,
            "y": 171.64594763116554,
            "side": "right",
            "color": [
              183,
              110,
              125
            ]
          },
          {
            "x": 140,
            "y": 114.64594763116561,
            "side": "right",
            "color": [
              157,
              200,
              229
            ]
          },
          {
            "x": 213,
            "y": 172.64594763116554,
            "side": "right",
            "color": [
              206,
              123,
              236
            ]
          },
          {
            "x": 208,
            "y": 128.64594763116554,
            "side": "right",
            "color": [
              174,
              163,
              198
            ]
          }
        ]
      },
      {
        "frame_idx": 11,
        "left_objects": 2,
        "right_objects": 4,
        "total_objects": 6,
        "objects": [
          {
            "x": 81,
            "y": 54.47714803872833,
            "side": "left",
            "color": [
              223,
              115,
              182
            ]
          },
          {
            "x": 26,
            "y": 94.47714803872833,
            "side": "left",
            "color": [
              187,
              142,
              113
            ]
          },
          {
            "x": 133,
            "y": 168.5228519612715,
            "side": "right",
            "color": [
              183,
              110,
              125
            ]
          },
          {
            "x": 140,
            "y": 111.52285196127158,
            "side": "right",
            "color": [
              157,
              200,
              229
            ]
          },
          {
            "x": 213,
            "y": 169.5228519612715,
            "side": "right",
            "color": [
              206,
              123,
              236
            ]
          },
          {
            "x": 208,
            "y": 125.52285196127151,
            "side": "right",
            "color": [
              174,
              163,
              198
            ]
          }
        ]
      },
      {
        "frame_idx": 12,
        "left_objects": 2,
        "right_objects": 4,
        "total_objects": 6,
        "objects": [
          {
            "x": 81,
            "y": 57.60024370862236,
            "side": "left",
            "color": [
              223,
              115,
              182
            ]
          },
          {
            "x": 26,
            "y": 97.60024370862236,
            "side": "left",
            "color": [
              187,
              142,
              113
            ]
          },
          {
            "x": 133,
            "y": 165.39975629137746,
            "side": "right",
            "color": [
              183,
              110,
              125
            ]
          },
          {
            "x": 140,
            "y": 108.39975629137756,
            "side": "right",
            "color": [
              157,
              200,
              229
            ]
          },
          {
            "x": 213,
            "y": 166.39975629137746,
            "side": "right",
            "color": [
              206,
              123,
              236
            ]
          },
          {
            "x": 208,
            "y": 122.39975629137749,
            "side": "right",
            "color": [
              174,
              163,
              198
            ]
          }
        ]
      },
      {
        "frame_idx": 13,
        "left_objects": 2,
        "right_objects": 4,
        "total_objects": 6,
        "objects": [
          {
            "x": 81,
            "y": 60.723339378516386,
            "side": "left",
            "color": [
              223,
              115,
              182
            ]
          },
          {
            "x": 26,
            "y": 100.72333937851639,
            "side": "left",
            "color": [
              187,
              142,
              113
            ]
          },
          {
            "x": 133,
            "y": 162.27666062148342,
            "side": "right",
            "color": [
              183,
              110,
              125
            ]
          },
          {
            "x": 140,
            "y": 105.27666062148353,
            "side": "right",
            "color": [
              157,
              200,
              229
            ]
          },
          {
            "x": 213,
            "y": 163.27666062148342,
            "side": "right",
            "color": [
              206,
              123,
              236
            ]
          },
          {
            "x": 208,
            "y": 119.27666062148346,
            "side": "right",
            "color": [
              174,
              163,
              198
            ]
          }
        ]
      },
      {
        "frame_idx": 14,
        "left_objects": 2,
        "right_objects": 4,
        "total_objects": 6,
        "objects": [
          {
            "x": 81,
            "y": 63.84643504841041,
            "side": "left",
            "color": [
              223,
              115,
              182
            ]
          },
          {
            "x": 26,
            "y": 103.84643504841041,
            "side": "left",
            "color": [
              187,
              142,
              113
            ]
          },
          {
            "x": 133,
            "y": 159.15356495158937,
            "side": "right",
            "color": [
              183,
              110,
              125
            ]
          },
          {
            "x": 140,
            "y": 102.1535649515895,
            "side": "right",
            "color": [
              157,
              200,
              229
            ]
          },
          {
            "x": 213,
            "y": 160.15356495158937,
            "side": "right",
            "color": [
              206,
              123,
              236
            ]
          },
          {
            "x": 208,
            "y": 116.15356495158943,
            "side": "right",
            "color": [
              174,
              163,
              198
            ]
          }
        ]
      },
      {
        "frame_idx": 15,
        "left_objects": 2,
        "right_objects": 4,
        "total_objects": 6,
        "objects": [
          {
            "x": 81,
            "y": 66.96953071830444,
            "side": "left",
            "color": [
              223,
              115,
              182
            ]
          },
          {
            "x": 26,
            "y": 106.96953071830444,
            "side": "left",
            "color": [
              187,
              142,
              113
            ]
          },
          {
            "x": 133,
            "y": 156.03046928169533,
            "side": "right",
            "color": [
              183,
              110,
              125
            ]
          },
          {
            "x": 140,
            "y": 99.03046928169547,
            "side": "right",
            "color": [
              157,
              200,
              229
            ]
          },
          {
            "x": 213,
            "y": 157.03046928169533,
            "side": "right",
            "color": [
              206,
              123,
              236
            ]
          },
          {
            "x": 208,
            "y": 113.0304692816954,
            "side": "right",
            "color": [
              174,
              163,
              198
            ]
          }
        ]
      },
      {
        "frame_idx": 16,
        "left_objects": 2,
        "right_objects": 4,
        "total_objects": 6,
        "objects": [
          {
            "x": 81,
            "y": 70.09262638819847,
            "side": "left",
            "color": [
              223,
              115,
              182
            ]
          },
          {
            "x": 26,
            "y": 110.09262638819847,
            "side": "left",
            "color": [
              187,
              142,
              113
            ]
          },
          {
            "x": 133,
            "y": 152.9073736118013,
            "side": "right",
            "color": [
              183,
              110,
              125
            ]
          },
          {
            "x": 140,
            "y": 95.90737361180145,
            "side": "right",
            "color": [
              157,
              200,
              229
            ]
          },
          {
            "x": 213,
            "y": 153.9073736118013,
            "side": "right",
            "color": [
              206,
              123,
              236
            ]
          },
          {
            "x": 208,
            "y": 109.90737361180138,
            "side": "right",
            "color": [
              174,
              163,
              198
            ]
          }
        ]
      },
      {
        "frame_idx": 17,
        "left_objects": 2,
        "right_objects": 4,
        "total_objects": 6,
        "objects": [
          {
            "x": 81,
            "y": 73.2157220580925,
            "side": "left",
            "color": [
              223,
              115,
              182
            ]
          },
          {
            "x": 26,
            "y": 113.2157220580925,
            "side": "left",
            "color": [
              187,
              142,
              113
            ]
          },
          {
            "x": 133,
            "y": 149.78427794190725,
            "side": "right",
            "color": [
              183,
              110,
              125
            ]
          },
          {
            "x": 140,
            "y": 92.78427794190742,
            "side": "right",
            "color": [
              157,
              200,
              229
            ]
          },
          {
            "x": 213,
            "y": 150.78427794190725,
            "side": "right",
            "color": [
              206,
              123,
              236
            ]
          },
          {
            "x": 208,
            "y": 106.78427794190735,
            "side": "right",
            "color": [
              174,
              163,
              198
            ]
          }
        ]
      },
      {
        "frame_idx": 18,
        "left_objects": 2,
        "right_objects": 4,
        "total_objects": 6,
        "objects": [
          {
            "x": 81,
            "y": 76.33881772798652,
            "side": "left",
            "color": [
              223,
              115,
              182
            ]
          },
          {
            "x": 26,
            "y": 116.33881772798652,
            "side": "left",
            "color": [
              187,
              142,
              113
            ]
          },
          {
            "x": 133,
            "y": 146.6611822720132,
            "side": "right",
            "color": [
              183,
              110,
              125
            ]
          },
          {
            "x": 140,
            "y": 89.66118227201339,
            "side": "right",
            "color": [
              157,
              200,
              229
            ]
          },
          {
            "x": 213,
            "y": 147.6611822720132,
            "side": "right",
            "color": [
              206,
              123,
              236
            ]
          },
          {
            "x": 208,
            "y": 103.66118227201332,
            "side": "right",
            "color": [
              174,
              163,
              198
            ]
          }
        ]
      },
      {
        "frame_idx": 19,
        "left_objects": 2,
        "right_objects": 4,
        "total_objects": 6,
        "objects": [
          {
            "x": 81,
            "y": 79.46191339788055,
            "side": "left",
            "color": [
              223,
              115,
              182
            ]
          },
          {
            "x": 26,
            "y": 119.46191339788055,
            "side": "left",
            "color": [
              187,
              142,
              113
            ]
          },
          {
            "x": 133,
            "y": 143.53808660211917,
            "side": "right",
            "color": [
              183,
              110,
              125
            ]
          },
          {
            "x": 140,
            "y": 86.53808660211936,
            "side": "right",
            "color": [
              157,
              200,
              229
            ]
          },
          {
            "x": 213,
            "y": 144.53808660211917,
            "side": "right",
            "color": [
              206,
              123,
              236
            ]
          },
          {
            "x": 208,
            "y": 100.5380866021193,
            "side": "right",
            "color": [
              174,
              163,
              198
            ]
          }
        ]
      },
      {
        "frame_idx": 20,
        "left_objects": 2,
        "right_objects": 4,
        "total_objects": 6,
        "objects": [
          {
            "x": 81,
            "y": 82.58500906777458,
            "side": "left",
            "color": [
              223,
              115,
              182
            ]
          },
          {
            "x": 26,
            "y": 122.58500906777458,
            "side": "left",
            "color": [
              187,
              142,
              113
            ]
          },
          {
            "x": 133,
            "y": 140.41499093222512,
            "side": "right",
            "color": [
              183,
              110,
              125
            ]
          },
          {
            "x": 140,
            "y": 83.41499093222534,
            "side": "right",
            "color": [
              157,
              200,
              229
            ]
          },
          {
            "x": 213,
            "y": 141.41499093222512,
            "side": "right",
            "color": [
              206,
              123,
              236
            ]
          },
          {
            "x": 208,
            "y": 97.41499093222527,
            "side": "right",
            "color": [
              174,
              163,
              198
            ]
          }
        ]
      },
      {
        "frame_idx": 21,
        "left_objects": 2,
        "right_objects": 4,
        "total_objects": 6,
        "objects": [
          {
            "x": 81,
            "y": 85.7081047376686,
            "side": "left",
            "color": [
              223,
              115,
              182
            ]
          },
          {
            "x": 26,
            "y": 125.7081047376686,
            "side": "left",
            "color": [
              187,
              142,
              113
            ]
          },
          {
            "x": 133,
            "y": 137.29189526233108,
            "side": "right",
            "color": [
              183,
              110,
              125
            ]
          },
          {
            "x": 140,
            "y": 80.29189526233131,
            "side": "right",
            "color": [
              157,
              200,
              229
            ]
          },
          {
            "x": 213,
            "y": 138.29189526233108,
            "side": "right",
            "color": [
              206,
              123,
              236
            ]
          },
          {
            "x": 208,
            "y": 94.29189526233124,
            "side": "right",
            "color": [
              174,
              163,
              198
            ]
          }
        ]
      },
      {
        "frame_idx": 22,
        "left_objects": 2,
        "right_objects": 4,
        "total_objects": 6,
        "objects": [
          {
            "x": 81,
            "y": 88.83120040756263,
            "side": "left",
            "color": [
              223,
              115,
              182
            ]
          },
          {
            "x": 26,
            "y": 128.83120040756265,
            "side": "left",
            "color": [
              187,
              142,
              113
            ]
          },
          {
            "x": 133,
            "y": 134.16879959243704,
            "side": "right",
            "color": [
              183,
              110,
              125
            ]
          },
          {
            "x": 140,
            "y": 77.16879959243728,
            "side": "right",
            "color": [
              157,
              200,
              229
            ]
          },
          {
            "x": 213,
            "y": 135.16879959243704,
            "side": "right",
            "color": [
              206,
              123,
              236
            ]
          },
          {
            "x": 208,
            "y": 91.16879959243721,
            "side": "right",
            "color": [
              174,
              163,
              198
            ]
          }
        ]
      },
      {
        "frame_idx": 23,
        "left_objects": 2,
        "right_objects": 4,
        "total_objects": 6,
        "objects": [
          {
            "x": 81,
            "y": 91.95429607745666,
            "side": "left",
            "color": [
              223,
              115,
              182
            ]
          },
          {
            "x": 26,
            "y": 131.9542960774567,
            "side": "left",
            "color": [
              187,
              142,
              113
            ]
          },
          {
            "x": 133,
            "y": 131.045703922543,
            "side": "right",
            "color": [
              183,
              110,
              125
            ]
          },
          {
            "x": 140,
            "y": 74.04570392254325,
            "side": "right",
            "color": [
              157,
              200,
              229
            ]
          },
          {
            "x": 213,
            "y": 132.045703922543,
            "side": "right",
            "color": [
              206,
              123,
              236
            ]
          },
          {
            "x": 208,
            "y": 88.04570392254318,
            "side": "right",
            "color": [
              174,
              163,
              198
            ]
          }
        ]
      },
      {
        "frame_idx": 24,
        "left_objects": 2,
        "right_objects": 4,
        "total_objects": 6,
        "objects": [
          {
            "x": 81,
            "y": 95.07739174735069,
            "side": "left",
            "color": [
              223,
              115,
              182
            ]
          },
          {
            "x": 26,
            "y": 135.07739174735073,
            "side": "left",
            "color": [
              187,
              142,
              113
            ]
          },
          {
            "x": 133,
            "y": 127.92260825264897,
            "side": "right",
            "color": [
              183,
              110,
              125
            ]
          },
          {
            "x": 140,
            "y": 70.92260825264923,
            "side": "right",
            "color": [
              157,
              200,
              229
            ]
          },
          {
            "x": 213,
            "y": 128.92260825264896,
            "side": "right",
            "color": [
              206,
              123,
              236
            ]
          },
          {
            "x": 208,
            "y": 84.92260825264916,
            "side": "right",
            "color": [
              174,
              163,
              198
            ]
          }
        ]
      },
      {
        "frame_idx": 25,
        "left_objects": 2,
        "right_objects": 4,
        "total_objects": 6,
        "objects": [
          {
            "x": 81,
            "y": 98.20048741724472,
            "side": "left",
            "color": [
              223,
              115,
              182
            ]
          },
          {
            "x": 26,
            "y": 138.20048741724477,
            "side": "left",
            "color": [
              187,
              142,
              113
            ]
          },
          {
            "x": 133,
            "y": 124.79951258275494,
            "side": "right",
            "color": [
              183,
              110,
              125
            ]
          },
          {
            "x": 140,
            "y": 67.7995125827552,
            "side": "right",
            "color": [
              157,
              200,
              229
            ]
          },
          {
            "x": 213,
            "y": 125.79951258275493,
            "side": "right",
            "color": [
              206,
              123,
              236
            ]
          },
          {
            "x": 208,
            "y": 81.79951258275513,
            "side": "right",
            "color": [
              174,
              163,
              198
            ]
          }
        ]
      },
      {
        "frame_idx": 26,
        "left_objects": 2,
        "right_objects": 4,
        "total_objects": 6,
        "objects": [
          {
            "x": 81,
            "y": 101.32358308713874,
            "side": "left",
            "color": [
              223,
              115,
              182
            ]
          },
          {
            "x": 26,
            "y": 141.32358308713881,
            "side": "left",
            "color": [
              187,
              142,
              113
            ]
          },
          {
            "x": 133,
            "y": 121.67641691286092,
            "side": "right",
            "color": [
              183,
              110,
              125
            ]
          },
          {
            "x": 140,
            "y": 64.67641691286117,
            "side": "right",
            "color": [
              157,
              200,
              229
            ]
          },
          {
            "x": 213,
            "y": 122.6764169128609,
            "side": "right",
            "color": [
              206,
              123,
              236
            ]
          },
          {
            "x": 208,
            "y": 78.6764169128611,
            "side": "right",
            "color": [
              174,
              163,
              198
            ]
          }
        ]
      },
      {
        "frame_idx": 27,
        "left_objects": 2,
        "right_objects": 4,
        "total_objects": 6,
        "objects": [
          {
            "x": 81,
            "y": 104.44667875703277,
            "side": "left",
            "color": [
              223,
              115,
              182
            ]
          },
          {
            "x": 26,
            "y": 144.44667875703286,
            "side": "left",
            "color": [
              187,
              142,
              113
            ]
          },
          {
            "x": 133,
            "y": 118.55332124296689,
            "side": "right",
            "color": [
              183,
              110,
              125
            ]
          },
          {
            "x": 140,
            "y": 61.553321242967144,
            "side": "right",
            "color": [
              157,
              200,
              229
            ]
          },
          {
            "x": 213,
            "y": 119.55332124296687,
            "side": "right",
            "color": [
              206,
              123,
              236
            ]
          },
          {
            "x": 208,
            "y": 75.55332124296707,
            "side": "right",
            "color": [
              174,
              163,
              198
            ]
          }
        ]
      },
      {
        "frame_idx": 28,
        "left_objects": 2,
        "right_objects": 4,
        "total_objects": 6,
        "objects": [
          {
            "x": 81,
            "y": 107.5697744269268,
            "side": "left",
            "color": [
              223,
              115,
              182
            ]
          },
          {
            "x": 26,
            "y": 147.5697744269269,
            "side": "left",
            "color": [
              187,
              142,
              113
            ]
          },
          {
            "x": 133,
            "y": 115.43022557307286,
            "side": "right",
            "color": [
              183,
              110,
              125
            ]
          },
          {
            "x": 140,
            "y": 58.430225573073116,
            "side": "right",
            "color": [
              157,
              200,
              229
            ]
          },
          {
            "x": 213,
            "y": 116.43022557307285,
            "side": "right",
            "color": [
              206,
              123,
              236
            ]
          },
          {
            "x": 208,
            "y": 72.43022557307305,
            "side": "right",
            "color": [
              174,
              163,
              198
            ]
          }
        ]
      },
      {
        "frame_idx": 29,
        "left_objects": 2,
        "right_objects": 4,
        "total_objects": 6,
        "objects": [
          {
            "x": 81,
            "y": 110.69287009682083,
            "side": "left",
            "color": [
              223,
              115,
              182
            ]
          },
          {
            "x": 26,
            "y": 150.69287009682094,
            "side": "left",
            "color": [
              187,
              142,
              113
            ]
          },
          {
            "x": 133,
            "y": 112.30712990317883,
            "side": "right",
            "color": [
              183,
              110,
              125
            ]
          },
          {
            "x": 140,
            "y": 55.30712990317909,
            "side": "right",
            "color": [
              157,
              200,
              229
            ]
          },
          {
            "x": 213,
            "y": 113.30712990317882,
            "side": "right",
            "color": [
              206,
              123,
              236
            ]
          },
          {
            "x": 208,
            "y": 69.30712990317902,
            "side": "right",
            "color": [
              174,
              163,
              198
            ]
          }
        ]
      },
      {
        "frame_idx": 30,
        "left_objects": 2,
        "right_objects": 4,
        "total_objects": 6,
        "objects": [
          {
            "x": 81,
            "y": 113.81596576671485,
            "side": "left",
            "color": [
              223,
              115,
              182
            ]
          },
          {
            "x": 26,
            "y": 153.81596576671498,
            "side": "left",
            "color": [
              187,
              142,
              113
            ]
          },
          {
            "x": 133,
            "y": 109.1840342332848,
            "side": "right",
            "color": [
              183,
              110,
              125
            ]
          },
          {
            "x": 140,
            "y": 52.18403423328506,
            "side": "right",
            "color": [
              157,
              200,
              229
            ]
          },
          {
            "x": 213,
            "y": 110.18403423328479,
            "side": "right",
            "color": [
              206,
              123,
              236
            ]
          },
          {
            "x": 208,
            "y": 66.18403423328499,
            "side": "right",
            "color": [
              174,
              163,
              198
            ]
          }
        ]
      },
      {
        "frame_idx": 31,
        "left_objects": 2,
        "right_objects": 4,
        "total_objects": 6,
        "objects": [
          {
            "x": 81,
            "y": 116.93906143660888,
            "side": "left",
            "color": [
              223,
              115,
              182
            ]
          },
          {
            "x": 26,
            "y": 156.93906143660902,
            "side": "left",
            "color": [
              187,
              142,
              113
            ]
          },
          {
            "x": 133,
            "y": 106.06093856339078,
            "side": "right",
            "color": [
              183,
              110,
              125
            ]
          },
          {
            "x": 140,
            "y": 49.06093856339103,
            "side": "right",
            "color": [
              157,
              200,
              229
            ]
          },
          {
            "x": 213,
            "y": 107.06093856339076,
            "side": "right",
            "color": [
              206,
              123,
              236
            ]
          },
          {
            "x": 208,
            "y": 63.06093856339096,
            "side": "right",
            "color": [
              174,
              163,
              198
            ]
          }
        ]
      },
      {
        "frame_idx": 32,
        "left_objects": 2,
        "right_objects": 4,
        "total_objects": 6,
        "objects": [
          {
            "x": 81,
            "y": 120.06215710650291,
            "side": "left",
            "color": [
              223,
              115,
              182
            ]
          },
          {
            "x": 26,
            "y": 160.06215710650307,
            "side": "left",
            "color": [
              187,
              142,
              113
            ]
          },
          {
            "x": 133,
            "y": 102.93784289349675,
            "side": "right",
            "color": [
              183,
              110,
              125
            ]
          },
          {
            "x": 140,
            "y": 45.937842893497006,
            "side": "right",
            "color": [
              157,
              200,
              229
            ]
          },
          {
            "x": 213,
            "y": 103.93784289349674,
            "side": "right",
            "color": [
              206,
              123,
              236
            ]
          },
          {
            "x": 208,
            "y": 59.937842893496935,
            "side": "right",
            "color": [
              174,
              163,
              198
            ]
          }
        ]
      },
      {
        "frame_idx": 33,
        "left_objects": 2,
        "right_objects": 4,
        "total_objects": 6,
        "objects": [
          {
            "x": 81,
            "y": 123.18525277639694,
            "side": "left",
            "color": [
              223,
              115,
              182
            ]
          },
          {
            "x": 26,
            "y": 163.1852527763971,
            "side": "left",
            "color": [
              187,
              142,
              113
            ]
          },
          {
            "x": 133,
            "y": 99.81474722360272,
            "side": "right",
            "color": [
              183,
              110,
              125
            ]
          },
          {
            "x": 140,
            "y": 42.81474722360298,
            "side": "right",
            "color": [
              157,
              200,
              229
            ]
          },
          {
            "x": 213,
            "y": 100.81474722360271,
            "side": "right",
            "color": [
              206,
              123,
              236
            ]
          },
          {
            "x": 208,
            "y": 56.81474722360291,
            "side": "right",
            "color": [
              174,
              163,
              198
            ]
          }
        ]
      },
      {
        "frame_idx": 34,
        "left_objects": 2,
        "right_objects": 4,
        "total_objects": 6,
        "objects": [
          {
            "x": 81,
            "y": 126.30834844629096,
            "side": "left",
            "color": [
              223,
              115,
              182
            ]
          },
          {
            "x": 26,
            "y": 166.30834844629115,
            "side": "left",
            "color": [
              187,
              142,
              113
            ]
          },
          {
            "x": 133,
            "y": 96.6916515537087,
            "side": "right",
            "color": [
              183,
              110,
              125
            ]
          },
          {
            "x": 140,
            "y": 39.69165155370895,
            "side": "right",
            "color": [
              157,
              200,
              229
            ]
          },
          {
            "x": 213,
            "y": 97.69165155370868,
            "side": "right",
            "color": [
              206,
              123,
              236
            ]
          },
          {
            "x": 208,
            "y": 53.69165155370888,
            "side": "right",
            "color": [
              174,
              163,
              198
            ]
          }
        ]
      },
      {
        "frame_idx": 35,
        "left_objects": 2,
        "right_objects": 4,
        "total_objects": 6,
        "objects": [
          {
            "x": 81,
            "y": 129.431444116185,
            "side": "left",
            "color": [
              223,
              115,
              182
            ]
          },
          {
            "x": 26,
            "y": 169.4314441161852,
            "side": "left",
            "color": [
              187,
              142,
              113
            ]
          },
          {
            "x": 133,
            "y": 93.56855588381467,
            "side": "right",
            "color": [
              183,
              110,
              125
            ]
          },
          {
            "x": 140,
            "y": 36.56855588381492,
            "side": "right",
            "color": [
              157,
              200,
              229
            ]
          },
          {
            "x": 213,
            "y": 94.56855588381465,
            "side": "right",
            "color": [
              206,
              123,
              236
            ]
          },
          {
            "x": 208,
            "y": 50.56855588381485,
            "side": "right",
            "color": [
              174,
              163,
              198
            ]
          }
        ]
      },
      {
        "frame_idx": 36,
        "left_objects": 2,
        "right_objects": 4,
        "total_objects": 6,
        "objects": [
          {
            "x": 81,
            "y": 132.55453978607903,
            "side": "left",
            "color": [
              223,
              115,
              182
            ]
          },
          {
            "x": 26,
            "y": 172.55453978607923,
            "side": "left",
            "color": [
              187,
              142,
              113
            ]
          },
          {
            "x": 133,
            "y": 90.44546021392064,
            "side": "right",
            "color": [
              183,
              110,
              125
            ]
          },
          {
            "x": 140,
            "y": 33.445460213920896,
            "side": "right",
            "color": [
              157,
              200,
              229
            ]
          },
          {
            "x": 213,
            "y": 91.44546021392063,
            "side": "right",
            "color": [
              206,
              123,
              236
            ]
          },
          {
            "x": 208,
            "y": 47.445460213920825,
            "side": "right",
            "color": [
              174,
              163,
              198
            ]
          }
        ]
      },
      {
        "frame_idx": 37,
        "left_objects": 2,
        "right_objects": 4,
        "total_objects": 6,
        "objects": [
          {
            "x": 81,
            "y": 135.67763545597307,
            "side": "left",
            "color": [
              223,
              115,
              182
            ]
          },
          {
            "x": 26,
            "y": 175.67763545597327,
            "side": "left",
            "color": [
              187,
              142,
              113
            ]
          },
          {
            "x": 133,
            "y": 87.32236454402661,
            "side": "right",
            "color": [
              183,
              110,
              125
            ]
          },
          {
            "x": 140,
            "y": 30.32236454402687,
            "side": "right",
            "color": [
              157,
              200,
              229
            ]
          },
          {
            "x": 213,
            "y": 88.3223645440266,
            "side": "right",
            "color": [
              206,
              123,
              236
            ]
          },
          {
            "x": 208,
            "y": 44.3223645440268,
            "side": "right",
            "color": [
              174,
              163,
              198
            ]
          }
        ]
      },
      {
        "frame_idx": 38,
        "left_objects": 2,
        "right_objects": 4,
        "total_objects": 6,
        "objects": [
          {
            "x": 81,
            "y": 138.80073112586712,
            "side": "left",
            "color": [
              223,
              115,
              182
            ]
          },
          {
            "x": 26,
            "y": 178.80073112586732,
            "side": "left",
            "color": [
              187,
              142,
              113
            ]
          },
          {
            "x": 133,
            "y": 84.19926887413258,
            "side": "right",
            "color": [
              183,
              110,
              125
            ]
          },
          {
            "x": 140,
            "y": 27.19926887413284,
            "side": "right",
            "color": [
              157,
              200,
              229
            ]
          },
          {
            "x": 213,
            "y": 85.19926887413257,
            "side": "right",
            "color": [
              206,
              123,
              236
            ]
          },
          {
            "x": 208,
            "y": 41.19926887413277,
            "side": "right",
            "color": [
              174,
              163,
              198
            ]
          }
        ]
      },
      {
        "frame_idx": 39,
        "left_objects": 2,
        "right_objects": 4,
        "total_objects": 6,
        "objects": [
          {
            "x": 81,
            "y": 141.92382679576116,
            "side": "left",
            "color": [
              223,
              115,
              182
            ]
          },
          {
            "x": 26,
            "y": 181.92382679576136,
            "side": "left",
            "color": [
              187,
              142,
              113
            ]
          },
          {
            "x": 133,
            "y": 81.07617320423856,
            "side": "right",
            "color": [
              183,
              110,
              125
            ]
          },
          {
            "x": 140,
            "y": 24.076173204238813,
            "side": "right",
            "color": [
              157,
              200,
              229
            ]
          },
          {
            "x": 213,
            "y": 82.07617320423854,
            "side": "right",
            "color": [
              206,
              123,
              236
            ]
          },
          {
            "x": 208,
            "y": 38.07617320423874,
            "side": "right",
            "color": [
              174,
              163,
              198
            ]
          }
        ]
      },
      {
        "frame_idx": 40,
        "left_objects": 2,
        "right_objects": 4,
        "total_objects": 6,
        "objects": [
          {
            "x": 81,
            "y": 145.0469224656552,
            "side": "left",
            "color": [
              223,
              115,
              182
            ]
          },
          {
            "x": 26,
            "y": 185.0469224656554,
            "side": "left",
            "color": [
              187,
              142,
              113
            ]
          },
          {
            "x": 133,
            "y": 77.95307753434453,
            "side": "right",
            "color": [
              183,
              110,
              125
            ]
          },
          {
            "x": 140,
            "y": 20.953077534344786,
            "side": "right",
            "color": [
              157,
              200,
              229
            ]
          },
          {
            "x": 213,
            "y": 78.95307753434452,
            "side": "right",
            "color": [
              206,
              123,
              236
            ]
          },
          {
            "x": 208,
            "y": 34.953077534344715,
            "side": "right",
            "color": [
              174,
              163,
              198
            ]
          }
        ]
      },
      {
        "frame_idx": 41,
        "left_objects": 2,
        "right_objects": 4,
        "total_objects": 6,
        "objects": [
          {
            "x": 81,
            "y": 148.17001813554924,
            "side": "left",
            "color": [
              223,
              115,
              182
            ]
          },
          {
            "x": 26,
            "y": 188.17001813554944,
            "side": "left",
            "color": [
              187,
              142,
              113
            ]
          },
          {
            "x": 133,
            "y": 74.8299818644505,
            "side": "right",
            "color": [
              183,
              110,
              125
            ]
          },
          {
            "x": 140,
            "y": 17.829981864450758,
            "side": "right",
            "color": [
              157,
              200,
              229
            ]
          },
          {
            "x": 213,
            "y": 75.82998186445049,
            "side": "right",
            "color": [
              206,
              123,
              236
            ]
          },
          {
            "x": 208,
            "y": 31.829981864450687,
            "side": "right",
            "color": [
              174,
              163,
              198
            ]
          }
        ]
      },
      {
        "frame_idx": 42,
        "left_objects": 2,
        "right_objects": 4,
        "total_objects": 6,
        "objects": [
          {
            "x": 81,
            "y": 151.29311380544328,
            "side": "left",
            "color": [
              223,
              115,
              182
            ]
          },
          {
            "x": 26,
            "y": 191.29311380544348,
            "side": "left",
            "color": [
              187,
              142,
              113
            ]
          },
          {
            "x": 133,
            "y": 71.70688619455647,
            "side": "right",
            "color": [
              183,
              110,
              125
            ]
          },
          {
            "x": 140,
            "y": 14.706886194556729,
            "side": "right",
            "color": [
              157,
              200,
              229
            ]
          },
          {
            "x": 213,
            "y": 72.70688619455646,
            "side": "right",
            "color": [
              206,
              123,
              236
            ]
          },
          {
            "x": 208,
            "y": 28.70688619455666,
            "side": "right",
            "color": [
              174,
              163,
              198
            ]
          }
        ]
      },
      {
        "frame_idx": 43,
        "left_objects": 2,
        "right_objects": 4,
        "total_objects": 6,
        "objects": [
          {
            "x": 81,
            "y": 154.41620947533733,
            "side": "left",
            "color": [
              223,
              115,
              182
            ]
          },
          {
            "x": 26,
            "y": 194.41620947533752,
            "side": "left",
            "color": [
              187,
              142,
              113
            ]
          },
          {
            "x": 133,
            "y": 68.58379052466245,
            "side": "right",
            "color": [
              183,
              110,
              125
            ]
          },
          {
            "x": 140,
            "y": 11.5837905246627,
            "side": "right",
            "color": [
              157,
              200,
              229
            ]
          },
          {
            "x": 213,
            "y": 69.58379052466243,
            "side": "right",
            "color": [
              206,
              123,
              236
            ]
          },
          {
            "x": 208,
            "y": 25.583790524662632,
            "side": "right",
            "color": [
              174,
              163,
              198
            ]
          }
        ]
      },
      {
        "frame_idx": 44,
        "left_objects": 2,
        "right_objects": 4,
        "total_objects": 6,
        "objects": [
          {
            "x": 81,
            "y": 157.53930514523137,
            "side": "left",
            "color": [
              223,
              115,
              182
            ]
          },
          {
            "x": 26,
            "y": 197.53930514523157,
            "side": "left",
            "color": [
              187,
              142,
              113
            ]
          },
          {
            "x": 133,
            "y": 65.46069485476842,
            "side": "right",
            "color": [
              183,
              110,
              125
            ]
          },
          {
            "x": 140,
            "y": 8.46069485476867,
            "side": "right",
            "color": [
              157,
              200,
              229
            ]
          },
          {
            "x": 213,
            "y": 66.4606948547684,
            "side": "right",
            "color": [
              206,
              123,
              236
            ]
          },
          {
            "x": 208,
            "y": 22.460694854768605,
            "side": "right",
            "color": [
              174,
              163,
              198
            ]
          }
        ]
      },
      {
        "frame_idx": 45,
        "left_objects": 2,
        "right_objects": 4,
        "total_objects": 6,
        "objects": [
          {
            "x": 81,
            "y": 160.6624008151254,
            "side": "left",
            "color": [
              223,
              115,
              182
            ]
          },
          {
            "x": 26,
            "y": 200.6624008151256,
            "side": "left",
            "color": [
              187,
              142,
              113
            ]
          },
          {
            "x": 133,
            "y": 62.33759918487439,
            "side": "right",
            "color": [
              183,
              110,
              125
            ]
          },
          {
            "x": 140,
            "y": 5.337599184874641,
            "side": "right",
            "color": [
              157,
              200,
              229
            ]
          },
          {
            "x": 213,
            "y": 63.33759918487438,
            "side": "right",
            "color": [
              206,
              123,
              236
            ]
          },
          {
            "x": 208,
            "y": 19.337599184874577,
            "side": "right",
            "color": [
              174,
              163,
              198
            ]
          }
        ]
      },
      {
        "frame_idx": 46,
        "left_objects": 2,
        "right_objects": 4,
        "total_objects": 6,
        "objects": [
          {
            "x": 81,
            "y": 163.78549648501945,
            "side": "left",
            "color": [
              223,
              115,
              182
            ]
          },
          {
            "x": 26,
            "y": 203.78549648501965,
            "side": "left",
            "color": [
              187,
              142,
              113
            ]
          },
          {
            "x": 133,
            "y": 59.214503514980365,
            "side": "right",
            "color": [
              183,
              110,
              125
            ]
          },
          {
            "x": 140,
            "y": 2.2145035149806116,
            "side": "right",
            "color": [
              157,
              200,
              229
            ]
          },
          {
            "x": 213,
            "y": 60.21450351498035,
            "side": "right",
            "color": [
              206,
              123,
              236
            ]
          },
          {
            "x": 208,
            "y": 16.21450351498055,
            "side": "right",
            "color": [
              174,
              163,
              198
            ]
          }
        ]
      },
      {
        "frame_idx": 47,
        "left_objects": 2,
        "right_objects": 4,
        "total_objects": 6,
        "objects": [
          {
            "x": 81,
            "y": 166.9085921549135,
            "side": "left",
            "color": [
              223,
              115,
              182
            ]
          },
          {
            "x": 26,
            "y": 206.9085921549137,
            "side": "left",
            "color": [
              187,
              142,
              113
            ]
          },
          {
            "x": 133,
            "y": 56.09140784508634,
            "side": "right",
            "color": [
              183,
              110,
              125
            ]
          },
          {
            "x": 140,
            "y": -0.9085921549134177,
            "side": "right",
            "color": [
              157,
              200,
              229
            ]
          },
          {
            "x": 213,
            "y": 57.09140784508632,
            "side": "right",
            "color": [
              206,
              123,
              236
            ]
          },
          {
            "x": 208,
            "y": 13.09140784508652,
            "side": "right",
            "color": [
              174,
              163,
              198
            ]
          }
        ]
      },
      {
        "frame_idx": 48,
        "left_objects": 2,
        "right_objects": 4,
        "total_objects": 6,
        "objects": [
          {
            "x": 81,
            "y": 170.03168782480753,
            "side": "left",
            "color": [
              223,
              115,
              182
            ]
          },
          {
            "x": 26,
            "y": 210.03168782480773,
            "side": "left",
            "color": [
              187,
              142,
              113
            ]
          },
          {
            "x": 133,
            "y": 52.96831217519231,
            "side": "right",
            "color": [
              183,
              110,
              125
            ]
          },
          {
            "x": 140,
            "y": -4.031687824807447,
            "side": "right",
            "color": [
              157,
              200,
              229
            ]
          },
          {
            "x": 213,
            "y": 53.968312175192295,
            "side": "right",
            "color": [
              206,
              123,
              236
            ]
          },
          {
            "x": 208,
            "y": 9.96831217519249,
            "side": "right",
            "color": [
              174,
              163,
              198
            ]
          }
        ]
      },
      {
        "frame_idx": 49,
        "left_objects": 2,
        "right_objects": 4,
        "total_objects": 6,
        "objects": [
          {
            "x": 81,
            "y": 173.15478349470158,
            "side": "left",
            "color": [
              223,
              115,
              182
            ]
          },
          {
            "x": 26,
            "y": 213.15478349470177,
            "side": "left",
            "color": [
              187,
              142,
              113
            ]
          },
          {
            "x": 133,
            "y": 49.84521650529828,
            "side": "right",
            "color": [
              183,
              110,
              125
            ]
          },
          {
            "x": 140,
            "y": -7.154783494701476,
            "side": "right",
            "color": [
              157,
              200,
              229
            ]
          },
          {
            "x": 213,
            "y": 50.84521650529827,
            "side": "right",
            "color": [
              206,
              123,
              236
            ]
          },
          {
            "x": 208,
            "y": 6.8452165052984615,
            "side": "right",
            "color": [
              174,
              163,
              198
            ]
          }
        ]
      },
      {
        "frame_idx": 50,
        "left_objects": 2,
        "right_objects": 4,
        "total_objects": 6,
        "objects": [
          {
            "x": 81,
            "y": 176.27787916459562,
            "side": "left",
            "color": [
              223,
              115,
              182
            ]
          },
          {
            "x": 26,
            "y": 216.27787916459582,
            "side": "left",
            "color": [
              187,
              142,
              113
            ]
          },
          {
            "x": 133,
            "y": 46.722120835404255,
            "side": "right",
            "color": [
              183,
              110,
              125
            ]
          },
          {
            "x": 140,
            "y": -10.277879164595506,
            "side": "right",
            "color": [
              157,
              200,
              229
            ]
          },
          {
            "x": 213,
            "y": 47.72212083540424,
            "side": "right",
            "color": [
              206,
              123,
              236
            ]
          },
          {
            "x": 208,
            "y": 3.722120835404432,
            "side": "right",
            "color": [
              174,
              163,
              198
            ]
          }
        ]
      },
      {
        "frame_idx": 51,
        "left_objects": 2,
        "right_objects": 4,
        "total_objects": 6,
        "objects": [
          {
            "x": 81,
            "y": 179.40097483448966,
            "side": "left",
            "color": [
              223,
              115,
              182
            ]
          },
          {
            "x": 26,
            "y": 219.40097483448986,
            "side": "left",
            "color": [
              187,
              142,
              113
            ]
          },
          {
            "x": 133,
            "y": 43.59902516551023,
            "side": "right",
            "color": [
              183,
              110,
              125
            ]
          },
          {
            "x": 197,
            "y": 235,
            "side": "right",
            "color": [
              157,
              200,
              229
            ]
          },
          {
            "x": 213,
            "y": 44.59902516551021,
            "side": "right",
            "color": [
              206,
              123,
              236
            ]
          },
          {
            "x": 208,
            "y": 0.5990251655104029,
            "side": "right",
            "color": [
              174,
              163,
              198
            ]
          }
        ]
      },
      {
        "frame_idx": 52,
        "left_objects": 2,
        "right_objects": 4,
        "total_objects": 6,
        "objects": [
          {
            "x": 81,
            "y": 182.5240705043837,
            "side": "left",
            "color": [
              223,
              115,
              182
            ]
          },
          {
            "x": 26,
            "y": 222.5240705043839,
            "side": "left",
            "color": [
              187,
              142,
              113
            ]
          },
          {
            "x": 133,
            "y": 40.4759294956162,
            "side": "right",
            "color": [
              183,
              110,
              125
            ]
          },
          {
            "x": 197,
            "y": 231.87690433010596,
            "side": "right",
            "color": [
              157,
              200,
              229
            ]
          },
          {
            "x": 213,
            "y": 41.475929495616185,
            "side": "right",
            "color": [
              206,
              123,
              236
            ]
          },
          {
            "x": 208,
            "y": -2.5240705043836265,
            "side": "right",
            "color": [
              174,
              163,
              198
            ]
          }
        ]
      },
      {
        "frame_idx": 53,
        "left_objects": 2,
        "right_objects": 4,
        "total_objects": 6,
        "objects": [
          {
            "x": 81,
            "y": 185.64716617427774,
            "side": "left",
            "color": [
              223,
              115,
              182
            ]
          },
          {
            "x": 26,
            "y": 225.64716617427794,
            "side": "left",
            "color": [
              187,
              142,
              113
            ]
          },
          {
            "x": 133,
            "y": 37.35283382572217,
            "side": "right",
            "color": [
              183,
              110,
              125
            ]
          },
          {
            "x": 197,
            "y": 228.75380866021192,
            "side": "right",
            "color": [
              157,
              200,
              229
            ]
          },
          {
            "x": 213,
            "y": 38.35283382572216,
            "side": "right",
            "color": [
              206,
              123,
              236
            ]
          },
          {
            "x": 208,
            "y": -5.647166174277656,
            "side": "right",
            "color": [
              174,
              163,
              198
            ]
          }
        ]
      },
      {
        "frame_idx": 54,
        "left_objects": 2,
        "right_objects": 4,
        "total_objects": 6,
        "objects": [
          {
            "x": 81,
            "y": 188.77026184417178,
            "side": "left",
            "color": [
              223,
              115,
              182
            ]
          },
          {
            "x": 26,
            "y": 228.77026184417198,
            "side": "left",
            "color": [
              187,
              142,
              113
            ]
          },
          {
            "x": 133,
            "y": 34.229738155828144,
            "side": "right",
            "color": [
              183,
              110,
              125
            ]
          },
          {
            "x": 197,
            "y": 225.63071299031787,
            "side": "right",
            "color": [
              157,
              200,
              229
            ]
          },
          {
            "x": 213,
            "y": 35.22973815582813,
            "side": "right",
            "color": [
              206,
              123,
              236
            ]
          },
          {
            "x": 208,
            "y": -8.770261844171685,
            "side": "right",
            "color": [
              174,
              163,
              198
            ]
          }
        ]
      },
      {
        "frame_idx": 55,
        "left_objects": 2,
        "right_objects": 4,
        "total_objects": 6,
        "objects": [
          {
            "x": 81,
            "y": 191.89335751406583,
            "side": "left",
            "color": [
              223,
              115,
              182
            ]
          },
          {
            "x": 26,
            "y": 231.89335751406603,
            "side": "left",
            "color": [
              187,
              142,
              113
            ]
          },
          {
            "x": 133,
            "y": 31.106642485934117,
            "side": "right",
            "color": [
              183,
              110,
              125
            ]
          },
          {
            "x": 197,
            "y": 222.50761732042383,
            "side": "right",
            "color": [
              157,
              200,
              229
            ]
          },
          {
            "x": 213,
            "y": 32.1066424859341,
            "side": "right",
            "color": [
              206,
              123,
              236
            ]
          },
          {
            "x": 128,
            "y": 235,
            "side": "right",
            "color": [
              174,
              163,
              198
            ]
          }
        ]
      },
      {
        "frame_idx": 56,
        "left_objects": 2,
        "right_objects": 4,
        "total_objects": 6,
        "objects": [
          {
            "x": 81,
            "y": 195.01645318395987,
            "side": "left",
            "color": [
              223,
              115,
              182
            ]
          },
          {
            "x": 47,
            "y": -11,
            "side": "left",
            "color": [
              187,
              142,
              113
            ]
          },
          {
            "x": 133,
            "y": 27.98354681604009,
            "side": "right",
            "color": [
              183,
              110,
              125
            ]
          },
          {
            "x": 197,
            "y": 219.3845216505298,
            "side": "right",
            "color": [
              157,
              200,
              229
            ]
          },
          {
            "x": 213,
            "y": 28.983546816040075,
            "side": "right",
            "color": [
              206,
              123,
              236
            ]
          },
          {
            "x": 128,
            "y": 231.87690433010596,
            "side": "right",
            "color": [
              174,
              163,
              198
            ]
          }
        ]
      },
      {
        "frame_idx": 57,
        "left_objects": 2,
        "right_objects": 4,
        "total_objects": 6,
        "objects": [
          {
            "x": 81,
            "y": 198.1395488538539,
            "side": "left",
            "color": [
              223,
              115,
              182
            ]
          },
          {
            "x": 47,
            "y": -7.876904330105971,
            "side": "left",
            "color": [
              187,
              142,
              113
            ]
          },
          {
            "x": 133,
            "y": 24.86045114614606,
            "side": "right",
            "color": [
              183,
              110,
              125
            ]
          },
          {
            "x": 197,
            "y": 216.26142598063575,
            "side": "right",
            "color": [
              157,
              200,
              229
            ]
          },
          {
            "x": 213,
            "y": 25.860451146146048,
            "side": "right",
            "color": [
              206,
              123,
              236
            ]
          },
          {
            "x": 128,
            "y": 228.75380866021192,
            "side": "right",
            "color": [
              174,
              163,
              198
            ]
          }
        ]
      },
      {
        "frame_idx": 58,
        "left_objects": 2,
        "right_objects": 4,
        "total_objects": 6,
        "objects": [
          {
            "x": 81,
            "y": 201.26264452374795,
            "side": "left",
            "color": [
              223,
              115,
              182
            ]
          },
          {
            "x": 47,
            "y": -4.753808660211941,
            "side": "left",
            "color": [
              187,
              142,
              113
            ]
          },
          {
            "x": 133,
            "y": 21.737355476252034,
            "side": "right",
            "color": [
              183,
              110,
              125
            ]
          },
          {
            "x": 197,
            "y": 213.1383303107417,
            "side": "right",
            "color": [
              157,
              200,
              229
            ]
          },
          {
            "x": 213,
            "y": 22.73735547625202,
            "side": "right",
            "color": [
              206,
              123,
              236
            ]
          },
          {
            "x": 128,
            "y": 225.63071299031787,
            "side": "right",
            "color": [
              174,
              163,
              198
            ]
          }
        ]
      },
      {
        "frame_idx": 59,
        "left_objects": 2,
        "right_objects": 4,
        "total_objects": 6,
        "objects": [
          {
            "x": 81,
            "y": 204.385740193642,
            "side": "left",
            "color": [
              223,
              115,
              182
            ]
          },
          {
            "x": 47,
            "y": -1.630712990317912,
            "side": "left",
            "color": [
              187,
              142,
              113
            ]
          },
          {
            "x": 133,
            "y": 18.614259806358007,
            "side": "right",
            "color": [
              183,
              110,
              125
            ]
          },
          {
            "x": 197,
            "y": 210.01523464084767,
            "side": "right",
            "color": [
              157,
              200,
              229
            ]
          },
          {
            "x": 213,
            "y": 19.614259806357992,
            "side": "right",
            "color": [
              206,
              123,
              236
            ]
          },
          {
            "x": 128,
            "y": 222.50761732042383,
            "side": "right",
            "color": [
              174,
              163,
              198
            ]
          }
        ]
      }
    ]
  }
}