{
  "sample_id": "observation_2_000001_757275",
  "sample_type": "observation_2",
  "configuration": {
    "video": {
      "width": 400,
      "height": 300,
      "num_frames": 60,
      "fps": 30
    },
    "objects": {
      "left_objects": 3,
      "right_objects": 3,
      "radius": 15,
      "velocity": 2
    },
    "colors": {
      "fixed_colors": {
        "left_1": [
          255,
          0,
          0
        ],
        "left_2": [
          255,
          0,
          0
        ],
        "left_3": [
          255,
          0,
          0
        ],
        "right_1": [
          0,
          0,
          255
        ],
        "right_2": [
          0,
          0,
          255
        ],
        "right_3": [
          0,
          0,
          255
        ]
      },
      "background": [
        0,
        0,
        0
      ]
    },
    "movement": {
      "patterns": {
        "left": {
          "direction": "down",
          "velocity": 2
        },
        "right": {
          "direction": "up",
          "velocity": 2
        }
      }
    },
    "interventions": {
      "enabled": false
    },
    "observation_variants": {
      "observation_1": {
        "placement": {
          "enabled": false
        }
      },
      "observation_2": {
        "placement": {
          "enabled": true,
          "cross_placements": [
            {
              "source_type": "left_2",
              "target_side": "right",
              "target_movement": "up"
            },
            {
              "source_type": "right_2",
              "target_side": "left",
              "target_movement": "down"
            }
          ]
        },
        "colors": {
          "fixed_colors": {
            "left_1": [
              255,
              0,
              0
            ],
            "left_2": [
              255,
              0,
              0
            ],
            "left_3": [
              255,
              0,
              0
            ],
            "right_1": [
              0,
              0,
              255
            ],
            "right_2": [
              0,
              0,
              255
            ],
            "right_3": [
              0,
              0,
              255
            ]
          }
        }
      },
      "observation_3": {
        "placement": {
          "enabled": true,
          "cross_placements": [
            {
              "source_type": "left_1",
              "target_side": "right",
              "target_movement": "up"
            },
            {
              "source_type": "left_3",
              "target_side": "right",
              "target_movement": "up"
            },
            {
              "source_type": "right_1",
              "target_side": "left",
              "target_movement": "down"
            },
            {
              "source_type": "right_3",
              "target_side": "left",
              "target_movement": "down"
            }
          ]
        }
      }
    },
    "placement": {
      "enabled": true,
      "cross_placements": [
        {
          "source_type": "left_2",
          "target_side": "right",
          "target_movement": "up"
        },
        {
          "source_type": "right_2",
          "target_side": "left",
          "target_movement": "down"
        }
      ]
    }
  },
  "generation_info": {
    "timestamp": "2026-01-15T18:34:44.506853",
    "seed": 934130
  },
  "video_stats": {
    "num_frames": 60,
    "frame_size": [
      300,
      400,
      3
    ],
    "fps": 30
  },
  "rule_metadata": {
    "config": {
      "video": {
        "width": 400,
        "height": 300,
        "num_frames": 60,
        "fps": 30
      },
      "objects": {
        "left_objects": 3,
        "right_objects": 3,
        "radius": 15,
        "velocity": 2
      },
      "colors": {
        "fixed_colors": {
          "left_1": [
            255,
            0,
            0
          ],
          "left_2": [
            255,
            0,
            0
          ],
          "left_3": [
            255,
            0,
            0
          ],
          "right_1": [
            0,
            0,
            255
          ],
          "right_2": [
            0,
            0,
            255
          ],
          "right_3": [
            0,
            0,
            255
          ]
        },
        "background": [
          0,
          0,
          0
        ]
      },
      "movement": {
        "patterns": {
          "left": {
            "direction": "down",
            "velocity": 2
          },
          "right": {
            "direction": "up",
            "velocity": 2
          }
        }
      },
      "interventions": {
        "enabled": false
      },
      "observation_variants": {
        "observation_1": {
          "placement": {
            "enabled": false
          }
        },
        "observation_2": {
          "placement": {
            "enabled": true,
            "cross_placements": [
              {
                "source_type": "left_2",
                "target_side": "right",
                "target_movement": "up"
              },
              {
                "source_type": "right_2",
                "target_side": "left",
                "target_movement": "down"
              }
            ]
          },
          "colors": {
            "fixed_colors": {
              "left_1": [
                255,
                0,
                0
              ],
              "left_2": [
                255,
                0,
                0
              ],
              "left_3": [
                255,
                0,
                0
              ],
              "right_1": [
                0,
                0,
                255
              ],
              "right_2": [
                0,
                0,
                255
              ],
              "right_3": [
                0,
                0,
                255
              ]
            }
          }
        },
        "observation_3": {
          "placement": {
            "enabled": true,
            "cross_placements": [
              {
                "source_type": "left_1",
                "target_side": "right",
                "target_movement": "up"
              },
              {
                "source_type": "left_3",
                "target_side": "right",
                "target_movement": "up"
              },
              {
                "source_type": "right_1",
                "target_side": "left",
                "target_movement": "down"
              },
              {
                "source_type": "right_3",
                "target_side": "left",
                "target_movement": "down"
              }
            ]
          }
        }
      },
      "placement": {
        "enabled": true,
        "cross_placements": [
          {
            "source_type": "left_2",
            "target_side": "right",
            "target_movement": "up"
          },
          {
            "source_type": "right_2",
            "target_side": "left",
            "target_movement": "down"
          }
        ]
      }
    },
    "video_stats": {
      "num_frames": 60,
      "fps": 30,
      "resolution": [
        400,
        300
      ]
    },
    "frame_data": [
      {
        "frame_index": 0,
        "objects": [
          {
            "entity_id": "left_1",
            "x": 149,
            "y": 69,
            "color": [
              255,
              0,
              0
            ],
            "intervention_active": false
          },
          {
            "entity_id": "left_2",
            "x": 229,
            "y": 201,
            "color": [
              255,
              0,
              0
            ],
            "intervention_active": false
          },
          {
            "entity_id": "left_3",
            "x": 111,
            "y": 28,
            "color": [
              255,
              0,
              0
            ],
            "intervention_active": false
          },
          {
            "entity_id": "right_1",
            "x": 263,
            "y": 241,
            "color": [
              0,
              0,
              255
            ],
            "intervention_active": false
          },
          {
            "entity_id": "right_2",
            "x": 69,
            "y": 43,
            "color": [
              0,
              0,
              255
            ],
            "intervention_active": false
          },
          {
            "entity_id": "right_3",
            "x": 380,
            "y": 251,
            "color": [
              0,
              0,
              255
            ],
            "intervention_active": false
          }
        ]
      },
      {
        "frame_index": 1,
        "objects": [
          {
            "entity_id": "left_1",
            "x": 149,
            "y": 73,
            "color": [
              255,
              0,
              0
            ],
            "intervention_active": false
          },
          {
            "entity_id": "left_2",
            "x": 229,
            "y": 197,
            "color": [
              255,
              0,
              0
            ],
            "intervention_active": false
          },
          {
            "entity_id": "left_3",
            "x": 111,
            "y": 32,
            "color": [
              255,
              0,
              0
            ],
            "intervention_active": false
          },
          {
            "entity_id": "right_1",
            "x": 263,
            "y": 237,
            "color": [
              0,
              0,
              255
            ],
            "intervention_active": false
          },
          {
            "entity_id": "right_2",
            "x": 69,
            "y": 47,
            "color": [
              0,
              0,
              255
            ],
            "intervention_active": false
          },
          {
            "entity_id": "right_3",
            "x": 380,
            "y": 247,
            "color": [
              0,
              0,
              255
            ],
            "intervention_active": false
          }
        ]
      },
      {
        "frame_index": 2,
        "objects": [
          {
            "entity_id": "left_1",
            "x": 149,
            "y": 77,
            "color": [
              255,
              0,
              0
            ],
            "intervention_active": false
          },
          {
            "entity_id": "left_2",
            "x": 229,
            "y": 193,
            "color": [
              255,
              0,
              0
            ],
            "intervention_active": false
          },
          {
            "entity_id": "left_3",
            "x": 111,
            "y": 36,
            "color": [
              255,
              0,
              0
            ],
            "intervention_active": false
          },
          {
            "entity_id": "right_1",
            "x": 263,
            "y": 233,
            "color": [
              0,
              0,
              255
            ],
            "intervention_active": false
          },
          {
            "entity_id": "right_2",
            "x": 69,
            "y": 51,
            "color": [
              0,
              0,
              255
            ],
            "intervention_active": false
          },
          {
            "entity_id": "right_3",
            "x": 380,
            "y": 243,
            "color": [
              0,
              0,
              255
            ],
            "intervention_active": false
          }
        ]
      },
      {
        "frame_index": 3,
        "objects": [
          {
            "entity_id": "left_1",
            "x": 149,
            "y": 81,
            "color": [
              255,
              0,
              0
            ],
            "intervention_active": false
          },
          {
            "entity_id": "left_2",
            "x": 229,
            "y": 189,
            "color": [
              255,
              0,
              0
            ],
            "intervention_active": false
          },
          {
            "entity_id": "left_3",
            "x": 111,
            "y": 40,
            "color": [
              255,
              0,
              0
            ],
            "intervention_active": false
          },
          {
            "entity_id": "right_1",
            "x": 263,
            "y": 229,
            "color": [
              0,
              0,
              255
            ],
            "intervention_active": false
          },
          {
            "entity_id": "right_2",
            "x": 69,
            "y": 55,
            "color": [
              0,
              0,
              255
            ],
            "intervention_active": false
          },
          {
            "entity_id": "right_3",
            "x": 380,
            "y": 239,
            "color": [
              0,
              0,
              255
            ],
            "intervention_active": false
          }
        ]
      },
      {
        "frame_index": 4,
        "objects": [
          {
            "entity_id": "left_1",
            "x": 149,
            "y": 85,
            "color": [
              255,
              0,
              0
            ],
            "intervention_active": false
          },
          {
            "entity_id": "left_2",
            "x": 229,
            "y": 185,
            "color": [
              255,
              0,
              0
            ],
            "intervention_active": false
          },
          {
            "entity_id": "left_3",
            "x": 111,
            "y": 44,
            "color": [
              255,
              0,
              0
            ],
            "intervention_active": false
          },
          {
            "entity_id": "right_1",
            "x": 263,
            "y": 225,
            "color": [
              0,
              0,
              255
            ],
            "intervention_active": false
          },
          {
            "entity_id": "right_2",
            "x": 69,
            "y": 59,
            "color": [
              0,
              0,
              255
            ],
            "intervention_active": false
          },
          {
            "entity_id": "right_3",
            "x": 380,
            "y": 235,
            "color": [
              0,
              0,
              255
            ],
            "intervention_active": false
          }
        ]
      },
      {
        "frame_index": 5,
        "objects": [
          {
            "entity_id": "left_1",
            "x": 149,
            "y": 89,
            "color": [
              255,
              0,
              0
            ],
            "intervention_active": false
          },
          {
            "entity_id": "left_2",
            "x": 229,
            "y": 181,
            "color": [
              255,
              0,
              0
            ],
            "intervention_active": false
          },
          {
            "entity_id": "left_3",
            "x": 111,
            "y": 48,
            "color": [
              255,
              0,
              0
            ],
            "intervention_active": false
          },
          {
            "entity_id": "right_1",
            "x": 263,
            "y": 221,
            "color": [
              0,
              0,
              255
            ],
            "intervention_active": false
          },
          {
            "entity_id": "right_2",
            "x": 69,
            "y": 63,
            "color": [
              0,
              0,
              255
            ],
            "intervention_active": false
          },
          {
            "entity_id": "right_3",
            "x": 380,
            "y": 231,
            "color": [
              0,
              0,
              255
            ],
            "intervention_active": false
          }
        ]
      },
      {
        "frame_index": 6,
        "objects": [
          {
            "entity_id": "left_1",
            "x": 149,
            "y": 93,
            "color": [
              255,
              0,
              0
            ],
            "intervention_active": false
          },
          {
            "entity_id": "left_2",
            "x": 229,
            "y": 177,
            "color": [
              255,
              0,
              0
            ],
            "intervention_active": false
          },
          {
            "entity_id": "left_3",
            "x": 111,
            "y": 52,
            "color": [
              255,
              0,
              0
            ],
            "intervention_active": false
          },
          {
            "entity_id": "right_1",
            "x": 263,
            "y": 217,
            "color": [
              0,
              0,
              255
            ],
            "intervention_active": false
          },
          {
            "entity_id": "right_2",
            "x": 69,
            "y": 67,
            "color": [
              0,
              0,
              255
            ],
            "intervention_active": false
          },
          {
            "entity_id": "right_3",
            "x": 380,
            "y": 227,
            "color": [
              0,
              0,
              255
            ],
            "intervention_active": false
          }
        ]
      },
      {
        "frame_index": 7,
        "objects": [
          {
            "entity_id": "left_1",
            "x": 149,
            "y": 97,
            "color": [
              255,
              0,
              0
            ],
            "intervention_active": false
          },
          {
            "entity_id": "left_2",
            "x": 229,
            "y": 173,
            "color": [
              255,
              0,
              0
            ],
            "intervention_active": false
          },
          {
            "entity_id": "left_3",
            "x": 111,
            "y": 56,
            "color": [
              255,
              0,
              0
            ],
            "intervention_active": false
          },
          {
            "entity_id": "right_1",
            "x": 263,
            "y": 213,
            "color": [
              0,
              0,
              255
            ],
            "intervention_active": false
          },
          {
            "entity_id": "right_2",
            "x": 69,
            "y": 71,
            "color": [
              0,
              0,
              255
            ],
            "intervention_active": false
          },
          {
            "entity_id": "right_3",
            "x": 380,
            "y": 223,
            "color": [
              0,
              0,
              255
            ],
            "intervention_active": false
          }
        ]
      },
      {
        "frame_index": 8,
        "objects": [
          {
            "entity_id": "left_1",
            "x": 149,
            "y": 101,
            "color": [
              255,
              0,
              0
            ],
            "intervention_active": false
          },
          {
            "entity_id": "left_2",
            "x": 229,
            "y": 169,
            "color": [
              255,
              0,
              0
            ],
            "intervention_active": false
          },
          {
            "entity_id": "left_3",
            "x": 111,
            "y": 60,
            "color": [
              255,
              0,
              0
            ],
            "intervention_active": false
          },
          {
            "entity_id": "right_1",
            "x": 263,
            "y": 209,
            "color": [
              0,
              0,
              255
            ],
            "intervention_active": false
          },
          {
            "entity_id": "right_2",
            "x": 69,
            "y": 75,
            "color": [
              0,
              0,
              255
            ],
            "intervention_active": false
          },
          {
            "entity_id": "right_3",
            "x": 380,
            "y": 219,
            "color": [
              0,
              0,
              255
            ],
            "intervention_active": false
          }
        ]
      },
      {
        "frame_index": 9,
        "objects": [
          {
            "entity_id": "left_1",
            "x": 149,
            "y": 105,
            "color": [
              255,
              0,
              0
            ],
            "intervention_active": false
          },
          {
            "entity_id": "left_2",
            "x": 229,
            "y": 165,
            "color": [
              255,
              0,
              0
            ],
            "intervention_active": false
          },
          {
            "entity_id": "left_3",
            "x": 111,
            "y": 64,
            "color": [
              255,
              0,
              0
            ],
            "intervention_active": false
          },
          {
            "entity_id": "right_1",
            "x": 263,
            "y": 205,
            "color": [
              0,
              0,
              255
            ],
            "intervention_active": false
          },
          {
            "entity_id": "right_2",
            "x": 69,
            "y": 79,
            "color": [
              0,
              0,
              255
            ],
            "intervention_active": false
          },
          {
            "entity_id": "right_3",
            "x": 380,
            "y": 215,
            "color": [
              0,
              0,
              255
            ],
            "intervention_active": false
          }
        ]
      },
      {
        "frame_index": 10,
        "objects": [
          {
            "entity_id": "left_1",
            "x": 149,
            "y": 109,
            "color": [
              255,
              0,
              0
            ],
            "intervention_active": false
          },
          {
            "entity_id": "left_2",
            "x": 229,
            "y": 161,
            "color": [
              255,
              0,
              0
            ],
            "intervention_active": false
          },
          {
            "entity_id": "left_3",
            "x": 111,
            "y": 68,
            "color": [
              255,
              0,
              0
            ],
            "intervention_active": false
          },
          {
            "entity_id": "right_1",
            "x": 263,
            "y": 201,
            "color": [
              0,
              0,
              255
            ],
            "intervention_active": false
          },
          {
            "entity_id": "right_2",
            "x": 69,
            "y": 83,
            "color": [
              0,
              0,
              255
            ],
            "intervention_active": false
          },
          {
            "entity_id": "right_3",
            "x": 380,
            "y": 211,
            "color": [
              0,
              0,
              255
            ],
            "intervention_active": false
          }
        ]
      },
      {
        "frame_index": 11,
        "objects": [
          {
            "entity_id": "left_1",
            "x": 149,
            "y": 113,
            "color": [
              255,
              0,
              0
            ],
            "intervention_active": false
          },
          {
            "entity_id": "left_2",
            "x": 229,
            "y": 157,
            "color": [
              255,
              0,
              0
            ],
            "intervention_active": false
          },
          {
            "entity_id": "left_3",
            "x": 111,
            "y": 72,
            "color": [
              255,
              0,
              0
            ],
            "intervention_active": false
          },
          {
            "entity_id": "right_1",
            "x": 263,
            "y": 197,
            "color": [
              0,
              0,
              255
            ],
            "intervention_active": false
          },
          {
            "entity_id": "right_2",
            "x": 69,
            "y": 87,
            "color": [
              0,
              0,
              255
            ],
            "intervention_active": false
          },
          {
            "entity_id": "right_3",
            "x": 380,
            "y": 207,
            "color": [
              0,
              0,
              255
            ],
            "intervention_active": false
          }
        ]
      },
      {
        "frame_index": 12,
        "objects": [
          {
            "entity_id": "left_1",
            "x": 149,
            "y": 117,
            "color": [
              255,
              0,
              0
            ],
            "intervention_active": false
          },
          {
            "entity_id": "left_2",
            "x": 229,
            "y": 153,
            "color": [
              255,
              0,
              0
            ],
            "intervention_active": false
          },
          {
            "entity_id": "left_3",
            "x": 111,
            "y": 76,
            "color": [
              255,
              0,
              0
            ],
            "intervention_active": false
          },
          {
            "entity_id": "right_1",
            "x": 263,
            "y": 193,
            "color": [
              0,
              0,
              255
            ],
            "intervention_active": false
          },
          {
            "entity_id": "right_2",
            "x": 69,
            "y": 91,
            "color": [
              0,
              0,
              255
            ],
            "intervention_active": false
          },
          {
            "entity_id": "right_3",
            "x": 380,
            "y": 203,
            "color": [
              0,
              0,
              255
            ],
            "intervention_active": false
          }
        ]
      },
      {
        "frame_index": 13,
        "objects": [
          {
            "entity_id": "left_1",
            "x": 149,
            "y": 121,
            "color": [
              255,
              0,
              0
            ],
            "intervention_active": false
          },
          {
            "entity_id": "left_2",
            "x": 229,
            "y": 149,
            "color": [
              255,
              0,
              0
            ],
            "intervention_active": false
          },
          {
            "entity_id": "left_3",
            "x": 111,
            "y": 80,
            "color": [
              255,
              0,
              0
            ],
            "intervention_active": false
          },
          {
            "entity_id": "right_1",
            "x": 263,
            "y": 189,
            "color": [
              0,
              0,
              255
            ],
            "intervention_active": false
          },
          {
            "entity_id": "right_2",
            "x": 69,
            "y": 95,
            "color": [
              0,
              0,
              255
            ],
            "intervention_active": false
          },
          {
            "entity_id": "right_3",
            "x": 380,
            "y": 199,
            "color": [
              0,
              0,
              255
            ],
            "intervention_active": false
          }
        ]
      },
      {
        "frame_index": 14,
        "objects": [
          {
            "entity_id": "left_1",
            "x": 149,
            "y": 125,
            "color": [
              255,
              0,
              0
            ],
            "intervention_active": false
          },
          {
            "entity_id": "left_2",
            "x": 229,
            "y": 145,
            "color": [
              255,
              0,
              0
            ],
            "intervention_active": false
          },
          {
            "entity_id": "left_3",
            "x": 111,
            "y": 84,
            "color": [
              255,
              0,
              0
            ],
            "intervention_active": false
          },
          {
            "entity_id": "right_1",
            "x": 263,
            "y": 185,
            "color": [
              0,
              0,
              255
            ],
            "intervention_active": false
          },
          {
            "entity_id": "right_2",
            "x": 69,
            "y": 99,
            "color": [
              0,
              0,
              255
            ],
            "intervention_active": false
          },
          {
            "entity_id": "right_3",
            "x": 380,
            "y": 195,
            "color": [
              0,
              0,
              255
            ],
            "intervention_active": false
          }
        ]
      },
      {
        "frame_index": 15,
        "objects": [
          {
            "entity_id": "left_1",
            "x": 149,
            "y": 129,
            "color": [
              255,
              0,
              0
            ],
            "intervention_active": false
          },
          {
            "entity_id": "left_2",
            "x": 229,
            "y": 141,
            "color": [
              255,
              0,
              0
            ],
            "intervention_active": false
          },
          {
            "entity_id": "left_3",
            "x": 111,
            "y": 88,
            "color": [
              255,
              0,
              0
            ],
            "intervention_active": false
          },
          {
            "entity_id": "right_1",
            "x": 263,
            "y": 181,
            "color": [
              0,
              0,
              255
            ],
            "intervention_active": false
          },
          {
            "entity_id": "right_2",
            "x": 69,
            "y": 103,
            "color": [
              0,
              0,
              255
            ],
            "intervention_active": false
          },
          {
            "entity_id": "right_3",
            "x": 380,
            "y": 191,
            "color": [
              0,
              0,
              255
            ],
            "intervention_active": false
          }
        ]
      },
      {
        "frame_index": 16,
        "objects": [
          {
            "entity_id": "left_1",
            "x": 149,
            "y": 133,
            "color": [
              255,
              0,
              0
            ],
            "intervention_active": false
          },
          {
            "entity_id": "left_2",
            "x": 229,
            "y": 137,
            "color": [
              255,
              0,
              0
            ],
            "intervention_active": false
          },
          {
            "entity_id": "left_3",
            "x": 111,
            "y": 92,
            "color": [
              255,
              0,
              0
            ],
            "intervention_active": false
          },
          {
            "entity_id": "right_1",
            "x": 263,
            "y": 177,
            "color": [
              0,
              0,
              255
            ],
            "intervention_active": false
          },
          {
            "entity_id": "right_2",
            "x": 69,
            "y": 107,
            "color": [
              0,
              0,
              255
            ],
            "intervention_active": false
          },
          {
            "entity_id": "right_3",
            "x": 380,
            "y": 187,
            "color": [
              0,
              0,
              255
            ],
            "intervention_active": false
          }
        ]
      },
      {
        "frame_index": 17,
        "objects": [
          {
            "entity_id": "left_1",
            "x": 149,
            "y": 137,
            "color": [
              255,
              0,
              0
            ],
            "intervention_active": false
          },
          {
            "entity_id": "left_2",
            "x": 229,
            "y": 133,
            "color": [
              255,
              0,
              0
            ],
            "intervention_active": false
          },
          {
            "entity_id": "left_3",
            "x": 111,
            "y": 96,
            "color": [
              255,
              0,
              0
            ],
            "intervention_active": false
          },
          {
            "entity_id": "right_1",
            "x": 263,
            "y": 173,
            "color": [
              0,
              0,
              255
            ],
            "intervention_active": false
          },
          {
            "entity_id": "right_2",
            "x": 69,
            "y": 111,
            "color": [
              0,
              0,
              255
            ],
            "intervention_active": false
          },
          {
            "entity_id": "right_3",
            "x": 380,
            "y": 183,
            "color": [
              0,
              0,
              255
            ],
            "intervention_active": false
          }
        ]
      },
      {
        "frame_index": 18,
        "objects": [
          {
            "entity_id": "left_1",
            "x": 149,
            "y": 141,
            "color": [
              255,
              0,
              0
            ],
            "intervention_active": false
          },
          {
            "entity_id": "left_2",
            "x": 229,
            "y": 129,
            "color": [
              255,
              0,
              0
            ],
            "intervention_active": false
          },
          {
            "entity_id": "left_3",
            "x": 111,
            "y": 100,
            "color": [
              255,
              0,
              0
            ],
            "intervention_active": false
          },
          {
            "entity_id": "right_1",
            "x": 263,
            "y": 169,
            "color": [
              0,
              0,
              255
            ],
            "intervention_active": false
          },
          {
            "entity_id": "right_2",
            "x": 69,
            "y": 115,
            "color": [
              0,
              0,
              255
            ],
            "intervention_active": false
          },
          {
            "entity_id": "right_3",
            "x": 380,
            "y": 179,
            "color": [
              0,
              0,
              255
            ],
            "intervention_active": false
          }
        ]
      },
      {
        "frame_index": 19,
        "objects": [
          {
            "entity_id": "left_1",
            "x": 149,
            "y": 145,
            "color": [
              255,
              0,
              0
            ],
            "intervention_active": false
          },
          {
            "entity_id": "left_2",
            "x": 229,
            "y": 125,
            "color": [
              255,
              0,
              0
            ],
            "intervention_active": false
          },
          {
            "entity_id": "left_3",
            "x": 111,
            "y": 104,
            "color": [
              255,
              0,
              0
            ],
            "intervention_active": false
          },
          {
            "entity_id": "right_1",
            "x": 263,
            "y": 165,
            "color": [
              0,
              0,
              255
            ],
            "intervention_active": false
          },
          {
            "entity_id": "right_2",
            "x": 69,
            "y": 119,
            "color": [
              0,
              0,
              255
            ],
            "intervention_active": false
          },
          {
            "entity_id": "right_3",
            "x": 380,
            "y": 175,
            "color": [
              0,
              0,
              255
            ],
            "intervention_active": false
          }
        ]
      },
      {
        "frame_index": 20,
        "objects": [
          {
            "entity_id": "left_1",
            "x": 149,
            "y": 149,
            "color": [
              255,
              0,
              0
            ],
            "intervention_active": false
          },
          {
            "entity_id": "left_2",
            "x": 229,
            "y": 121,
            "color": [
              255,
              0,
              0
            ],
            "intervention_active": false
          },
          {
            "entity_id": "left_3",
            "x": 111,
            "y": 108,
            "color": [
              255,
              0,
              0
            ],
            "intervention_active": false
          },
          {
            "entity_id": "right_1",
            "x": 263,
            "y": 161,
            "color": [
              0,
              0,
              255
            ],
            "intervention_active": false
          },
          {
            "entity_id": "right_2",
            "x": 69,
            "y": 123,
            "color": [
              0,
              0,
              255
            ],
            "intervention_active": false
          },
          {
            "entity_id": "right_3",
            "x": 380,
            "y": 171,
            "color": [
              0,
              0,
              255
            ],
            "intervention_active": false
          }
        ]
      },
      {
        "frame_index": 21,
        "objects": [
          {
            "entity_id": "left_1",
            "x": 149,
            "y": 153,
            "color": [
              255,
              0,
              0
            ],
            "intervention_active": false
          },
          {
            "entity_id": "left_2",
            "x": 229,
            "y": 117,
            "color": [
              255,
              0,
              0
            ],
            "intervention_active": false
          },
          {
            "entity_id": "left_3",
            "x": 111,
            "y": 112,
            "color": [
              255,
              0,
              0
            ],
            "intervention_active": false
          },
          {
            "entity_id": "right_1",
            "x": 263,
            "y": 157,
            "color": [
              0,
              0,
              255
            ],
            "intervention_active": false
          },
          {
            "entity_id": "right_2",
            "x": 69,
            "y": 127,
            "color": [
              0,
              0,
              255
            ],
            "intervention_active": false
          },
          {
            "entity_id": "right_3",
            "x": 380,
            "y": 167,
            "color": [
              0,
              0,
              255
            ],
            "intervention_active": false
          }
        ]
      },
      {
        "frame_index": 22,
        "objects": [
          {
            "entity_id": "left_1",
            "x": 149,
            "y": 157,
            "color": [
              255,
              0,
              0
            ],
            "intervention_active": false
          },
          {
            "entity_id": "left_2",
            "x": 229,
            "y": 113,
            "color": [
              255,
              0,
              0
            ],
            "intervention_active": false
          },
          {
            "entity_id": "left_3",
            "x": 111,
            "y": 116,
            "color": [
              255,
              0,
              0
            ],
            "intervention_active": false
          },
          {
            "entity_id": "right_1",
            "x": 263,
            "y": 153,
            "color": [
              0,
              0,
              255
            ],
            "intervention_active": false
          },
          {
            "entity_id": "right_2",
            "x": 69,
            "y": 131,
            "color": [
              0,
              0,
              255
            ],
            "intervention_active": false
          },
          {
            "entity_id": "right_3",
            "x": 380,
            "y": 163,
            "color": [
              0,
              0,
              255
            ],
            "intervention_active": false
          }
        ]
      },
      {
        "frame_index": 23,
        "objects": [
          {
            "entity_id": "left_1",
            "x": 149,
            "y": 161,
            "color": [
              255,
              0,
              0
            ],
            "intervention_active": false
          },
          {
            "entity_id": "left_2",
            "x": 229,
            "y": 109,
            "color": [
              255,
              0,
              0
            ],
            "intervention_active": false
          },
          {
            "entity_id": "left_3",
            "x": 111,
            "y": 120,
            "color": [
              255,
              0,
              0
            ],
            "intervention_active": false
          },
          {
            "entity_id": "right_1",
            "x": 263,
            "y": 149,
            "color": [
              0,
              0,
              255
            ],
            "intervention_active": false
          },
          {
            "entity_id": "right_2",
            "x": 69,
            "y": 135,
            "color": [
              0,
              0,
              255
            ],
            "intervention_active": false
          },
          {
            "entity_id": "right_3",
            "x": 380,
            "y": 159,
            "color": [
              0,
              0,
              255
            ],
            "intervention_active": false
          }
        ]
      },
      {
        "frame_index": 24,
        "objects": [
          {
            "entity_id": "left_1",
            "x": 149,
            "y": 165,
            "color": [
              255,
              0,
              0
            ],
            "intervention_active": false
          },
          {
            "entity_id": "left_2",
            "x": 229,
            "y": 105,
            "color": [
              255,
              0,
              0
            ],
            "intervention_active": false
          },
          {
            "entity_id": "left_3",
            "x": 111,
            "y": 124,
            "color": [
              255,
              0,
              0
            ],
            "intervention_active": false
          },
          {
            "entity_id": "right_1",
            "x": 263,
            "y": 145,
            "color": [
              0,
              0,
              255
            ],
            "intervention_active": false
          },
          {
            "entity_id": "right_2",
            "x": 69,
            "y": 139,
            "color": [
              0,
              0,
              255
            ],
            "intervention_active": false
          },
          {
            "entity_id": "right_3",
            "x": 380,
            "y": 155,
            "color": [
              0,
              0,
              255
            ],
            "intervention_active": false
          }
        ]
      },
      {
        "frame_index": 25,
        "objects": [
          {
            "entity_id": "left_1",
            "x": 149,
            "y": 169,
            "color": [
              255,
              0,
              0
            ],
            "intervention_active": false
          },
          {
            "entity_id": "left_2",
            "x": 229,
            "y": 101,
            "color": [
              255,
              0,
              0
            ],
            "intervention_active": false
          },
          {
            "entity_id": "left_3",
            "x": 111,
            "y": 128,
            "color": [
              255,
              0,
              0
            ],
            "intervention_active": false
          },
          {
            "entity_id": "right_1",
            "x": 263,
            "y": 141,
            "color": [
              0,
              0,
              255
            ],
            "intervention_active": false
          },
          {
            "entity_id": "right_2",
            "x": 69,
            "y": 143,
            "color": [
              0,
              0,
              255
            ],
            "intervention_active": false
          },
          {
            "entity_id": "right_3",
            "x": 380,
            "y": 151,
            "color": [
              0,
              0,
              255
            ],
            "intervention_active": false
          }
        ]
      },
      {
        "frame_index": 26,
        "objects": [
          {
            "entity_id": "left_1",
            "x": 149,
            "y": 173,
            "color": [
              255,
              0,
              0
            ],
            "intervention_active": false
          },
          {
            "entity_id": "left_2",
            "x": 229,
            "y": 97,
            "color": [
              255,
              0,
              0
            ],
            "intervention_active": false
          },
          {
            "entity_id": "left_3",
            "x": 111,
            "y": 132,
            "color": [
              255,
              0,
              0
            ],
            "intervention_active": false
          },
          {
            "entity_id": "right_1",
            "x": 263,
            "y": 137,
            "color": [
              0,
              0,
              255
            ],
            "intervention_active": false
          },
          {
            "entity_id": "right_2",
            "x": 69,
            "y": 147,
            "color": [
              0,
              0,
              255
            ],
            "intervention_active": false
          },
          {
            "entity_id": "right_3",
            "x": 380,
            "y": 147,
            "color": [
              0,
              0,
              255
            ],
            "intervention_active": false
          }
        ]
      },
      {
        "frame_index": 27,
        "objects": [
          {
            "entity_id": "left_1",
            "x": 149,
            "y": 177,
            "color": [
              255,
              0,
              0
            ],
            "intervention_active": false
          },
          {
            "entity_id": "left_2",
            "x": 229,
            "y": 93,
            "color": [
              255,
              0,
              0
            ],
            "intervention_active": false
          },
          {
            "entity_id": "left_3",
            "x": 111,
            "y": 136,
            "color": [
              255,
              0,
              0
            ],
            "intervention_active": false
          },
          {
            "entity_id": "right_1",
            "x": 263,
            "y": 133,
            "color": [
              0,
              0,
              255
            ],
            "intervention_active": false
          },
          {
            "entity_id": "right_2",
            "x": 69,
            "y": 151,
            "color": [
              0,
              0,
              255
            ],
            "intervention_active": false
          },
          {
            "entity_id": "right_3",
            "x": 380,
            "y": 143,
            "color": [
              0,
              0,
              255
            ],
            "intervention_active": false
          }
        ]
      },
      {
        "frame_index": 28,
        "objects": [
          {
            "entity_id": "left_1",
            "x": 149,
            "y": 181,
            "color": [
              255,
              0,
              0
            ],
            "intervention_active": false
          },
          {
            "entity_id": "left_2",
            "x": 229,
            "y": 89,
            "color": [
              255,
              0,
              0
            ],
            "intervention_active": false
          },
          {
            "entity_id": "left_3",
            "x": 111,
            "y": 140,
            "color": [
              255,
              0,
              0
            ],
            "intervention_active": false
          },
          {
            "entity_id": "right_1",
            "x": 263,
            "y": 129,
            "color": [
              0,
              0,
              255
            ],
            "intervention_active": false
          },
          {
            "entity_id": "right_2",
            "x": 69,
            "y": 155,
            "color": [
              0,
              0,
              255
            ],
            "intervention_active": false
          },
          {
            "entity_id": "right_3",
            "x": 380,
            "y": 139,
            "color": [
              0,
              0,
              255
            ],
            "intervention_active": false
          }
        ]
      },
      {
        "frame_index": 29,
        "objects": [
          {
            "entity_id": "left_1",
            "x": 149,
            "y": 185,
            "color": [
              255,
              0,
              0
            ],
            "intervention_active": false
          },
          {
            "entity_id": "left_2",
            "x": 229,
            "y": 85,
            "color": [
              255,
              0,
              0
            ],
            "intervention_active": false
          },
          {
            "entity_id": "left_3",
            "x": 111,
            "y": 144,
            "color": [
              255,
              0,
              0
            ],
            "intervention_active": false
          },
          {
            "entity_id": "right_1",
            "x": 263,
            "y": 125,
            "color": [
              0,
              0,
              255
            ],
            "intervention_active": false
          },
          {
            "entity_id": "right_2",
            "x": 69,
            "y": 159,
            "color": [
              0,
              0,
              255
            ],
            "intervention_active": false
          },
          {
            "entity_id": "right_3",
            "x": 380,
            "y": 135,
            "color": [
              0,
              0,
              255
            ],
            "intervention_active": false
          }
        ]
      },
      {
        "frame_index": 30,
        "objects": [
          {
            "entity_id": "left_1",
            "x": 149,
            "y": 189,
            "color": [
              255,
              0,
              0
            ],
            "intervention_active": false
          },
          {
            "entity_id": "left_2",
            "x": 229,
            "y": 81,
            "color": [
              255,
              0,
              0
            ],
            "intervention_active": false
          },
          {
            "entity_id": "left_3",
            "x": 111,
            "y": 148,
            "color": [
              255,
              0,
              0
            ],
            "intervention_active": false
          },
          {
            "entity_id": "right_1",
            "x": 263,
            "y": 121,
            "color": [
              0,
              0,
              255
            ],
            "intervention_active": false
          },
          {
            "entity_id": "right_2",
            "x": 69,
            "y": 163,
            "color": [
              0,
              0,
              255
            ],
            "intervention_active": false
          },
          {
            "entity_id": "right_3",
            "x": 380,
            "y": 131,
            "color": [
              0,
              0,
              255
            ],
            "intervention_active": false
          }
        ]
      },
      {
        "frame_index": 31,
        "objects": [
          {
            "entity_id": "left_1",
            "x": 149,
            "y": 193,
            "color": [
              255,
              0,
              0
            ],
            "intervention_active": false
          },
          {
            "entity_id": "left_2",
            "x": 229,
            "y": 77,
            "color": [
              255,
              0,
              0
            ],
            "intervention_active": false
          },
          {
            "entity_id": "left_3",
            "x": 111,
            "y": 152,
            "color": [
              255,
              0,
              0
            ],
            "intervention_active": false
          },
          {
            "entity_id": "right_1",
            "x": 263,
            "y": 117,
            "color": [
              0,
              0,
              255
            ],
            "intervention_active": false
          },
          {
            "entity_id": "right_2",
            "x": 69,
            "y": 167,
            "color": [
              0,
              0,
              255
            ],
            "intervention_active": false
          },
          {
            "entity_id": "right_3",
            "x": 380,
            "y": 127,
            "color": [
              0,
              0,
              255
            ],
            "intervention_active": false
          }
        ]
      },
      {
        "frame_index": 32,
        "objects": [
          {
            "entity_id": "left_1",
            "x": 149,
            "y": 197,
            "color": [
              255,
              0,
              0
            ],
            "intervention_active": false
          },
          {
            "entity_id": "left_2",
            "x": 229,
            "y": 73,
            "color": [
              255,
              0,
              0
            ],
            "intervention_active": false
          },
          {
            "entity_id": "left_3",
            "x": 111,
            "y": 156,
            "color": [
              255,
              0,
              0
            ],
            "intervention_active": false
          },
          {
            "entity_id": "right_1",
            "x": 263,
            "y": 113,
            "color": [
              0,
              0,
              255
            ],
            "intervention_active": false
          },
          {
            "entity_id": "right_2",
            "x": 69,
            "y": 171,
            "color": [
              0,
              0,
              255
            ],
            "intervention_active": false
          },
          {
            "entity_id": "right_3",
            "x": 380,
            "y": 123,
            "color": [
              0,
              0,
              255
            ],
            "intervention_active": false
          }
        ]
      },
      {
        "frame_index": 33,
        "objects": [
          {
            "entity_id": "left_1",
            "x": 149,
            "y": 201,
            "color": [
              255,
              0,
              0
            ],
            "intervention_active": false
          },
          {
            "entity_id": "left_2",
            "x": 229,
            "y": 69,
            "color": [
              255,
              0,
              0
            ],
            "intervention_active": false
          },
          {
            "entity_id": "left_3",
            "x": 111,
            "y": 160,
            "color": [
              255,
              0,
              0
            ],
            "intervention_active": false
          },
          {
            "entity_id": "right_1",
            "x": 263,
            "y": 109,
            "color": [
              0,
              0,
              255
            ],
            "intervention_active": false
          },
          {
            "entity_id": "right_2",
            "x": 69,
            "y": 175,
            "color": [
              0,
              0,
              255
            ],
            "intervention_active": false
          },
          {
            "entity_id": "right_3",
            "x": 380,
            "y": 119,
            "color": [
              0,
              0,
              255
            ],
            "intervention_active": false
          }
        ]
      },
      {
        "frame_index": 34,
        "objects": [
          {
            "entity_id": "left_1",
            "x": 149,
            "y": 205,
            "color": [
              255,
              0,
              0
            ],
            "intervention_active": false
          },
          {
            "entity_id": "left_2",
            "x": 229,
            "y": 65,
            "color": [
              255,
              0,
              0
            ],
            "intervention_active": false
          },
          {
            "entity_id": "left_3",
            "x": 111,
            "y": 164,
            "color": [
              255,
              0,
              0
            ],
            "intervention_active": false
          },
          {
            "entity_id": "right_1",
            "x": 263,
            "y": 105,
            "color": [
              0,
              0,
              255
            ],
            "intervention_active": false
          },
          {
            "entity_id": "right_2",
            "x": 69,
            "y": 179,
            "color": [
              0,
              0,
              255
            ],
            "intervention_active": false
          },
          {
            "entity_id": "right_3",
            "x": 380,
            "y": 115,
            "color": [
              0,
              0,
              255
            ],
            "intervention_active": false
          }
        ]
      },
      {
        "frame_index": 35,
        "objects": [
          {
            "entity_id": "left_1",
            "x": 149,
            "y": 209,
            "color": [
              255,
              0,
              0
            ],
            "intervention_active": false
          },
          {
            "entity_id": "left_2",
            "x": 229,
            "y": 61,
            "color": [
              255,
              0,
              0
            ],
            "intervention_active": false
          },
          {
            "entity_id": "left_3",
            "x": 111,
            "y": 168,
            "color": [
              255,
              0,
              0
            ],
            "intervention_active": false
          },
          {
            "entity_id": "right_1",
            "x": 263,
            "y": 101,
            "color": [
              0,
              0,
              255
            ],
            "intervention_active": false
          },
          {
            "entity_id": "right_2",
            "x": 69,
            "y": 183,
            "color": [
              0,
              0,
              255
            ],
            "intervention_active": false
          },
          {
            "entity_id": "right_3",
            "x": 380,
            "y": 111,
            "color": [
              0,
              0,
              255
            ],
            "intervention_active": false
          }
        ]
      },
      {
        "frame_index": 36,
        "objects": [
          {
            "entity_id": "left_1",
            "x": 149,
            "y": 213,
            "color": [
              255,
              0,
              0
            ],
            "intervention_active": false
          },
          {
            "entity_id": "left_2",
            "x": 229,
            "y": 57,
            "color": [
              255,
              0,
              0
            ],
            "intervention_active": false
          },
          {
            "entity_id": "left_3",
            "x": 111,
            "y": 172,
            "color": [
              255,
              0,
              0
            ],
            "intervention_active": false
          },
          {
            "entity_id": "right_1",
            "x": 263,
            "y": 97,
            "color": [
              0,
              0,
              255
            ],
            "intervention_active": false
          },
          {
            "entity_id": "right_2",
            "x": 69,
            "y": 187,
            "color": [
              0,
              0,
              255
            ],
            "intervention_active": false
          },
          {
            "entity_id": "right_3",
            "x": 380,
            "y": 107,
            "color": [
              0,
              0,
              255
            ],
            "intervention_active": false
          }
        ]
      },
      {
        "frame_index": 37,
        "objects": [
          {
            "entity_id": "left_1",
            "x": 149,
            "y": 217,
            "color": [
              255,
              0,
              0
            ],
            "intervention_active": false
          },
          {
            "entity_id": "left_2",
            "x": 229,
            "y": 53,
            "color": [
              255,
              0,
              0
            ],
            "intervention_active": false
          },
          {
            "entity_id": "left_3",
            "x": 111,
            "y": 176,
            "color": [
              255,
              0,
              0
            ],
            "intervention_active": false
          },
          {
            "entity_id": "right_1",
            "x": 263,
            "y": 93,
            "color": [
              0,
              0,
              255
            ],
            "intervention_active": false
          },
          {
            "entity_id": "right_2",
            "x": 69,
            "y": 191,
            "color": [
              0,
              0,
              255
            ],
            "intervention_active": false
          },
          {
            "entity_id": "right_3",
            "x": 380,
            "y": 103,
            "color": [
              0,
              0,
              255
            ],
            "intervention_active": false
          }
        ]
      },
      {
        "frame_index": 38,
        "objects": [
          {
            "entity_id": "left_1",
            "x": 149,
            "y": 221,
            "color": [
              255,
              0,
              0
            ],
            "intervention_active": false
          },
          {
            "entity_id": "left_2",
            "x": 229,
            "y": 49,
            "color": [
              255,
              0,
              0
            ],
            "intervention_active": false
          },
          {
            "entity_id": "left_3",
            "x": 111,
            "y": 180,
            "color": [
              255,
              0,
              0
            ],
            "intervention_active": false
          },
          {
            "entity_id": "right_1",
            "x": 263,
            "y": 89,
            "color": [
              0,
              0,
              255
            ],
            "intervention_active": false
          },
          {
            "entity_id": "right_2",
            "x": 69,
            "y": 195,
            "color": [
              0,
              0,
              255
            ],
            "intervention_active": false
          },
          {
            "entity_id": "right_3",
            "x": 380,
            "y": 99,
            "color": [
              0,
              0,
              255
            ],
            "intervention_active": false
          }
        ]
      },
      {
        "frame_index": 39,
        "objects": [
          {
            "entity_id": "left_1",
            "x": 149,
            "y": 225,
            "color": [
              255,
              0,
              0
            ],
            "intervention_active": false
          },
          {
            "entity_id": "left_2",
            "x": 229,
            "y": 45,
            "color": [
              255,
              0,
              0
            ],
            "intervention_active": false
          },
          {
            "entity_id": "left_3",
            "x": 111,
            "y": 184,
            "color": [
              255,
              0,
              0
            ],
            "intervention_active": false
          },
          {
            "entity_id": "right_1",
            "x": 263,
            "y": 85,
            "color": [
              0,
              0,
              255
            ],
            "intervention_active": false
          },
          {
            "entity_id": "right_2",
            "x": 69,
            "y": 199,
            "color": [
              0,
              0,
              255
            ],
            "intervention_active": false
          },
          {
            "entity_id": "right_3",
            "x": 380,
            "y": 95,
            "color": [
              0,
              0,
              255
            ],
            "intervention_active": false
          }
        ]
      },
      {
        "frame_index": 40,
        "objects": [
          {
            "entity_id": "left_1",
            "x": 149,
            "y": 229,
            "color": [
              255,
              0,
              0
            ],
            "intervention_active": false
          },
          {
            "entity_id": "left_2",
            "x": 229,
            "y": 41,
            "color": [
              255,
              0,
              0
            ],
            "intervention_active": false
          },
          {
            "entity_id": "left_3",
            "x": 111,
            "y": 188,
            "color": [
              255,
              0,
              0
            ],
            "intervention_active": false
          },
          {
            "entity_id": "right_1",
            "x": 263,
            "y": 81,
            "color": [
              0,
              0,
              255
            ],
            "intervention_active": false
          },
          {
            "entity_id": "right_2",
            "x": 69,
            "y": 203,
            "color": [
              0,
              0,
              255
            ],
            "intervention_active": false
          },
          {
            "entity_id": "right_3",
            "x": 380,
            "y": 91,
            "color": [
              0,
              0,
              255
            ],
            "intervention_active": false
          }
        ]
      },
      {
        "frame_index": 41,
        "objects": [
          {
            "entity_id": "left_1",
            "x": 149,
            "y": 233,
            "color": [
              255,
              0,
              0
            ],
            "intervention_active": false
          },
          {
            "entity_id": "left_2",
            "x": 229,
            "y": 37,
            "color": [
              255,
              0,
              0
            ],
            "intervention_active": false
          },
          {
            "entity_id": "left_3",
            "x": 111,
            "y": 192,
            "color": [
              255,
              0,
              0
            ],
            "intervention_active": false
          },
          {
            "entity_id": "right_1",
            "x": 263,
            "y": 77,
            "color": [
              0,
              0,
              255
            ],
            "intervention_active": false
          },
          {
            "entity_id": "right_2",
            "x": 69,
            "y": 207,
            "color": [
              0,
              0,
              255
            ],
            "intervention_active": false
          },
          {
            "entity_id": "right_3",
            "x": 380,
            "y": 87,
            "color": [
              0,
              0,
              255
            ],
            "intervention_active": false
          }
        ]
      },
      {
        "frame_index": 42,
        "objects": [
          {
            "entity_id": "left_1",
            "x": 149,
            "y": 237,
            "color": [
              255,
              0,
              0
            ],
            "intervention_active": false
          },
          {
            "entity_id": "left_2",
            "x": 229,
            "y": 33,
            "color": [
              255,
              0,
              0
            ],
            "intervention_active": false
          },
          {
            "entity_id": "left_3",
            "x": 111,
            "y": 196,
            "color": [
              255,
              0,
              0
            ],
            "intervention_active": false
          },
          {
            "entity_id": "right_1",
            "x": 263,
            "y": 73,
            "color": [
              0,
              0,
              255
            ],
            "intervention_active": false
          },
          {
            "entity_id": "right_2",
            "x": 69,
            "y": 211,
            "color": [
              0,
              0,
              255
            ],
            "intervention_active": false
          },
          {
            "entity_id": "right_3",
            "x": 380,
            "y": 83,
            "color": [
              0,
              0,
              255
            ],
            "intervention_active": false
          }
        ]
      },
      {
        "frame_index": 43,
        "objects": [
          {
            "entity_id": "left_1",
            "x": 149,
            "y": 241,
            "color": [
              255,
              0,
              0
            ],
            "intervention_active": false
          },
          {
            "entity_id": "left_2",
            "x": 229,
            "y": 29,
            "color": [
              255,
              0,
              0
            ],
            "intervention_active": false
          },
          {
            "entity_id": "left_3",
            "x": 111,
            "y": 200,
            "color": [
              255,
              0,
              0
            ],
            "intervention_active": false
          },
          {
            "entity_id": "right_1",
            "x": 263,
            "y": 69,
            "color": [
              0,
              0,
              255
            ],
            "intervention_active": false
          },
          {
            "entity_id": "right_2",
            "x": 69,
            "y": 215,
            "color": [
              0,
              0,
              255
            ],
            "intervention_active": false
          },
          {
            "entity_id": "right_3",
            "x": 380,
            "y": 79,
            "color": [
              0,
              0,
              255
            ],
            "intervention_active": false
          }
        ]
      },
      {
        "frame_index": 44,
        "objects": [
          {
            "entity_id": "left_1",
            "x": 149,
            "y": 245,
            "color": [
              255,
              0,
              0
            ],
            "intervention_active": false
          },
          {
            "entity_id": "left_2",
            "x": 229,
            "y": 25,
            "color": [
              255,
              0,
              0
            ],
            "intervention_active": false
          },
          {
            "entity_id": "left_3",
            "x": 111,
            "y": 204,
            "color": [
              255,
              0,
              0
            ],
            "intervention_active": false
          },
          {
            "entity_id": "right_1",
            "x": 263,
            "y": 65,
            "color": [
              0,
              0,
              255
            ],
            "intervention_active": false
          },
          {
            "entity_id": "right_2",
            "x": 69,
            "y": 219,
            "color": [
              0,
              0,
              255
            ],
            "intervention_active": false
          },
          {
            "entity_id": "right_3",
            "x": 380,
            "y": 75,
            "color": [
              0,
              0,
              255
            ],
            "intervention_active": false
          }
        ]
      },
      {
        "frame_index": 45,
        "objects": [
          {
            "entity_id": "left_1",
            "x": 149,
            "y": 249,
            "color": [
              255,
              0,
              0
            ],
            "intervention_active": false
          },
          {
            "entity_id": "left_2",
            "x": 229,
            "y": 21,
            "color": [
              255,
              0,
              0
            ],
            "intervention_active": false
          },
          {
            "entity_id": "left_3",
            "x": 111,
            "y": 208,
            "color": [
              255,
              0,
              0
            ],
            "intervention_active": false
          },
          {
            "entity_id": "right_1",
            "x": 263,
            "y": 61,
            "color": [
              0,
              0,
              255
            ],
            "intervention_active": false
          },
          {
            "entity_id": "right_2",
            "x": 69,
            "y": 223,
            "color": [
              0,
              0,
              255
            ],
            "intervention_active": false
          },
          {
            "entity_id": "right_3",
            "x": 380,
            "y": 71,
            "color": [
              0,
              0,
              255
            ],
            "intervention_active": false
          }
        ]
      },
      {
        "frame_index": 46,
        "objects": [
          {
            "entity_id": "left_1",
            "x": 149,
            "y": 253,
            "color": [
              255,
              0,
              0
            ],
            "intervention_active": false
          },
          {
            "entity_id": "left_2",
            "x": 229,
            "y": 17,
            "color": [
              255,
              0,
              0
            ],
            "intervention_active": false
          },
          {
            "entity_id": "left_3",
            "x": 111,
            "y": 212,
            "color": [
              255,
              0,
              0
            ],
            "intervention_active": false
          },
          {
            "entity_id": "right_1",
            "x": 263,
            "y": 57,
            "color": [
              0,
              0,
              255
            ],
            "intervention_active": false
          },
          {
            "entity_id": "right_2",
            "x": 69,
            "y": 227,
            "color": [
              0,
              0,
              255
            ],
            "intervention_active": false
          },
          {
            "entity_id": "right_3",
            "x": 380,
            "y": 67,
            "color": [
              0,
              0,
              255
            ],
            "intervention_active": false
          }
        ]
      },
      {
        "frame_index": 47,
        "objects": [
          {
            "entity_id": "left_1",
            "x": 149,
            "y": 257,
            "color": [
              255,
              0,
              0
            ],
            "intervention_active": false
          },
          {
            "entity_id": "left_2",
            "x": 229,
            "y": 13,
            "color": [
              255,
              0,
              0
            ],
            "intervention_active": false
          },
          {
            "entity_id": "left_3",
            "x": 111,
            "y": 216,
            "color": [
              255,
              0,
              0
            ],
            "intervention_active": false
          },
          {
            "entity_id": "right_1",
            "x": 263,
            "y": 53,
            "color": [
              0,
              0,
              255
            ],
            "intervention_active": false
          },
          {
            "entity_id": "right_2",
            "x": 69,
            "y": 231,
            "color": [
              0,
              0,
              255
            ],
            "intervention_active": false
          },
          {
            "entity_id": "right_3",
            "x": 380,
            "y": 63,
            "color": [
              0,
              0,
              255
            ],
            "intervention_active": false
          }
        ]
      },
      {
        "frame_index": 48,
        "objects": [
          {
            "entity_id": "left_1",
            "x": 149,
            "y": 261,
            "color": [
              255,
              0,
              0
            ],
            "intervention_active": false
          },
          {
            "entity_id": "left_2",
            "x": 229,
            "y": 9,
            "color": [
              255,
              0,
              0
            ],
            "intervention_active": false
          },
          {
            "entity_id": "left_3",
            "x": 111,
            "y": 220,
            "color": [
              255,
              0,
              0
            ],
            "intervention_active": false
          },
          {
            "entity_id": "right_1",
            "x": 263,
            "y": 49,
            "color": [
              0,
              0,
              255
            ],
            "intervention_active": false
          },
          {
            "entity_id": "right_2",
            "x": 69,
            "y": 235,
            "color": [
              0,
              0,
              255
            ],
            "intervention_active": false
          },
          {
            "entity_id": "right_3",
            "x": 380,
            "y": 59,
            "color": [
              0,
              0,
              255
            ],
            "intervention_active": false
          }
        ]
      },
      {
        "frame_index": 49,
        "objects": [
          {
            "entity_id": "left_1",
            "x": 149,
            "y": 265,
            "color": [
              255,
              0,
              0
            ],
            "intervention_active": false
          },
          {
            "entity_id": "left_2",
            "x": 229,
            "y": 5,
            "color": [
              255,
              0,
              0
            ],
            "intervention_active": false
          },
          {
            "entity_id": "left_3",
            "x": 111,
            "y": 224,
            "color": [
              255,
              0,
              0
            ],
            "intervention_active": false
          },
          {
            "entity_id": "right_1",
            "x": 263,
            "y": 45,
            "color": [
              0,
              0,
              255
            ],
            "intervention_active": false
          },
          {
            "entity_id": "right_2",
            "x": 69,
            "y": 239,
            "color": [
              0,
              0,
              255
            ],
            "intervention_active": false
          },
          {
            "entity_id": "right_3",
            "x": 380,
            "y": 55,
            "color": [
              0,
              0,
              255
            ],
            "intervention_active": false
          }
        ]
      },
      {
        "frame_index": 50,
        "objects": [
          {
            "entity_id": "left_1",
            "x": 149,
            "y": 269,
            "color": [
              255,
              0,
              0
            ],
            "intervention_active": false
          },
          {
            "entity_id": "left_2",
            "x": 229,
            "y": 1,
            "color": [
              255,
              0,
              0
            ],
            "intervention_active": false
          },
          {
            "entity_id": "left_3",
            "x": 111,
            "y": 228,
            "color": [
              255,
              0,
              0
            ],
            "intervention_active": false
          },
          {
            "entity_id": "right_1",
            "x": 263,
            "y": 41,
            "color": [
              0,
              0,
              255
            ],
            "intervention_active": false
          },
          {
            "entity_id": "right_2",
            "x": 69,
            "y": 243,
            "color": [
              0,
              0,
              255
            ],
            "intervention_active": false
          },
          {
            "entity_id": "right_3",
            "x": 380,
            "y": 51,
            "color": [
              0,
              0,
              255
            ],
            "intervention_active": false
          }
        ]
      },
      {
        "frame_index": 51,
        "objects": [
          {
            "entity_id": "left_1",
            "x": 149,
            "y": 273,
            "color": [
              255,
              0,
              0
            ],
            "intervention_active": false
          },
          {
            "entity_id": "left_2",
            "x": 229,
            "y": -3,
            "color": [
              255,
              0,
              0
            ],
            "intervention_active": false
          },
          {
            "entity_id": "left_3",
            "x": 111,
            "y": 232,
            "color": [
              255,
              0,
              0
            ],
            "intervention_active": false
          },
          {
            "entity_id": "right_1",
            "x": 263,
            "y": 37,
            "color": [
              0,
              0,
              255
            ],
            "intervention_active": false
          },
          {
            "entity_id": "right_2",
            "x": 69,
            "y": 247,
            "color": [
              0,
              0,
              255
            ],
            "intervention_active": false
          },
          {
            "entity_id": "right_3",
            "x": 380,
            "y": 47,
            "color": [
              0,
              0,
              255
            ],
            "intervention_active": false
          }
        ]
      },
      {
        "frame_index": 52,
        "objects": [
          {
            "entity_id": "left_1",
            "x": 149,
            "y": 277,
            "color": [
              255,
              0,
              0
            ],
            "intervention_active": false
          },
          {
            "entity_id": "left_2",
            "x": 229,
            "y": -7,
            "color": [
              255,
              0,
              0
            ],
            "intervention_active": false
          },
          {
            "entity_id": "left_3",
            "x": 111,
            "y": 236,
            "color": [
              255,
              0,
              0
            ],
            "intervention_active": false
          },
          {
            "entity_id": "right_1",
            "x": 263,
            "y": 33,
            "color": [
              0,
              0,
              255
            ],
            "intervention_active": false
          },
          {
            "entity_id": "right_2",
            "x": 69,
            "y": 251,
            "color": [
              0,
              0,
              255
            ],
            "intervention_active": false
          },
          {
            "entity_id": "right_3",
            "x": 380,
            "y": 43,
            "color": [
              0,
              0,
              255
            ],
            "intervention_active": false
          }
        ]
      },
      {
        "frame_index": 53,
        "objects": [
          {
            "entity_id": "left_1",
            "x": 149,
            "y": 281,
            "color": [
              255,
              0,
              0
            ],
            "intervention_active": false
          },
          {
            "entity_id": "left_2",
            "x": 229,
            "y": -11,
            "color": [
              255,
              0,
              0
            ],
            "intervention_active": false
          },
          {
            "entity_id": "left_3",
            "x": 111,
            "y": 240,
            "color": [
              255,
              0,
              0
            ],
            "intervention_active": false
          },
          {
            "entity_id": "right_1",
            "x": 263,
            "y": 29,
            "color": [
              0,
              0,
              255
            ],
            "intervention_active": false
          },
          {
            "entity_id": "right_2",
            "x": 69,
            "y": 255,
            "color": [
              0,
              0,
              255
            ],
            "intervention_active": false
          },
          {
            "entity_id": "right_3",
            "x": 380,
            "y": 39,
            "color": [
              0,
              0,
              255
            ],
            "intervention_active": false
          }
        ]
      },
      {
        "frame_index": 54,
        "objects": [
          {
            "entity_id": "left_1",
            "x": 149,
            "y": 285,
            "color": [
              255,
              0,
              0
            ],
            "intervention_active": false
          },
          {
            "entity_id": "left_2",
            "x": 229,
            "y": -15,
            "color": [
              255,
              0,
              0
            ],
            "intervention_active": false
          },
          {
            "entity_id": "left_3",
            "x": 111,
            "y": 244,
            "color": [
              255,
              0,
              0
            ],
            "intervention_active": false
          },
          {
            "entity_id": "right_1",
            "x": 263,
            "y": 25,
            "color": [
              0,
              0,
              255
            ],
            "intervention_active": false
          },
          {
            "entity_id": "right_2",
            "x": 69,
            "y": 259,
            "color": [
              0,
              0,
              255
            ],
            "intervention_active": false
          },
          {
            "entity_id": "right_3",
            "x": 380,
            "y": 35,
            "color": [
              0,
              0,
              255
            ],
            "intervention_active": false
          }
        ]
      },
      {
        "frame_index": 55,
        "objects": [
          {
            "entity_id": "left_1",
            "x": 149,
            "y": 289,
            "color": [
              255,
              0,
              0
            ],
            "intervention_active": false
          },
          {
            "entity_id": "left_2",
            "x": 305,
            "y": 315,
            "color": [
              255,
              0,
              0
            ],
            "intervention_active": false
          },
          {
            "entity_id": "left_3",
            "x": 111,
            "y": 248,
            "color": [
              255,
              0,
              0
            ],
            "intervention_active": false
          },
          {
            "entity_id": "right_1",
            "x": 263,
            "y": 21,
            "color": [
              0,
              0,
              255
            ],
            "intervention_active": false
          },
          {
            "entity_id": "right_2",
            "x": 69,
            "y": 263,
            "color": [
              0,
              0,
              255
            ],
            "intervention_active": false
          },
          {
            "entity_id": "right_3",
            "x": 380,
            "y": 31,
            "color": [
              0,
              0,
              255
            ],
            "intervention_active": false
          }
        ]
      },
      {
        "frame_index": 56,
        "objects": [
          {
            "entity_id": "left_1",
            "x": 149,
            "y": 293,
            "color": [
              255,
              0,
              0
            ],
            "intervention_active": false
          },
          {
            "entity_id": "left_2",
            "x": 305,
            "y": 311,
            "color": [
              255,
              0,
              0
            ],
            "intervention_active": false
          },
          {
            "entity_id": "left_3",
            "x": 111,
            "y": 252,
            "color": [
              255,
              0,
              0
            ],
            "intervention_active": false
          },
          {
            "entity_id": "right_1",
            "x": 263,
            "y": 17,
            "color": [
              0,
              0,
              255
            ],
            "intervention_active": false
          },
          {
            "entity_id": "right_2",
            "x": 69,
            "y": 267,
            "color": [
              0,
              0,
              255
            ],
            "intervention_active": false
          },
          {
            "entity_id": "right_3",
            "x": 380,
            "y": 27,
            "color": [
              0,
              0,
              255
            ],
            "intervention_active": false
          }
        ]
      },
      {
        "frame_index": 57,
        "objects": [
          {
            "entity_id": "left_1",
            "x": 149,
            "y": 297,
            "color": [
              255,
              0,
              0
            ],
            "intervention_active": false
          },
          {
            "entity_id": "left_2",
            "x": 305,
            "y": 307,
            "color": [
              255,
              0,
              0
            ],
            "intervention_active": false
          },
          {
            "entity_id": "left_3",
            "x": 111,
            "y": 256,
            "color": [
              255,
              0,
              0
            ],
            "intervention_active": false
          },
          {
            "entity_id": "right_1",
            "x": 263,
            "y": 13,
            "color": [
              0,
              0,
              255
            ],
            "intervention_active": false
          },
          {
            "entity_id": "right_2",
            "x": 69,
            "y": 271,
            "color": [
              0,
              0,
              255
            ],
            "intervention_active": false
          },
          {
            "entity_id": "right_3",
            "x": 380,
            "y": 23,
            "color": [
              0,
              0,
              255
            ],
            "intervention_active": false
          }
        ]
      },
      {
        "frame_index": 58,
        "objects": [
          {
            "entity_id": "left_1",
            "x": 149,
            "y": 301,
            "color": [
              255,
              0,
              0
            ],
            "intervention_active": false
          },
          {
            "entity_id": "left_2",
            "x": 305,
            "y": 303,
            "color": [
              255,
              0,
              0
            ],
            "intervention_active": false
          },
          {
            "entity_id": "left_3",
            "x": 111,
            "y": 260,
            "color": [
              255,
              0,
              0
            ],
            "intervention_active": false
          },
          {
            "entity_id": "right_1",
            "x": 263,
            "y": 9,
            "color": [
              0,
              0,
              255
            ],
            "intervention_active": false
          },
          {
            "entity_id": "right_2",
            "x": 69,
            "y": 275,
            "color": [
              0,
              0,
              255
            ],
            "intervention_active": false
          },
          {
            "entity_id": "right_3",
            "x": 380,
            "y": 19,
            "color": [
              0,
              0,
              255
            ],
            "intervention_active": false
          }
        ]
      },
      {
        "frame_index": 59,
        "objects": [
          {
            "entity_id": "left_1",
            "x": 149,
            "y": 305,
            "color": [
              255,
              0,
              0
            ],
            "intervention_active": false
          },
          {
            "entity_id": "left_2",
            "x": 305,
            "y": 299,
            "color": [
              255,
              0,
              0
            ],
            "intervention_active": false
          },
          {
            "entity_id": "left_3",
            "x": 111,
            "y": 264,
            "color": [
              255,
              0,
              0
            ],
            "intervention_active": false
          },
          {
            "entity_id": "right_1",
            "x": 263,
            "y": 5,
            "color": [
              0,
              0,
              255
            ],
            "intervention_active": false
          },
          {
            "entity_id": "right_2",
            "x": 69,
            "y": 279,
            "color": [
              0,
              0,
              255
            ],
            "intervention_active": false
          },
          {
            "entity_id": "right_3",
            "x": 380,
            "y": 15,
            "color": [
              0,
              0,
              255
            ],
            "intervention_active": false
          }
        ]
      }
    ]
  }
}