{
  "sample_id": "observation_000004_718230",
  "sample_type": "observation",
  "scenario": "sparse",
  "params": {
    "width": 224,
    "height": 224,
    "left_objects": 3,
    "right_objects": 3,
    "velocity": 1.912816831745653,
    "object_radius": 9
  },
  "generation_info": {
    "timestamp": "2025-11-07T17:35:58.295110",
    "seed": 964302,
    "generator_version": "1.0"
  },
  "video_stats": {
    "num_frames": 60,
    "frame_size": [
      224,
      224,
      3
    ],
    "duration_seconds": 6.0
  },
  "quality_analysis": {
    "quality": "good",
    "movement_score": 6.0,
    "avg_objects": 6.0,
    "issues": []
  },
  "physics_simulation": {
    "num_frames": 60,
    "fps": 10,
    "resolution": [
      224,
      224
    ],
    "left_objects": 3,
    "right_objects": 3,
    "object_radius": 9,
    "velocity": 1.912816831745653,
    "frames": [
      {
        "frame_idx": 0,
        "left_objects": 3,
        "right_objects": 3,
        "total_objects": 6,
        "objects": [
          {
            "x": 46,
            "y": 62.91281683174565,
            "side": "left",
            "color": [
              149,
              133,
              200
            ]
          },
          {
            "x": 31,
            "y": 42.91281683174565,
            "side": "left",
            "color": [
              216,
              125,
              190
            ]
          },
          {
            "x": 19,
            "y": 20.91281683174565,
            "side": "left",
            "color": [
              110,
              198,
              201
            ]
          },
          {
            "x": 172,
            "y": 157.08718316825434,
            "side": "right",
            "color": [
              103,
              158,
              160
            ]
          },
          {
            "x": 144,
            "y": 152.08718316825434,
            "side": "right",
            "color": [
              206,
              224,
              131
            ]
          },
          {
            "x": 178,
            "y": 183.08718316825434,
            "side": "right",
            "color": [
              142,
              176,
              212
            ]
          }
        ]
      },
      {
        "frame_idx": 1,
        "left_objects": 3,
        "right_objects": 3,
        "total_objects": 6,
        "objects": [
          {
            "x": 46,
            "y": 64.8256336634913,
            "side": "left",
            "color": [
              149,
              133,
              200
            ]
          },
          {
            "x": 31,
            "y": 44.8256336634913,
            "side": "left",
            "color": [
              216,
              125,
              190
            ]
          },
          {
            "x": 19,
            "y": 22.825633663491303,
            "side": "left",
            "color": [
              110,
              198,
              201
            ]
          },
          {
            "x": 172,
            "y": 155.17436633650868,
            "side": "right",
            "color": [
              103,
              158,
              160
            ]
          },
          {
            "x": 144,
            "y": 150.17436633650868,
            "side": "right",
            "color": [
              206,
              224,
              131
            ]
          },
          {
            "x": 178,
            "y": 181.17436633650868,
            "side": "right",
            "color": [
              142,
              176,
              212
            ]
          }
        ]
      },
      {
        "frame_idx": 2,
        "left_objects": 3,
        "right_objects": 3,
        "total_objects": 6,
        "objects": [
          {
            "x": 46,
            "y": 66.73845049523696,
            "side": "left",
            "color": [
              149,
              133,
              200
            ]
          },
          {
            "x": 31,
            "y": 46.738450495236954,
            "side": "left",
            "color": [
              216,
              125,
              190
            ]
          },
          {
            "x": 19,
            "y": 24.738450495236954,
            "side": "left",
            "color": [
              110,
              198,
              201
            ]
          },
          {
            "x": 172,
            "y": 153.26154950476302,
            "side": "right",
            "color": [
              103,
              158,
              160
            ]
          },
          {
            "x": 144,
            "y": 148.26154950476302,
            "side": "right",
            "color": [
              206,
              224,
              131
            ]
          },
          {
            "x": 178,
            "y": 179.26154950476302,
            "side": "right",
            "color": [
              142,
              176,
              212
            ]
          }
        ]
      },
      {
        "frame_idx": 3,
        "left_objects": 3,
        "right_objects": 3,
        "total_objects": 6,
        "objects": [
          {
            "x": 46,
            "y": 68.65126732698262,
            "side": "left",
            "color": [
              149,
              133,
              200
            ]
          },
          {
            "x": 31,
            "y": 48.651267326982605,
            "side": "left",
            "color": [
              216,
              125,
              190
            ]
          },
          {
            "x": 19,
            "y": 26.651267326982605,
            "side": "left",
            "color": [
              110,
              198,
              201
            ]
          },
          {
            "x": 172,
            "y": 151.34873267301737,
            "side": "right",
            "color": [
              103,
              158,
              160
            ]
          },
          {
            "x": 144,
            "y": 146.34873267301737,
            "side": "right",
            "color": [
              206,
              224,
              131
            ]
          },
          {
            "x": 178,
            "y": 177.34873267301737,
            "side": "right",
            "color": [
              142,
              176,
              212
            ]
          }
        ]
      },
      {
        "frame_idx": 4,
        "left_objects": 3,
        "right_objects": 3,
        "total_objects": 6,
        "objects": [
          {
            "x": 46,
            "y": 70.56408415872828,
            "side": "left",
            "color": [
              149,
              133,
              200
            ]
          },
          {
            "x": 31,
            "y": 50.56408415872826,
            "side": "left",
            "color": [
              216,
              125,
              190
            ]
          },
          {
            "x": 19,
            "y": 28.564084158728257,
            "side": "left",
            "color": [
              110,
              198,
              201
            ]
          },
          {
            "x": 172,
            "y": 149.4359158412717,
            "side": "right",
            "color": [
              103,
              158,
              160
            ]
          },
          {
            "x": 144,
            "y": 144.4359158412717,
            "side": "right",
            "color": [
              206,
              224,
              131
            ]
          },
          {
            "x": 178,
            "y": 175.4359158412717,
            "side": "right",
            "color": [
              142,
              176,
              212
            ]
          }
        ]
      },
      {
        "frame_idx": 5,
        "left_objects": 3,
        "right_objects": 3,
        "total_objects": 6,
        "objects": [
          {
            "x": 46,
            "y": 72.47690099047394,
            "side": "left",
            "color": [
              149,
              133,
              200
            ]
          },
          {
            "x": 31,
            "y": 52.47690099047391,
            "side": "left",
            "color": [
              216,
              125,
              190
            ]
          },
          {
            "x": 19,
            "y": 30.476900990473908,
            "side": "left",
            "color": [
              110,
              198,
              201
            ]
          },
          {
            "x": 172,
            "y": 147.52309900952605,
            "side": "right",
            "color": [
              103,
              158,
              160
            ]
          },
          {
            "x": 144,
            "y": 142.52309900952605,
            "side": "right",
            "color": [
              206,
              224,
              131
            ]
          },
          {
            "x": 178,
            "y": 173.52309900952605,
            "side": "right",
            "color": [
              142,
              176,
              212
            ]
          }
        ]
      },
      {
        "frame_idx": 6,
        "left_objects": 3,
        "right_objects": 3,
        "total_objects": 6,
        "objects": [
          {
            "x": 46,
            "y": 74.3897178222196,
            "side": "left",
            "color": [
              149,
              133,
              200
            ]
          },
          {
            "x": 31,
            "y": 54.38971782221956,
            "side": "left",
            "color": [
              216,
              125,
              190
            ]
          },
          {
            "x": 19,
            "y": 32.38971782221956,
            "side": "left",
            "color": [
              110,
              198,
              201
            ]
          },
          {
            "x": 172,
            "y": 145.6102821777804,
            "side": "right",
            "color": [
              103,
              158,
              160
            ]
          },
          {
            "x": 144,
            "y": 140.6102821777804,
            "side": "right",
            "color": [
              206,
              224,
              131
            ]
          },
          {
            "x": 178,
            "y": 171.6102821777804,
            "side": "right",
            "color": [
              142,
              176,
              212
            ]
          }
        ]
      },
      {
        "frame_idx": 7,
        "left_objects": 3,
        "right_objects": 3,
        "total_objects": 6,
        "objects": [
          {
            "x": 46,
            "y": 76.30253465396525,
            "side": "left",
            "color": [
              149,
              133,
              200
            ]
          },
          {
            "x": 31,
            "y": 56.30253465396521,
            "side": "left",
            "color": [
              216,
              125,
              190
            ]
          },
          {
            "x": 19,
            "y": 34.30253465396521,
            "side": "left",
            "color": [
              110,
              198,
              201
            ]
          },
          {
            "x": 172,
            "y": 143.69746534603473,
            "side": "right",
            "color": [
              103,
              158,
              160
            ]
          },
          {
            "x": 144,
            "y": 138.69746534603473,
            "side": "right",
            "color": [
              206,
              224,
              131
            ]
          },
          {
            "x": 178,
            "y": 169.69746534603473,
            "side": "right",
            "color": [
              142,
              176,
              212
            ]
          }
        ]
      },
      {
        "frame_idx": 8,
        "left_objects": 3,
        "right_objects": 3,
        "total_objects": 6,
        "objects": [
          {
            "x": 46,
            "y": 78.21535148571091,
            "side": "left",
            "color": [
              149,
              133,
              200
            ]
          },
          {
            "x": 31,
            "y": 58.21535148571086,
            "side": "left",
            "color": [
              216,
              125,
              190
            ]
          },
          {
            "x": 19,
            "y": 36.21535148571086,
            "side": "left",
            "color": [
              110,
              198,
              201
            ]
          },
          {
            "x": 172,
            "y": 141.78464851428907,
            "side": "right",
            "color": [
              103,
              158,
              160
            ]
          },
          {
            "x": 144,
            "y": 136.78464851428907,
            "side": "right",
            "color": [
              206,
              224,
              131
            ]
          },
          {
            "x": 178,
            "y": 167.78464851428907,
            "side": "right",
            "color": [
              142,
              176,
              212
            ]
          }
        ]
      },
      {
        "frame_idx": 9,
        "left_objects": 3,
        "right_objects": 3,
        "total_objects": 6,
        "objects": [
          {
            "x": 46,
            "y": 80.12816831745657,
            "side": "left",
            "color": [
              149,
              133,
              200
            ]
          },
          {
            "x": 31,
            "y": 60.12816831745651,
            "side": "left",
            "color": [
              216,
              125,
              190
            ]
          },
          {
            "x": 19,
            "y": 38.12816831745651,
            "side": "left",
            "color": [
              110,
              198,
              201
            ]
          },
          {
            "x": 172,
            "y": 139.87183168254342,
            "side": "right",
            "color": [
              103,
              158,
              160
            ]
          },
          {
            "x": 144,
            "y": 134.87183168254342,
            "side": "right",
            "color": [
              206,
              224,
              131
            ]
          },
          {
            "x": 178,
            "y": 165.87183168254342,
            "side": "right",
            "color": [
              142,
              176,
              212
            ]
          }
        ]
      },
      {
        "frame_idx": 10,
        "left_objects": 3,
        "right_objects": 3,
        "total_objects": 6,
        "objects": [
          {
            "x": 46,
            "y": 82.04098514920223,
            "side": "left",
            "color": [
              149,
              133,
              200
            ]
          },
          {
            "x": 31,
            "y": 62.040985149202164,
            "side": "left",
            "color": [
              216,
              125,
              190
            ]
          },
          {
            "x": 19,
            "y": 40.040985149202164,
            "side": "left",
            "color": [
              110,
              198,
              201
            ]
          },
          {
            "x": 172,
            "y": 137.95901485079776,
            "side": "right",
            "color": [
              103,
              158,
              160
            ]
          },
          {
            "x": 144,
            "y": 132.95901485079776,
            "side": "right",
            "color": [
              206,
              224,
              131
            ]
          },
          {
            "x": 178,
            "y": 163.95901485079776,
            "side": "right",
            "color": [
              142,
              176,
              212
            ]
          }
        ]
      },
      {
        "frame_idx": 11,
        "left_objects": 3,
        "right_objects": 3,
        "total_objects": 6,
        "objects": [
          {
            "x": 46,
            "y": 83.95380198094789,
            "side": "left",
            "color": [
              149,
              133,
              200
            ]
          },
          {
            "x": 31,
            "y": 63.953801980947816,
            "side": "left",
            "color": [
              216,
              125,
              190
            ]
          },
          {
            "x": 19,
            "y": 41.953801980947816,
            "side": "left",
            "color": [
              110,
              198,
              201
            ]
          },
          {
            "x": 172,
            "y": 136.0461980190521,
            "side": "right",
            "color": [
              103,
              158,
              160
            ]
          },
          {
            "x": 144,
            "y": 131.0461980190521,
            "side": "right",
            "color": [
              206,
              224,
              131
            ]
          },
          {
            "x": 178,
            "y": 162.0461980190521,
            "side": "right",
            "color": [
              142,
              176,
              212
            ]
          }
        ]
      },
      {
        "frame_idx": 12,
        "left_objects": 3,
        "right_objects": 3,
        "total_objects": 6,
        "objects": [
          {
            "x": 46,
            "y": 85.86661881269355,
            "side": "left",
            "color": [
              149,
              133,
              200
            ]
          },
          {
            "x": 31,
            "y": 65.86661881269347,
            "side": "left",
            "color": [
              216,
              125,
              190
            ]
          },
          {
            "x": 19,
            "y": 43.86661881269347,
            "side": "left",
            "color": [
              110,
              198,
              201
            ]
          },
          {
            "x": 172,
            "y": 134.13338118730644,
            "side": "right",
            "color": [
              103,
              158,
              160
            ]
          },
          {
            "x": 144,
            "y": 129.13338118730644,
            "side": "right",
            "color": [
              206,
              224,
              131
            ]
          },
          {
            "x": 178,
            "y": 160.13338118730644,
            "side": "right",
            "color": [
              142,
              176,
              212
            ]
          }
        ]
      },
      {
        "frame_idx": 13,
        "left_objects": 3,
        "right_objects": 3,
        "total_objects": 6,
        "objects": [
          {
            "x": 46,
            "y": 87.7794356444392,
            "side": "left",
            "color": [
              149,
              133,
              200
            ]
          },
          {
            "x": 31,
            "y": 67.77943564443913,
            "side": "left",
            "color": [
              216,
              125,
              190
            ]
          },
          {
            "x": 19,
            "y": 45.77943564443912,
            "side": "left",
            "color": [
              110,
              198,
              201
            ]
          },
          {
            "x": 172,
            "y": 132.22056435556078,
            "side": "right",
            "color": [
              103,
              158,
              160
            ]
          },
          {
            "x": 144,
            "y": 127.22056435556078,
            "side": "right",
            "color": [
              206,
              224,
              131
            ]
          },
          {
            "x": 178,
            "y": 158.22056435556078,
            "side": "right",
            "color": [
              142,
              176,
              212
            ]
          }
        ]
      },
      {
        "frame_idx": 14,
        "left_objects": 3,
        "right_objects": 3,
        "total_objects": 6,
        "objects": [
          {
            "x": 46,
            "y": 89.69225247618486,
            "side": "left",
            "color": [
              149,
              133,
              200
            ]
          },
          {
            "x": 31,
            "y": 69.69225247618479,
            "side": "left",
            "color": [
              216,
              125,
              190
            ]
          },
          {
            "x": 19,
            "y": 47.69225247618477,
            "side": "left",
            "color": [
              110,
              198,
              201
            ]
          },
          {
            "x": 172,
            "y": 130.30774752381512,
            "side": "right",
            "color": [
              103,
              158,
              160
            ]
          },
          {
            "x": 144,
            "y": 125.30774752381512,
            "side": "right",
            "color": [
              206,
              224,
              131
            ]
          },
          {
            "x": 178,
            "y": 156.30774752381512,
            "side": "right",
            "color": [
              142,
              176,
              212
            ]
          }
        ]
      },
      {
        "frame_idx": 15,
        "left_objects": 3,
        "right_objects": 3,
        "total_objects": 6,
        "objects": [
          {
            "x": 46,
            "y": 91.60506930793052,
            "side": "left",
            "color": [
              149,
              133,
              200
            ]
          },
          {
            "x": 31,
            "y": 71.60506930793045,
            "side": "left",
            "color": [
              216,
              125,
              190
            ]
          },
          {
            "x": 19,
            "y": 49.60506930793042,
            "side": "left",
            "color": [
              110,
              198,
              201
            ]
          },
          {
            "x": 172,
            "y": 128.39493069206947,
            "side": "right",
            "color": [
              103,
              158,
              160
            ]
          },
          {
            "x": 144,
            "y": 123.39493069206947,
            "side": "right",
            "color": [
              206,
              224,
              131
            ]
          },
          {
            "x": 178,
            "y": 154.39493069206947,
            "side": "right",
            "color": [
              142,
              176,
              212
            ]
          }
        ]
      },
      {
        "frame_idx": 16,
        "left_objects": 3,
        "right_objects": 3,
        "total_objects": 6,
        "objects": [
          {
            "x": 46,
            "y": 93.51788613967618,
            "side": "left",
            "color": [
              149,
              133,
              200
            ]
          },
          {
            "x": 31,
            "y": 73.51788613967611,
            "side": "left",
            "color": [
              216,
              125,
              190
            ]
          },
          {
            "x": 19,
            "y": 51.51788613967607,
            "side": "left",
            "color": [
              110,
              198,
              201
            ]
          },
          {
            "x": 172,
            "y": 126.4821138603238,
            "side": "right",
            "color": [
              103,
              158,
              160
            ]
          },
          {
            "x": 144,
            "y": 121.4821138603238,
            "side": "right",
            "color": [
              206,
              224,
              131
            ]
          },
          {
            "x": 178,
            "y": 152.4821138603238,
            "side": "right",
            "color": [
              142,
              176,
              212
            ]
          }
        ]
      },
      {
        "frame_idx": 17,
        "left_objects": 3,
        "right_objects": 3,
        "total_objects": 6,
        "objects": [
          {
            "x": 46,
            "y": 95.43070297142184,
            "side": "left",
            "color": [
              149,
              133,
              200
            ]
          },
          {
            "x": 31,
            "y": 75.43070297142177,
            "side": "left",
            "color": [
              216,
              125,
              190
            ]
          },
          {
            "x": 19,
            "y": 53.430702971421724,
            "side": "left",
            "color": [
              110,
              198,
              201
            ]
          },
          {
            "x": 172,
            "y": 124.56929702857815,
            "side": "right",
            "color": [
              103,
              158,
              160
            ]
          },
          {
            "x": 144,
            "y": 119.56929702857815,
            "side": "right",
            "color": [
              206,
              224,
              131
            ]
          },
          {
            "x": 178,
            "y": 150.56929702857815,
            "side": "right",
            "color": [
              142,
              176,
              212
            ]
          }
        ]
      },
      {
        "frame_idx": 18,
        "left_objects": 3,
        "right_objects": 3,
        "total_objects": 6,
        "objects": [
          {
            "x": 46,
            "y": 97.3435198031675,
            "side": "left",
            "color": [
              149,
              133,
              200
            ]
          },
          {
            "x": 31,
            "y": 77.34351980316742,
            "side": "left",
            "color": [
              216,
              125,
              190
            ]
          },
          {
            "x": 19,
            "y": 55.343519803167375,
            "side": "left",
            "color": [
              110,
              198,
              201
            ]
          },
          {
            "x": 172,
            "y": 122.65648019683249,
            "side": "right",
            "color": [
              103,
              158,
              160
            ]
          },
          {
            "x": 144,
            "y": 117.65648019683249,
            "side": "right",
            "color": [
              206,
              224,
              131
            ]
          },
          {
            "x": 178,
            "y": 148.6564801968325,
            "side": "right",
            "color": [
              142,
              176,
              212
            ]
          }
        ]
      },
      {
        "frame_idx": 19,
        "left_objects": 3,
        "right_objects": 3,
        "total_objects": 6,
        "objects": [
          {
            "x": 46,
            "y": 99.25633663491315,
            "side": "left",
            "color": [
              149,
              133,
              200
            ]
          },
          {
            "x": 31,
            "y": 79.25633663491308,
            "side": "left",
            "color": [
              216,
              125,
              190
            ]
          },
          {
            "x": 19,
            "y": 57.256336634913026,
            "side": "left",
            "color": [
              110,
              198,
              201
            ]
          },
          {
            "x": 172,
            "y": 120.74366336508683,
            "side": "right",
            "color": [
              103,
              158,
              160
            ]
          },
          {
            "x": 144,
            "y": 115.74366336508683,
            "side": "right",
            "color": [
              206,
              224,
              131
            ]
          },
          {
            "x": 178,
            "y": 146.74366336508683,
            "side": "right",
            "color": [
              142,
              176,
              212
            ]
          }
        ]
      },
      {
        "frame_idx": 20,
        "left_objects": 3,
        "right_objects": 3,
        "total_objects": 6,
        "objects": [
          {
            "x": 46,
            "y": 101.16915346665881,
            "side": "left",
            "color": [
              149,
              133,
              200
            ]
          },
          {
            "x": 31,
            "y": 81.16915346665874,
            "side": "left",
            "color": [
              216,
              125,
              190
            ]
          },
          {
            "x": 19,
            "y": 59.16915346665868,
            "side": "left",
            "color": [
              110,
              198,
              201
            ]
          },
          {
            "x": 172,
            "y": 118.83084653334117,
            "side": "right",
            "color": [
              103,
              158,
              160
            ]
          },
          {
            "x": 144,
            "y": 113.83084653334117,
            "side": "right",
            "color": [
              206,
              224,
              131
            ]
          },
          {
            "x": 178,
            "y": 144.83084653334117,
            "side": "right",
            "color": [
              142,
              176,
              212
            ]
          }
        ]
      },
      {
        "frame_idx": 21,
        "left_objects": 3,
        "right_objects": 3,
        "total_objects": 6,
        "objects": [
          {
            "x": 46,
            "y": 103.08197029840447,
            "side": "left",
            "color": [
              149,
              133,
              200
            ]
          },
          {
            "x": 31,
            "y": 83.0819702984044,
            "side": "left",
            "color": [
              216,
              125,
              190
            ]
          },
          {
            "x": 19,
            "y": 61.08197029840433,
            "side": "left",
            "color": [
              110,
              198,
              201
            ]
          },
          {
            "x": 172,
            "y": 116.91802970159551,
            "side": "right",
            "color": [
              103,
              158,
              160
            ]
          },
          {
            "x": 144,
            "y": 111.91802970159551,
            "side": "right",
            "color": [
              206,
              224,
              131
            ]
          },
          {
            "x": 178,
            "y": 142.91802970159551,
            "side": "right",
            "color": [
              142,
              176,
              212
            ]
          }
        ]
      },
      {
        "frame_idx": 22,
        "left_objects": 3,
        "right_objects": 3,
        "total_objects": 6,
        "objects": [
          {
            "x": 46,
            "y": 104.99478713015013,
            "side": "left",
            "color": [
              149,
              133,
              200
            ]
          },
          {
            "x": 31,
            "y": 84.99478713015006,
            "side": "left",
            "color": [
              216,
              125,
              190
            ]
          },
          {
            "x": 19,
            "y": 62.99478713014998,
            "side": "left",
            "color": [
              110,
              198,
              201
            ]
          },
          {
            "x": 172,
            "y": 115.00521286984986,
            "side": "right",
            "color": [
              103,
              158,
              160
            ]
          },
          {
            "x": 144,
            "y": 110.00521286984986,
            "side": "right",
            "color": [
              206,
              224,
              131
            ]
          },
          {
            "x": 178,
            "y": 141.00521286984986,
            "side": "right",
            "color": [
              142,
              176,
              212
            ]
          }
        ]
      },
      {
        "frame_idx": 23,
        "left_objects": 3,
        "right_objects": 3,
        "total_objects": 6,
        "objects": [
          {
            "x": 46,
            "y": 106.90760396189579,
            "side": "left",
            "color": [
              149,
              133,
              200
            ]
          },
          {
            "x": 31,
            "y": 86.90760396189572,
            "side": "left",
            "color": [
              216,
              125,
              190
            ]
          },
          {
            "x": 19,
            "y": 64.90760396189563,
            "side": "left",
            "color": [
              110,
              198,
              201
            ]
          },
          {
            "x": 172,
            "y": 113.0923960381042,
            "side": "right",
            "color": [
              103,
              158,
              160
            ]
          },
          {
            "x": 144,
            "y": 108.0923960381042,
            "side": "right",
            "color": [
              206,
              224,
              131
            ]
          },
          {
            "x": 178,
            "y": 139.0923960381042,
            "side": "right",
            "color": [
              142,
              176,
              212
            ]
          }
        ]
      },
      {
        "frame_idx": 24,
        "left_objects": 3,
        "right_objects": 3,
        "total_objects": 6,
        "objects": [
          {
            "x": 46,
            "y": 108.82042079364145,
            "side": "left",
            "color": [
              149,
              133,
              200
            ]
          },
          {
            "x": 31,
            "y": 88.82042079364138,
            "side": "left",
            "color": [
              216,
              125,
              190
            ]
          },
          {
            "x": 19,
            "y": 66.82042079364129,
            "side": "left",
            "color": [
              110,
              198,
              201
            ]
          },
          {
            "x": 172,
            "y": 111.17957920635854,
            "side": "right",
            "color": [
              103,
              158,
              160
            ]
          },
          {
            "x": 144,
            "y": 106.17957920635854,
            "side": "right",
            "color": [
              206,
              224,
              131
            ]
          },
          {
            "x": 178,
            "y": 137.17957920635854,
            "side": "right",
            "color": [
              142,
              176,
              212
            ]
          }
        ]
      },
      {
        "frame_idx": 25,
        "left_objects": 3,
        "right_objects": 3,
        "total_objects": 6,
        "objects": [
          {
            "x": 46,
            "y": 110.7332376253871,
            "side": "left",
            "color": [
              149,
              133,
              200
            ]
          },
          {
            "x": 31,
            "y": 90.73323762538703,
            "side": "left",
            "color": [
              216,
              125,
              190
            ]
          },
          {
            "x": 19,
            "y": 68.73323762538695,
            "side": "left",
            "color": [
              110,
              198,
              201
            ]
          },
          {
            "x": 172,
            "y": 109.26676237461288,
            "side": "right",
            "color": [
              103,
              158,
              160
            ]
          },
          {
            "x": 144,
            "y": 104.26676237461288,
            "side": "right",
            "color": [
              206,
              224,
              131
            ]
          },
          {
            "x": 178,
            "y": 135.26676237461288,
            "side": "right",
            "color": [
              142,
              176,
              212
            ]
          }
        ]
      },
      {
        "frame_idx": 26,
        "left_objects": 3,
        "right_objects": 3,
        "total_objects": 6,
        "objects": [
          {
            "x": 46,
            "y": 112.64605445713276,
            "side": "left",
            "color": [
              149,
              133,
              200
            ]
          },
          {
            "x": 31,
            "y": 92.64605445713269,
            "side": "left",
            "color": [
              216,
              125,
              190
            ]
          },
          {
            "x": 19,
            "y": 70.6460544571326,
            "side": "left",
            "color": [
              110,
              198,
              201
            ]
          },
          {
            "x": 172,
            "y": 107.35394554286722,
            "side": "right",
            "color": [
              103,
              158,
              160
            ]
          },
          {
            "x": 144,
            "y": 102.35394554286722,
            "side": "right",
            "color": [
              206,
              224,
              131
            ]
          },
          {
            "x": 178,
            "y": 133.35394554286722,
            "side": "right",
            "color": [
              142,
              176,
              212
            ]
          }
        ]
      },
      {
        "frame_idx": 27,
        "left_objects": 3,
        "right_objects": 3,
        "total_objects": 6,
        "objects": [
          {
            "x": 46,
            "y": 114.55887128887842,
            "side": "left",
            "color": [
              149,
              133,
              200
            ]
          },
          {
            "x": 31,
            "y": 94.55887128887835,
            "side": "left",
            "color": [
              216,
              125,
              190
            ]
          },
          {
            "x": 19,
            "y": 72.55887128887827,
            "side": "left",
            "color": [
              110,
              198,
              201
            ]
          },
          {
            "x": 172,
            "y": 105.44112871112156,
            "side": "right",
            "color": [
              103,
              158,
              160
            ]
          },
          {
            "x": 144,
            "y": 100.44112871112156,
            "side": "right",
            "color": [
              206,
              224,
              131
            ]
          },
          {
            "x": 178,
            "y": 131.44112871112156,
            "side": "right",
            "color": [
              142,
              176,
              212
            ]
          }
        ]
      },
      {
        "frame_idx": 28,
        "left_objects": 3,
        "right_objects": 3,
        "total_objects": 6,
        "objects": [
          {
            "x": 46,
            "y": 116.47168812062408,
            "side": "left",
            "color": [
              149,
              133,
              200
            ]
          },
          {
            "x": 31,
            "y": 96.47168812062401,
            "side": "left",
            "color": [
              216,
              125,
              190
            ]
          },
          {
            "x": 19,
            "y": 74.47168812062392,
            "side": "left",
            "color": [
              110,
              198,
              201
            ]
          },
          {
            "x": 172,
            "y": 103.5283118793759,
            "side": "right",
            "color": [
              103,
              158,
              160
            ]
          },
          {
            "x": 144,
            "y": 98.5283118793759,
            "side": "right",
            "color": [
              206,
              224,
              131
            ]
          },
          {
            "x": 178,
            "y": 129.5283118793759,
            "side": "right",
            "color": [
              142,
              176,
              212
            ]
          }
        ]
      },
      {
        "frame_idx": 29,
        "left_objects": 3,
        "right_objects": 3,
        "total_objects": 6,
        "objects": [
          {
            "x": 46,
            "y": 118.38450495236974,
            "side": "left",
            "color": [
              149,
              133,
              200
            ]
          },
          {
            "x": 31,
            "y": 98.38450495236967,
            "side": "left",
            "color": [
              216,
              125,
              190
            ]
          },
          {
            "x": 19,
            "y": 76.38450495236958,
            "side": "left",
            "color": [
              110,
              198,
              201
            ]
          },
          {
            "x": 172,
            "y": 101.61549504763025,
            "side": "right",
            "color": [
              103,
              158,
              160
            ]
          },
          {
            "x": 144,
            "y": 96.61549504763025,
            "side": "right",
            "color": [
              206,
              224,
              131
            ]
          },
          {
            "x": 178,
            "y": 127.61549504763025,
            "side": "right",
            "color": [
              142,
              176,
              212
            ]
          }
        ]
      },
      {
        "frame_idx": 30,
        "left_objects": 3,
        "right_objects": 3,
        "total_objects": 6,
        "objects": [
          {
            "x": 46,
            "y": 120.2973217841154,
            "side": "left",
            "color": [
              149,
              133,
              200
            ]
          },
          {
            "x": 31,
            "y": 100.29732178411533,
            "side": "left",
            "color": [
              216,
              125,
              190
            ]
          },
          {
            "x": 19,
            "y": 78.29732178411524,
            "side": "left",
            "color": [
              110,
              198,
              201
            ]
          },
          {
            "x": 172,
            "y": 99.70267821588459,
            "side": "right",
            "color": [
              103,
              158,
              160
            ]
          },
          {
            "x": 144,
            "y": 94.70267821588459,
            "side": "right",
            "color": [
              206,
              224,
              131
            ]
          },
          {
            "x": 178,
            "y": 125.70267821588459,
            "side": "right",
            "color": [
              142,
              176,
              212
            ]
          }
        ]
      },
      {
        "frame_idx": 31,
        "left_objects": 3,
        "right_objects": 3,
        "total_objects": 6,
        "objects": [
          {
            "x": 46,
            "y": 122.21013861586106,
            "side": "left",
            "color": [
              149,
              133,
              200
            ]
          },
          {
            "x": 31,
            "y": 102.21013861586098,
            "side": "left",
            "color": [
              216,
              125,
              190
            ]
          },
          {
            "x": 19,
            "y": 80.2101386158609,
            "side": "left",
            "color": [
              110,
              198,
              201
            ]
          },
          {
            "x": 172,
            "y": 97.78986138413893,
            "side": "right",
            "color": [
              103,
              158,
              160
            ]
          },
          {
            "x": 144,
            "y": 92.78986138413893,
            "side": "right",
            "color": [
              206,
              224,
              131
            ]
          },
          {
            "x": 178,
            "y": 123.78986138413893,
            "side": "right",
            "color": [
              142,
              176,
              212
            ]
          }
        ]
      },
      {
        "frame_idx": 32,
        "left_objects": 3,
        "right_objects": 3,
        "total_objects": 6,
        "objects": [
          {
            "x": 46,
            "y": 124.12295544760671,
            "side": "left",
            "color": [
              149,
              133,
              200
            ]
          },
          {
            "x": 31,
            "y": 104.12295544760664,
            "side": "left",
            "color": [
              216,
              125,
              190
            ]
          },
          {
            "x": 19,
            "y": 82.12295544760656,
            "side": "left",
            "color": [
              110,
              198,
              201
            ]
          },
          {
            "x": 172,
            "y": 95.87704455239327,
            "side": "right",
            "color": [
              103,
              158,
              160
            ]
          },
          {
            "x": 144,
            "y": 90.87704455239327,
            "side": "right",
            "color": [
              206,
              224,
              131
            ]
          },
          {
            "x": 178,
            "y": 121.87704455239327,
            "side": "right",
            "color": [
              142,
              176,
              212
            ]
          }
        ]
      },
      {
        "frame_idx": 33,
        "left_objects": 3,
        "right_objects": 3,
        "total_objects": 6,
        "objects": [
          {
            "x": 46,
            "y": 126.03577227935237,
            "side": "left",
            "color": [
              149,
              133,
              200
            ]
          },
          {
            "x": 31,
            "y": 106.0357722793523,
            "side": "left",
            "color": [
              216,
              125,
              190
            ]
          },
          {
            "x": 19,
            "y": 84.03577227935222,
            "side": "left",
            "color": [
              110,
              198,
              201
            ]
          },
          {
            "x": 172,
            "y": 93.96422772064761,
            "side": "right",
            "color": [
              103,
              158,
              160
            ]
          },
          {
            "x": 144,
            "y": 88.96422772064761,
            "side": "right",
            "color": [
              206,
              224,
              131
            ]
          },
          {
            "x": 178,
            "y": 119.96422772064761,
            "side": "right",
            "color": [
              142,
              176,
              212
            ]
          }
        ]
      },
      {
        "frame_idx": 34,
        "left_objects": 3,
        "right_objects": 3,
        "total_objects": 6,
        "objects": [
          {
            "x": 46,
            "y": 127.94858911109803,
            "side": "left",
            "color": [
              149,
              133,
              200
            ]
          },
          {
            "x": 31,
            "y": 107.94858911109796,
            "side": "left",
            "color": [
              216,
              125,
              190
            ]
          },
          {
            "x": 19,
            "y": 85.94858911109787,
            "side": "left",
            "color": [
              110,
              198,
              201
            ]
          },
          {
            "x": 172,
            "y": 92.05141088890196,
            "side": "right",
            "color": [
              103,
              158,
              160
            ]
          },
          {
            "x": 144,
            "y": 87.05141088890196,
            "side": "right",
            "color": [
              206,
              224,
              131
            ]
          },
          {
            "x": 178,
            "y": 118.05141088890196,
            "side": "right",
            "color": [
              142,
              176,
              212
            ]
          }
        ]
      },
      {
        "frame_idx": 35,
        "left_objects": 3,
        "right_objects": 3,
        "total_objects": 6,
        "objects": [
          {
            "x": 46,
            "y": 129.86140594284367,
            "side": "left",
            "color": [
              149,
              133,
              200
            ]
          },
          {
            "x": 31,
            "y": 109.86140594284362,
            "side": "left",
            "color": [
              216,
              125,
              190
            ]
          },
          {
            "x": 19,
            "y": 87.86140594284353,
            "side": "left",
            "color": [
              110,
              198,
              201
            ]
          },
          {
            "x": 172,
            "y": 90.1385940571563,
            "side": "right",
            "color": [
              103,
              158,
              160
            ]
          },
          {
            "x": 144,
            "y": 85.1385940571563,
            "side": "right",
            "color": [
              206,
              224,
              131
            ]
          },
          {
            "x": 178,
            "y": 116.1385940571563,
            "side": "right",
            "color": [
              142,
              176,
              212
            ]
          }
        ]
      },
      {
        "frame_idx": 36,
        "left_objects": 3,
        "right_objects": 3,
        "total_objects": 6,
        "objects": [
          {
            "x": 46,
            "y": 131.77422277458933,
            "side": "left",
            "color": [
              149,
              133,
              200
            ]
          },
          {
            "x": 31,
            "y": 111.77422277458928,
            "side": "left",
            "color": [
              216,
              125,
              190
            ]
          },
          {
            "x": 19,
            "y": 89.77422277458919,
            "side": "left",
            "color": [
              110,
              198,
              201
            ]
          },
          {
            "x": 172,
            "y": 88.22577722541064,
            "side": "right",
            "color": [
              103,
              158,
              160
            ]
          },
          {
            "x": 144,
            "y": 83.22577722541064,
            "side": "right",
            "color": [
              206,
              224,
              131
            ]
          },
          {
            "x": 178,
            "y": 114.22577722541064,
            "side": "right",
            "color": [
              142,
              176,
              212
            ]
          }
        ]
      },
      {
        "frame_idx": 37,
        "left_objects": 3,
        "right_objects": 3,
        "total_objects": 6,
        "objects": [
          {
            "x": 46,
            "y": 133.687039606335,
            "side": "left",
            "color": [
              149,
              133,
              200
            ]
          },
          {
            "x": 31,
            "y": 113.68703960633493,
            "side": "left",
            "color": [
              216,
              125,
              190
            ]
          },
          {
            "x": 19,
            "y": 91.68703960633485,
            "side": "left",
            "color": [
              110,
              198,
              201
            ]
          },
          {
            "x": 172,
            "y": 86.31296039366498,
            "side": "right",
            "color": [
              103,
              158,
              160
            ]
          },
          {
            "x": 144,
            "y": 81.31296039366498,
            "side": "right",
            "color": [
              206,
              224,
              131
            ]
          },
          {
            "x": 178,
            "y": 112.31296039366498,
            "side": "right",
            "color": [
              142,
              176,
              212
            ]
          }
        ]
      },
      {
        "frame_idx": 38,
        "left_objects": 3,
        "right_objects": 3,
        "total_objects": 6,
        "objects": [
          {
            "x": 46,
            "y": 135.59985643808065,
            "side": "left",
            "color": [
              149,
              133,
              200
            ]
          },
          {
            "x": 31,
            "y": 115.5998564380806,
            "side": "left",
            "color": [
              216,
              125,
              190
            ]
          },
          {
            "x": 19,
            "y": 93.59985643808051,
            "side": "left",
            "color": [
              110,
              198,
              201
            ]
          },
          {
            "x": 172,
            "y": 84.40014356191932,
            "side": "right",
            "color": [
              103,
              158,
              160
            ]
          },
          {
            "x": 144,
            "y": 79.40014356191932,
            "side": "right",
            "color": [
              206,
              224,
              131
            ]
          },
          {
            "x": 178,
            "y": 110.40014356191932,
            "side": "right",
            "color": [
              142,
              176,
              212
            ]
          }
        ]
      },
      {
        "frame_idx": 39,
        "left_objects": 3,
        "right_objects": 3,
        "total_objects": 6,
        "objects": [
          {
            "x": 46,
            "y": 137.5126732698263,
            "side": "left",
            "color": [
              149,
              133,
              200
            ]
          },
          {
            "x": 31,
            "y": 117.51267326982625,
            "side": "left",
            "color": [
              216,
              125,
              190
            ]
          },
          {
            "x": 19,
            "y": 95.51267326982617,
            "side": "left",
            "color": [
              110,
              198,
              201
            ]
          },
          {
            "x": 172,
            "y": 82.48732673017366,
            "side": "right",
            "color": [
              103,
              158,
              160
            ]
          },
          {
            "x": 144,
            "y": 77.48732673017366,
            "side": "right",
            "color": [
              206,
              224,
              131
            ]
          },
          {
            "x": 178,
            "y": 108.48732673017366,
            "side": "right",
            "color": [
              142,
              176,
              212
            ]
          }
        ]
      },
      {
        "frame_idx": 40,
        "left_objects": 3,
        "right_objects": 3,
        "total_objects": 6,
        "objects": [
          {
            "x": 46,
            "y": 139.42549010157197,
            "side": "left",
            "color": [
              149,
              133,
              200
            ]
          },
          {
            "x": 31,
            "y": 119.42549010157191,
            "side": "left",
            "color": [
              216,
              125,
              190
            ]
          },
          {
            "x": 19,
            "y": 97.42549010157182,
            "side": "left",
            "color": [
              110,
              198,
              201
            ]
          },
          {
            "x": 172,
            "y": 80.574509898428,
            "side": "right",
            "color": [
              103,
              158,
              160
            ]
          },
          {
            "x": 144,
            "y": 75.574509898428,
            "side": "right",
            "color": [
              206,
              224,
              131
            ]
          },
          {
            "x": 178,
            "y": 106.574509898428,
            "side": "right",
            "color": [
              142,
              176,
              212
            ]
          }
        ]
      },
      {
        "frame_idx": 41,
        "left_objects": 3,
        "right_objects": 3,
        "total_objects": 6,
        "objects": [
          {
            "x": 46,
            "y": 141.33830693331763,
            "side": "left",
            "color": [
              149,
              133,
              200
            ]
          },
          {
            "x": 31,
            "y": 121.33830693331757,
            "side": "left",
            "color": [
              216,
              125,
              190
            ]
          },
          {
            "x": 19,
            "y": 99.33830693331748,
            "side": "left",
            "color": [
              110,
              198,
              201
            ]
          },
          {
            "x": 172,
            "y": 78.66169306668235,
            "side": "right",
            "color": [
              103,
              158,
              160
            ]
          },
          {
            "x": 144,
            "y": 73.66169306668235,
            "side": "right",
            "color": [
              206,
              224,
              131
            ]
          },
          {
            "x": 178,
            "y": 104.66169306668235,
            "side": "right",
            "color": [
              142,
              176,
              212
            ]
          }
        ]
      },
      {
        "frame_idx": 42,
        "left_objects": 3,
        "right_objects": 3,
        "total_objects": 6,
        "objects": [
          {
            "x": 46,
            "y": 143.25112376506328,
            "side": "left",
            "color": [
              149,
              133,
              200
            ]
          },
          {
            "x": 31,
            "y": 123.25112376506323,
            "side": "left",
            "color": [
              216,
              125,
              190
            ]
          },
          {
            "x": 19,
            "y": 101.25112376506314,
            "side": "left",
            "color": [
              110,
              198,
              201
            ]
          },
          {
            "x": 172,
            "y": 76.74887623493669,
            "side": "right",
            "color": [
              103,
              158,
              160
            ]
          },
          {
            "x": 144,
            "y": 71.74887623493669,
            "side": "right",
            "color": [
              206,
              224,
              131
            ]
          },
          {
            "x": 178,
            "y": 102.74887623493669,
            "side": "right",
            "color": [
              142,
              176,
              212
            ]
          }
        ]
      },
      {
        "frame_idx": 43,
        "left_objects": 3,
        "right_objects": 3,
        "total_objects": 6,
        "objects": [
          {
            "x": 46,
            "y": 145.16394059680894,
            "side": "left",
            "color": [
              149,
              133,
              200
            ]
          },
          {
            "x": 31,
            "y": 125.16394059680889,
            "side": "left",
            "color": [
              216,
              125,
              190
            ]
          },
          {
            "x": 19,
            "y": 103.1639405968088,
            "side": "left",
            "color": [
              110,
              198,
              201
            ]
          },
          {
            "x": 172,
            "y": 74.83605940319103,
            "side": "right",
            "color": [
              103,
              158,
              160
            ]
          },
          {
            "x": 144,
            "y": 69.83605940319103,
            "side": "right",
            "color": [
              206,
              224,
              131
            ]
          },
          {
            "x": 178,
            "y": 100.83605940319103,
            "side": "right",
            "color": [
              142,
              176,
              212
            ]
          }
        ]
      },
      {
        "frame_idx": 44,
        "left_objects": 3,
        "right_objects": 3,
        "total_objects": 6,
        "objects": [
          {
            "x": 46,
            "y": 147.0767574285546,
            "side": "left",
            "color": [
              149,
              133,
              200
            ]
          },
          {
            "x": 31,
            "y": 127.07675742855454,
            "side": "left",
            "color": [
              216,
              125,
              190
            ]
          },
          {
            "x": 19,
            "y": 105.07675742855446,
            "side": "left",
            "color": [
              110,
              198,
              201
            ]
          },
          {
            "x": 172,
            "y": 72.92324257144537,
            "side": "right",
            "color": [
              103,
              158,
              160
            ]
          },
          {
            "x": 144,
            "y": 67.92324257144537,
            "side": "right",
            "color": [
              206,
              224,
              131
            ]
          },
          {
            "x": 178,
            "y": 98.92324257144537,
            "side": "right",
            "color": [
              142,
              176,
              212
            ]
          }
        ]
      },
      {
        "frame_idx": 45,
        "left_objects": 3,
        "right_objects": 3,
        "total_objects": 6,
        "objects": [
          {
            "x": 46,
            "y": 148.98957426030026,
            "side": "left",
            "color": [
              149,
              133,
              200
            ]
          },
          {
            "x": 31,
            "y": 128.9895742603002,
            "side": "left",
            "color": [
              216,
              125,
              190
            ]
          },
          {
            "x": 19,
            "y": 106.98957426030012,
            "side": "left",
            "color": [
              110,
              198,
              201
            ]
          },
          {
            "x": 172,
            "y": 71.01042573969971,
            "side": "right",
            "color": [
              103,
              158,
              160
            ]
          },
          {
            "x": 144,
            "y": 66.01042573969971,
            "side": "right",
            "color": [
              206,
              224,
              131
            ]
          },
          {
            "x": 178,
            "y": 97.01042573969971,
            "side": "right",
            "color": [
              142,
              176,
              212
            ]
          }
        ]
      },
      {
        "frame_idx": 46,
        "left_objects": 3,
        "right_objects": 3,
        "total_objects": 6,
        "objects": [
          {
            "x": 46,
            "y": 150.90239109204592,
            "side": "left",
            "color": [
              149,
              133,
              200
            ]
          },
          {
            "x": 31,
            "y": 130.90239109204586,
            "side": "left",
            "color": [
              216,
              125,
              190
            ]
          },
          {
            "x": 19,
            "y": 108.90239109204578,
            "side": "left",
            "color": [
              110,
              198,
              201
            ]
          },
          {
            "x": 172,
            "y": 69.09760890795405,
            "side": "right",
            "color": [
              103,
              158,
              160
            ]
          },
          {
            "x": 144,
            "y": 64.09760890795405,
            "side": "right",
            "color": [
              206,
              224,
              131
            ]
          },
          {
            "x": 178,
            "y": 95.09760890795405,
            "side": "right",
            "color": [
              142,
              176,
              212
            ]
          }
        ]
      },
      {
        "frame_idx": 47,
        "left_objects": 3,
        "right_objects": 3,
        "total_objects": 6,
        "objects": [
          {
            "x": 46,
            "y": 152.81520792379158,
            "side": "left",
            "color": [
              149,
              133,
              200
            ]
          },
          {
            "x": 31,
            "y": 132.81520792379152,
            "side": "left",
            "color": [
              216,
              125,
              190
            ]
          },
          {
            "x": 19,
            "y": 110.81520792379143,
            "side": "left",
            "color": [
              110,
              198,
              201
            ]
          },
          {
            "x": 172,
            "y": 67.1847920762084,
            "side": "right",
            "color": [
              103,
              158,
              160
            ]
          },
          {
            "x": 144,
            "y": 62.1847920762084,
            "side": "right",
            "color": [
              206,
              224,
              131
            ]
          },
          {
            "x": 178,
            "y": 93.1847920762084,
            "side": "right",
            "color": [
              142,
              176,
              212
            ]
          }
        ]
      },
      {
        "frame_idx": 48,
        "left_objects": 3,
        "right_objects": 3,
        "total_objects": 6,
        "objects": [
          {
            "x": 46,
            "y": 154.72802475553723,
            "side": "left",
            "color": [
              149,
              133,
              200
            ]
          },
          {
            "x": 31,
            "y": 134.72802475553718,
            "side": "left",
            "color": [
              216,
              125,
              190
            ]
          },
          {
            "x": 19,
            "y": 112.72802475553709,
            "side": "left",
            "color": [
              110,
              198,
              201
            ]
          },
          {
            "x": 172,
            "y": 65.27197524446274,
            "side": "right",
            "color": [
              103,
              158,
              160
            ]
          },
          {
            "x": 144,
            "y": 60.27197524446275,
            "side": "right",
            "color": [
              206,
              224,
              131
            ]
          },
          {
            "x": 178,
            "y": 91.27197524446274,
            "side": "right",
            "color": [
              142,
              176,
              212
            ]
          }
        ]
      },
      {
        "frame_idx": 49,
        "left_objects": 3,
        "right_objects": 3,
        "total_objects": 6,
        "objects": [
          {
            "x": 46,
            "y": 156.6408415872829,
            "side": "left",
            "color": [
              149,
              133,
              200
            ]
          },
          {
            "x": 31,
            "y": 136.64084158728284,
            "side": "left",
            "color": [
              216,
              125,
              190
            ]
          },
          {
            "x": 19,
            "y": 114.64084158728275,
            "side": "left",
            "color": [
              110,
              198,
              201
            ]
          },
          {
            "x": 172,
            "y": 63.359158412717086,
            "side": "right",
            "color": [
              103,
              158,
              160
            ]
          },
          {
            "x": 144,
            "y": 58.3591584127171,
            "side": "right",
            "color": [
              206,
              224,
              131
            ]
          },
          {
            "x": 178,
            "y": 89.35915841271708,
            "side": "right",
            "color": [
              142,
              176,
              212
            ]
          }
        ]
      },
      {
        "frame_idx": 50,
        "left_objects": 3,
        "right_objects": 3,
        "total_objects": 6,
        "objects": [
          {
            "x": 46,
            "y": 158.55365841902855,
            "side": "left",
            "color": [
              149,
              133,
              200
            ]
          },
          {
            "x": 31,
            "y": 138.5536584190285,
            "side": "left",
            "color": [
              216,
              125,
              190
            ]
          },
          {
            "x": 19,
            "y": 116.55365841902841,
            "side": "left",
            "color": [
              110,
              198,
              201
            ]
          },
          {
            "x": 172,
            "y": 61.446341580971435,
            "side": "right",
            "color": [
              103,
              158,
              160
            ]
          },
          {
            "x": 144,
            "y": 56.44634158097145,
            "side": "right",
            "color": [
              206,
              224,
              131
            ]
          },
          {
            "x": 178,
            "y": 87.44634158097142,
            "side": "right",
            "color": [
              142,
              176,
              212
            ]
          }
        ]
      },
      {
        "frame_idx": 51,
        "left_objects": 3,
        "right_objects": 3,
        "total_objects": 6,
        "objects": [
          {
            "x": 46,
            "y": 160.4664752507742,
            "side": "left",
            "color": [
              149,
              133,
              200
            ]
          },
          {
            "x": 31,
            "y": 140.46647525077415,
            "side": "left",
            "color": [
              216,
              125,
              190
            ]
          },
          {
            "x": 19,
            "y": 118.46647525077407,
            "side": "left",
            "color": [
              110,
              198,
              201
            ]
          },
          {
            "x": 172,
            "y": 59.53352474922578,
            "side": "right",
            "color": [
              103,
              158,
              160
            ]
          },
          {
            "x": 144,
            "y": 54.5335247492258,
            "side": "right",
            "color": [
              206,
              224,
              131
            ]
          },
          {
            "x": 178,
            "y": 85.53352474922576,
            "side": "right",
            "color": [
              142,
              176,
              212
            ]
          }
        ]
      },
      {
        "frame_idx": 52,
        "left_objects": 3,
        "right_objects": 3,
        "total_objects": 6,
        "objects": [
          {
            "x": 46,
            "y": 162.37929208251987,
            "side": "left",
            "color": [
              149,
              133,
              200
            ]
          },
          {
            "x": 31,
            "y": 142.3792920825198,
            "side": "left",
            "color": [
              216,
              125,
              190
            ]
          },
          {
            "x": 19,
            "y": 120.37929208251973,
            "side": "left",
            "color": [
              110,
              198,
              201
            ]
          },
          {
            "x": 172,
            "y": 57.62070791748013,
            "side": "right",
            "color": [
              103,
              158,
              160
            ]
          },
          {
            "x": 144,
            "y": 52.620707917480146,
            "side": "right",
            "color": [
              206,
              224,
              131
            ]
          },
          {
            "x": 178,
            "y": 83.6207079174801,
            "side": "right",
            "color": [
              142,
              176,
              212
            ]
          }
        ]
      },
      {
        "frame_idx": 53,
        "left_objects": 3,
        "right_objects": 3,
        "total_objects": 6,
        "objects": [
          {
            "x": 46,
            "y": 164.29210891426553,
            "side": "left",
            "color": [
              149,
              133,
              200
            ]
          },
          {
            "x": 31,
            "y": 144.29210891426547,
            "side": "left",
            "color": [
              216,
              125,
              190
            ]
          },
          {
            "x": 19,
            "y": 122.29210891426538,
            "side": "left",
            "color": [
              110,
              198,
              201
            ]
          },
          {
            "x": 172,
            "y": 55.70789108573448,
            "side": "right",
            "color": [
              103,
              158,
              160
            ]
          },
          {
            "x": 144,
            "y": 50.707891085734495,
            "side": "right",
            "color": [
              206,
              224,
              131
            ]
          },
          {
            "x": 178,
            "y": 81.70789108573445,
            "side": "right",
            "color": [
              142,
              176,
              212
            ]
          }
        ]
      },
      {
        "frame_idx": 54,
        "left_objects": 3,
        "right_objects": 3,
        "total_objects": 6,
        "objects": [
          {
            "x": 46,
            "y": 166.20492574601118,
            "side": "left",
            "color": [
              149,
              133,
              200
            ]
          },
          {
            "x": 31,
            "y": 146.20492574601113,
            "side": "left",
            "color": [
              216,
              125,
              190
            ]
          },
          {
            "x": 19,
            "y": 124.20492574601104,
            "side": "left",
            "color": [
              110,
              198,
              201
            ]
          },
          {
            "x": 172,
            "y": 53.79507425398883,
            "side": "right",
            "color": [
              103,
              158,
              160
            ]
          },
          {
            "x": 144,
            "y": 48.795074253988844,
            "side": "right",
            "color": [
              206,
              224,
              131
            ]
          },
          {
            "x": 178,
            "y": 79.79507425398879,
            "side": "right",
            "color": [
              142,
              176,
              212
            ]
          }
        ]
      },
      {
        "frame_idx": 55,
        "left_objects": 3,
        "right_objects": 3,
        "total_objects": 6,
        "objects": [
          {
            "x": 46,
            "y": 168.11774257775684,
            "side": "left",
            "color": [
              149,
              133,
              200
            ]
          },
          {
            "x": 31,
            "y": 148.1177425777568,
            "side": "left",
            "color": [
              216,
              125,
              190
            ]
          },
          {
            "x": 19,
            "y": 126.1177425777567,
            "side": "left",
            "color": [
              110,
              198,
              201
            ]
          },
          {
            "x": 172,
            "y": 51.88225742224318,
            "side": "right",
            "color": [
              103,
              158,
              160
            ]
          },
          {
            "x": 144,
            "y": 46.88225742224319,
            "side": "right",
            "color": [
              206,
              224,
              131
            ]
          },
          {
            "x": 178,
            "y": 77.88225742224313,
            "side": "right",
            "color": [
              142,
              176,
              212
            ]
          }
        ]
      },
      {
        "frame_idx": 56,
        "left_objects": 3,
        "right_objects": 3,
        "total_objects": 6,
        "objects": [
          {
            "x": 46,
            "y": 170.0305594095025,
            "side": "left",
            "color": [
              149,
              133,
              200
            ]
          },
          {
            "x": 31,
            "y": 150.03055940950244,
            "side": "left",
            "color": [
              216,
              125,
              190
            ]
          },
          {
            "x": 19,
            "y": 128.03055940950236,
            "side": "left",
            "color": [
              110,
              198,
              201
            ]
          },
          {
            "x": 172,
            "y": 49.96944059049753,
            "side": "right",
            "color": [
              103,
              158,
              160
            ]
          },
          {
            "x": 144,
            "y": 44.96944059049754,
            "side": "right",
            "color": [
              206,
              224,
              131
            ]
          },
          {
            "x": 178,
            "y": 75.96944059049747,
            "side": "right",
            "color": [
              142,
              176,
              212
            ]
          }
        ]
      },
      {
        "frame_idx": 57,
        "left_objects": 3,
        "right_objects": 3,
        "total_objects": 6,
        "objects": [
          {
            "x": 46,
            "y": 171.94337624124816,
            "side": "left",
            "color": [
              149,
              133,
              200
            ]
          },
          {
            "x": 31,
            "y": 151.9433762412481,
            "side": "left",
            "color": [
              216,
              125,
              190
            ]
          },
          {
            "x": 19,
            "y": 129.94337624124802,
            "side": "left",
            "color": [
              110,
              198,
              201
            ]
          },
          {
            "x": 172,
            "y": 48.056623758751876,
            "side": "right",
            "color": [
              103,
              158,
              160
            ]
          },
          {
            "x": 144,
            "y": 43.05662375875189,
            "side": "right",
            "color": [
              206,
              224,
              131
            ]
          },
          {
            "x": 178,
            "y": 74.05662375875181,
            "side": "right",
            "color": [
              142,
              176,
              212
            ]
          }
        ]
      },
      {
        "frame_idx": 58,
        "left_objects": 3,
        "right_objects": 3,
        "total_objects": 6,
        "objects": [
          {
            "x": 46,
            "y": 173.85619307299382,
            "side": "left",
            "color": [
              149,
              133,
              200
            ]
          },
          {
            "x": 31,
            "y": 153.85619307299376,
            "side": "left",
            "color": [
              216,
              125,
              190
            ]
          },
          {
            "x": 19,
            "y": 131.85619307299368,
            "side": "left",
            "color": [
              110,
              198,
              201
            ]
          },
          {
            "x": 172,
            "y": 46.143806927006224,
            "side": "right",
            "color": [
              103,
              158,
              160
            ]
          },
          {
            "x": 144,
            "y": 41.14380692700624,
            "side": "right",
            "color": [
              206,
              224,
              131
            ]
          },
          {
            "x": 178,
            "y": 72.14380692700615,
            "side": "right",
            "color": [
              142,
              176,
              212
            ]
          }
        ]
      },
      {
        "frame_idx": 59,
        "left_objects": 3,
        "right_objects": 3,
        "total_objects": 6,
        "objects": [
          {
            "x": 46,
            "y": 175.76900990473948,
            "side": "left",
            "color": [
              149,
              133,
              200
            ]
          },
          {
            "x": 31,
            "y": 155.76900990473942,
            "side": "left",
            "color": [
              216,
              125,
              190
            ]
          },
          {
            "x": 19,
            "y": 133.76900990473933,
            "side": "left",
            "color": [
              110,
              198,
              201
            ]
          },
          {
            "x": 172,
            "y": 44.23099009526057,
            "side": "right",
            "color": [
              103,
              158,
              160
            ]
          },
          {
            "x": 144,
            "y": 39.23099009526059,
            "side": "right",
            "color": [
              206,
              224,
              131
            ]
          },
          {
            "x": 178,
            "y": 70.2309900952605,
            "side": "right",
            "color": [
              142,
              176,
              212
            ]
          }
        ]
      }
    ]
  }
}