{
  "sample_id": "observation_1_000000_727169",
  "sample_type": "observation_1",
  "configuration": {
    "video": {
      "width": 400,
      "height": 300,
      "num_frames": 60,
      "fps": 30
    },
    "objects": {
      "left_objects": 3,
      "right_objects": 3,
      "radius": 15,
      "velocity": 2
    },
    "colors": {
      "fixed_colors": {
        "left_1": [
          255,
          0,
          0
        ],
        "left_2": [
          255,
          0,
          0
        ],
        "left_3": [
          255,
          0,
          0
        ],
        "right_1": [
          0,
          0,
          255
        ],
        "right_2": [
          0,
          0,
          255
        ],
        "right_3": [
          0,
          0,
          255
        ]
      },
      "background": [
        0,
        0,
        0
      ]
    },
    "movement": {
      "patterns": {
        "left": {
          "direction": "down",
          "velocity": 2
        },
        "right": {
          "direction": "up",
          "velocity": 2
        }
      }
    },
    "interventions": {
      "enabled": false
    },
    "observation_variants": {
      "observation_1": {
        "placement": {
          "enabled": false
        }
      },
      "observation_2": {
        "placement": {
          "enabled": true,
          "cross_placements": [
            {
              "source_type": "left_2",
              "target_side": "right",
              "target_movement": "up"
            },
            {
              "source_type": "right_2",
              "target_side": "left",
              "target_movement": "down"
            }
          ]
        },
        "colors": {
          "fixed_colors": {
            "left_1": [
              255,
              0,
              0
            ],
            "left_2": [
              255,
              0,
              0
            ],
            "left_3": [
              255,
              0,
              0
            ],
            "right_1": [
              0,
              0,
              255
            ],
            "right_2": [
              0,
              0,
              255
            ],
            "right_3": [
              0,
              0,
              255
            ]
          }
        }
      },
      "observation_3": {
        "placement": {
          "enabled": true,
          "cross_placements": [
            {
              "source_type": "left_1",
              "target_side": "right",
              "target_movement": "up"
            },
            {
              "source_type": "left_3",
              "target_side": "right",
              "target_movement": "up"
            },
            {
              "source_type": "right_1",
              "target_side": "left",
              "target_movement": "down"
            },
            {
              "source_type": "right_3",
              "target_side": "left",
              "target_movement": "down"
            }
          ]
        }
      }
    },
    "placement": {
      "enabled": false
    }
  },
  "generation_info": {
    "timestamp": "2026-01-15T18:34:22.343815",
    "seed": 294026
  },
  "video_stats": {
    "num_frames": 60,
    "frame_size": [
      300,
      400,
      3
    ],
    "fps": 30
  },
  "rule_metadata": {
    "config": {
      "video": {
        "width": 400,
        "height": 300,
        "num_frames": 60,
        "fps": 30
      },
      "objects": {
        "left_objects": 3,
        "right_objects": 3,
        "radius": 15,
        "velocity": 2
      },
      "colors": {
        "fixed_colors": {
          "left_1": [
            255,
            0,
            0
          ],
          "left_2": [
            255,
            0,
            0
          ],
          "left_3": [
            255,
            0,
            0
          ],
          "right_1": [
            0,
            0,
            255
          ],
          "right_2": [
            0,
            0,
            255
          ],
          "right_3": [
            0,
            0,
            255
          ]
        },
        "background": [
          0,
          0,
          0
        ]
      },
      "movement": {
        "patterns": {
          "left": {
            "direction": "down",
            "velocity": 2
          },
          "right": {
            "direction": "up",
            "velocity": 2
          }
        }
      },
      "interventions": {
        "enabled": false
      },
      "observation_variants": {
        "observation_1": {
          "placement": {
            "enabled": false
          }
        },
        "observation_2": {
          "placement": {
            "enabled": true,
            "cross_placements": [
              {
                "source_type": "left_2",
                "target_side": "right",
                "target_movement": "up"
              },
              {
                "source_type": "right_2",
                "target_side": "left",
                "target_movement": "down"
              }
            ]
          },
          "colors": {
            "fixed_colors": {
              "left_1": [
                255,
                0,
                0
              ],
              "left_2": [
                255,
                0,
                0
              ],
              "left_3": [
                255,
                0,
                0
              ],
              "right_1": [
                0,
                0,
                255
              ],
              "right_2": [
                0,
                0,
                255
              ],
              "right_3": [
                0,
                0,
                255
              ]
            }
          }
        },
        "observation_3": {
          "placement": {
            "enabled": true,
            "cross_placements": [
              {
                "source_type": "left_1",
                "target_side": "right",
                "target_movement": "up"
              },
              {
                "source_type": "left_3",
                "target_side": "right",
                "target_movement": "up"
              },
              {
                "source_type": "right_1",
                "target_side": "left",
                "target_movement": "down"
              },
              {
                "source_type": "right_3",
                "target_side": "left",
                "target_movement": "down"
              }
            ]
          }
        }
      },
      "placement": {
        "enabled": false
      }
    },
    "video_stats": {
      "num_frames": 60,
      "fps": 30,
      "resolution": [
        400,
        300
      ]
    },
    "frame_data": [
      {
        "frame_index": 0,
        "objects": [
          {
            "entity_id": "left_1",
            "x": 144,
            "y": 82,
            "color": [
              255,
              0,
              0
            ],
            "intervention_active": false
          },
          {
            "entity_id": "left_2",
            "x": 59,
            "y": 31,
            "color": [
              255,
              0,
              0
            ],
            "intervention_active": false
          },
          {
            "entity_id": "left_3",
            "x": 180,
            "y": 40,
            "color": [
              255,
              0,
              0
            ],
            "intervention_active": false
          },
          {
            "entity_id": "right_1",
            "x": 216,
            "y": 212,
            "color": [
              0,
              0,
              255
            ],
            "intervention_active": false
          },
          {
            "entity_id": "right_2",
            "x": 367,
            "y": 248,
            "color": [
              0,
              0,
              255
            ],
            "intervention_active": false
          },
          {
            "entity_id": "right_3",
            "x": 261,
            "y": 267,
            "color": [
              0,
              0,
              255
            ],
            "intervention_active": false
          }
        ]
      },
      {
        "frame_index": 1,
        "objects": [
          {
            "entity_id": "left_1",
            "x": 144,
            "y": 86,
            "color": [
              255,
              0,
              0
            ],
            "intervention_active": false
          },
          {
            "entity_id": "left_2",
            "x": 59,
            "y": 35,
            "color": [
              255,
              0,
              0
            ],
            "intervention_active": false
          },
          {
            "entity_id": "left_3",
            "x": 180,
            "y": 44,
            "color": [
              255,
              0,
              0
            ],
            "intervention_active": false
          },
          {
            "entity_id": "right_1",
            "x": 216,
            "y": 208,
            "color": [
              0,
              0,
              255
            ],
            "intervention_active": false
          },
          {
            "entity_id": "right_2",
            "x": 367,
            "y": 244,
            "color": [
              0,
              0,
              255
            ],
            "intervention_active": false
          },
          {
            "entity_id": "right_3",
            "x": 261,
            "y": 263,
            "color": [
              0,
              0,
              255
            ],
            "intervention_active": false
          }
        ]
      },
      {
        "frame_index": 2,
        "objects": [
          {
            "entity_id": "left_1",
            "x": 144,
            "y": 90,
            "color": [
              255,
              0,
              0
            ],
            "intervention_active": false
          },
          {
            "entity_id": "left_2",
            "x": 59,
            "y": 39,
            "color": [
              255,
              0,
              0
            ],
            "intervention_active": false
          },
          {
            "entity_id": "left_3",
            "x": 180,
            "y": 48,
            "color": [
              255,
              0,
              0
            ],
            "intervention_active": false
          },
          {
            "entity_id": "right_1",
            "x": 216,
            "y": 204,
            "color": [
              0,
              0,
              255
            ],
            "intervention_active": false
          },
          {
            "entity_id": "right_2",
            "x": 367,
            "y": 240,
            "color": [
              0,
              0,
              255
            ],
            "intervention_active": false
          },
          {
            "entity_id": "right_3",
            "x": 261,
            "y": 259,
            "color": [
              0,
              0,
              255
            ],
            "intervention_active": false
          }
        ]
      },
      {
        "frame_index": 3,
        "objects": [
          {
            "entity_id": "left_1",
            "x": 144,
            "y": 94,
            "color": [
              255,
              0,
              0
            ],
            "intervention_active": false
          },
          {
            "entity_id": "left_2",
            "x": 59,
            "y": 43,
            "color": [
              255,
              0,
              0
            ],
            "intervention_active": false
          },
          {
            "entity_id": "left_3",
            "x": 180,
            "y": 52,
            "color": [
              255,
              0,
              0
            ],
            "intervention_active": false
          },
          {
            "entity_id": "right_1",
            "x": 216,
            "y": 200,
            "color": [
              0,
              0,
              255
            ],
            "intervention_active": false
          },
          {
            "entity_id": "right_2",
            "x": 367,
            "y": 236,
            "color": [
              0,
              0,
              255
            ],
            "intervention_active": false
          },
          {
            "entity_id": "right_3",
            "x": 261,
            "y": 255,
            "color": [
              0,
              0,
              255
            ],
            "intervention_active": false
          }
        ]
      },
      {
        "frame_index": 4,
        "objects": [
          {
            "entity_id": "left_1",
            "x": 144,
            "y": 98,
            "color": [
              255,
              0,
              0
            ],
            "intervention_active": false
          },
          {
            "entity_id": "left_2",
            "x": 59,
            "y": 47,
            "color": [
              255,
              0,
              0
            ],
            "intervention_active": false
          },
          {
            "entity_id": "left_3",
            "x": 180,
            "y": 56,
            "color": [
              255,
              0,
              0
            ],
            "intervention_active": false
          },
          {
            "entity_id": "right_1",
            "x": 216,
            "y": 196,
            "color": [
              0,
              0,
              255
            ],
            "intervention_active": false
          },
          {
            "entity_id": "right_2",
            "x": 367,
            "y": 232,
            "color": [
              0,
              0,
              255
            ],
            "intervention_active": false
          },
          {
            "entity_id": "right_3",
            "x": 261,
            "y": 251,
            "color": [
              0,
              0,
              255
            ],
            "intervention_active": false
          }
        ]
      },
      {
        "frame_index": 5,
        "objects": [
          {
            "entity_id": "left_1",
            "x": 144,
            "y": 102,
            "color": [
              255,
              0,
              0
            ],
            "intervention_active": false
          },
          {
            "entity_id": "left_2",
            "x": 59,
            "y": 51,
            "color": [
              255,
              0,
              0
            ],
            "intervention_active": false
          },
          {
            "entity_id": "left_3",
            "x": 180,
            "y": 60,
            "color": [
              255,
              0,
              0
            ],
            "intervention_active": false
          },
          {
            "entity_id": "right_1",
            "x": 216,
            "y": 192,
            "color": [
              0,
              0,
              255
            ],
            "intervention_active": false
          },
          {
            "entity_id": "right_2",
            "x": 367,
            "y": 228,
            "color": [
              0,
              0,
              255
            ],
            "intervention_active": false
          },
          {
            "entity_id": "right_3",
            "x": 261,
            "y": 247,
            "color": [
              0,
              0,
              255
            ],
            "intervention_active": false
          }
        ]
      },
      {
        "frame_index": 6,
        "objects": [
          {
            "entity_id": "left_1",
            "x": 144,
            "y": 106,
            "color": [
              255,
              0,
              0
            ],
            "intervention_active": false
          },
          {
            "entity_id": "left_2",
            "x": 59,
            "y": 55,
            "color": [
              255,
              0,
              0
            ],
            "intervention_active": false
          },
          {
            "entity_id": "left_3",
            "x": 180,
            "y": 64,
            "color": [
              255,
              0,
              0
            ],
            "intervention_active": false
          },
          {
            "entity_id": "right_1",
            "x": 216,
            "y": 188,
            "color": [
              0,
              0,
              255
            ],
            "intervention_active": false
          },
          {
            "entity_id": "right_2",
            "x": 367,
            "y": 224,
            "color": [
              0,
              0,
              255
            ],
            "intervention_active": false
          },
          {
            "entity_id": "right_3",
            "x": 261,
            "y": 243,
            "color": [
              0,
              0,
              255
            ],
            "intervention_active": false
          }
        ]
      },
      {
        "frame_index": 7,
        "objects": [
          {
            "entity_id": "left_1",
            "x": 144,
            "y": 110,
            "color": [
              255,
              0,
              0
            ],
            "intervention_active": false
          },
          {
            "entity_id": "left_2",
            "x": 59,
            "y": 59,
            "color": [
              255,
              0,
              0
            ],
            "intervention_active": false
          },
          {
            "entity_id": "left_3",
            "x": 180,
            "y": 68,
            "color": [
              255,
              0,
              0
            ],
            "intervention_active": false
          },
          {
            "entity_id": "right_1",
            "x": 216,
            "y": 184,
            "color": [
              0,
              0,
              255
            ],
            "intervention_active": false
          },
          {
            "entity_id": "right_2",
            "x": 367,
            "y": 220,
            "color": [
              0,
              0,
              255
            ],
            "intervention_active": false
          },
          {
            "entity_id": "right_3",
            "x": 261,
            "y": 239,
            "color": [
              0,
              0,
              255
            ],
            "intervention_active": false
          }
        ]
      },
      {
        "frame_index": 8,
        "objects": [
          {
            "entity_id": "left_1",
            "x": 144,
            "y": 114,
            "color": [
              255,
              0,
              0
            ],
            "intervention_active": false
          },
          {
            "entity_id": "left_2",
            "x": 59,
            "y": 63,
            "color": [
              255,
              0,
              0
            ],
            "intervention_active": false
          },
          {
            "entity_id": "left_3",
            "x": 180,
            "y": 72,
            "color": [
              255,
              0,
              0
            ],
            "intervention_active": false
          },
          {
            "entity_id": "right_1",
            "x": 216,
            "y": 180,
            "color": [
              0,
              0,
              255
            ],
            "intervention_active": false
          },
          {
            "entity_id": "right_2",
            "x": 367,
            "y": 216,
            "color": [
              0,
              0,
              255
            ],
            "intervention_active": false
          },
          {
            "entity_id": "right_3",
            "x": 261,
            "y": 235,
            "color": [
              0,
              0,
              255
            ],
            "intervention_active": false
          }
        ]
      },
      {
        "frame_index": 9,
        "objects": [
          {
            "entity_id": "left_1",
            "x": 144,
            "y": 118,
            "color": [
              255,
              0,
              0
            ],
            "intervention_active": false
          },
          {
            "entity_id": "left_2",
            "x": 59,
            "y": 67,
            "color": [
              255,
              0,
              0
            ],
            "intervention_active": false
          },
          {
            "entity_id": "left_3",
            "x": 180,
            "y": 76,
            "color": [
              255,
              0,
              0
            ],
            "intervention_active": false
          },
          {
            "entity_id": "right_1",
            "x": 216,
            "y": 176,
            "color": [
              0,
              0,
              255
            ],
            "intervention_active": false
          },
          {
            "entity_id": "right_2",
            "x": 367,
            "y": 212,
            "color": [
              0,
              0,
              255
            ],
            "intervention_active": false
          },
          {
            "entity_id": "right_3",
            "x": 261,
            "y": 231,
            "color": [
              0,
              0,
              255
            ],
            "intervention_active": false
          }
        ]
      },
      {
        "frame_index": 10,
        "objects": [
          {
            "entity_id": "left_1",
            "x": 144,
            "y": 122,
            "color": [
              255,
              0,
              0
            ],
            "intervention_active": false
          },
          {
            "entity_id": "left_2",
            "x": 59,
            "y": 71,
            "color": [
              255,
              0,
              0
            ],
            "intervention_active": false
          },
          {
            "entity_id": "left_3",
            "x": 180,
            "y": 80,
            "color": [
              255,
              0,
              0
            ],
            "intervention_active": false
          },
          {
            "entity_id": "right_1",
            "x": 216,
            "y": 172,
            "color": [
              0,
              0,
              255
            ],
            "intervention_active": false
          },
          {
            "entity_id": "right_2",
            "x": 367,
            "y": 208,
            "color": [
              0,
              0,
              255
            ],
            "intervention_active": false
          },
          {
            "entity_id": "right_3",
            "x": 261,
            "y": 227,
            "color": [
              0,
              0,
              255
            ],
            "intervention_active": false
          }
        ]
      },
      {
        "frame_index": 11,
        "objects": [
          {
            "entity_id": "left_1",
            "x": 144,
            "y": 126,
            "color": [
              255,
              0,
              0
            ],
            "intervention_active": false
          },
          {
            "entity_id": "left_2",
            "x": 59,
            "y": 75,
            "color": [
              255,
              0,
              0
            ],
            "intervention_active": false
          },
          {
            "entity_id": "left_3",
            "x": 180,
            "y": 84,
            "color": [
              255,
              0,
              0
            ],
            "intervention_active": false
          },
          {
            "entity_id": "right_1",
            "x": 216,
            "y": 168,
            "color": [
              0,
              0,
              255
            ],
            "intervention_active": false
          },
          {
            "entity_id": "right_2",
            "x": 367,
            "y": 204,
            "color": [
              0,
              0,
              255
            ],
            "intervention_active": false
          },
          {
            "entity_id": "right_3",
            "x": 261,
            "y": 223,
            "color": [
              0,
              0,
              255
            ],
            "intervention_active": false
          }
        ]
      },
      {
        "frame_index": 12,
        "objects": [
          {
            "entity_id": "left_1",
            "x": 144,
            "y": 130,
            "color": [
              255,
              0,
              0
            ],
            "intervention_active": false
          },
          {
            "entity_id": "left_2",
            "x": 59,
            "y": 79,
            "color": [
              255,
              0,
              0
            ],
            "intervention_active": false
          },
          {
            "entity_id": "left_3",
            "x": 180,
            "y": 88,
            "color": [
              255,
              0,
              0
            ],
            "intervention_active": false
          },
          {
            "entity_id": "right_1",
            "x": 216,
            "y": 164,
            "color": [
              0,
              0,
              255
            ],
            "intervention_active": false
          },
          {
            "entity_id": "right_2",
            "x": 367,
            "y": 200,
            "color": [
              0,
              0,
              255
            ],
            "intervention_active": false
          },
          {
            "entity_id": "right_3",
            "x": 261,
            "y": 219,
            "color": [
              0,
              0,
              255
            ],
            "intervention_active": false
          }
        ]
      },
      {
        "frame_index": 13,
        "objects": [
          {
            "entity_id": "left_1",
            "x": 144,
            "y": 134,
            "color": [
              255,
              0,
              0
            ],
            "intervention_active": false
          },
          {
            "entity_id": "left_2",
            "x": 59,
            "y": 83,
            "color": [
              255,
              0,
              0
            ],
            "intervention_active": false
          },
          {
            "entity_id": "left_3",
            "x": 180,
            "y": 92,
            "color": [
              255,
              0,
              0
            ],
            "intervention_active": false
          },
          {
            "entity_id": "right_1",
            "x": 216,
            "y": 160,
            "color": [
              0,
              0,
              255
            ],
            "intervention_active": false
          },
          {
            "entity_id": "right_2",
            "x": 367,
            "y": 196,
            "color": [
              0,
              0,
              255
            ],
            "intervention_active": false
          },
          {
            "entity_id": "right_3",
            "x": 261,
            "y": 215,
            "color": [
              0,
              0,
              255
            ],
            "intervention_active": false
          }
        ]
      },
      {
        "frame_index": 14,
        "objects": [
          {
            "entity_id": "left_1",
            "x": 144,
            "y": 138,
            "color": [
              255,
              0,
              0
            ],
            "intervention_active": false
          },
          {
            "entity_id": "left_2",
            "x": 59,
            "y": 87,
            "color": [
              255,
              0,
              0
            ],
            "intervention_active": false
          },
          {
            "entity_id": "left_3",
            "x": 180,
            "y": 96,
            "color": [
              255,
              0,
              0
            ],
            "intervention_active": false
          },
          {
            "entity_id": "right_1",
            "x": 216,
            "y": 156,
            "color": [
              0,
              0,
              255
            ],
            "intervention_active": false
          },
          {
            "entity_id": "right_2",
            "x": 367,
            "y": 192,
            "color": [
              0,
              0,
              255
            ],
            "intervention_active": false
          },
          {
            "entity_id": "right_3",
            "x": 261,
            "y": 211,
            "color": [
              0,
              0,
              255
            ],
            "intervention_active": false
          }
        ]
      },
      {
        "frame_index": 15,
        "objects": [
          {
            "entity_id": "left_1",
            "x": 144,
            "y": 142,
            "color": [
              255,
              0,
              0
            ],
            "intervention_active": false
          },
          {
            "entity_id": "left_2",
            "x": 59,
            "y": 91,
            "color": [
              255,
              0,
              0
            ],
            "intervention_active": false
          },
          {
            "entity_id": "left_3",
            "x": 180,
            "y": 100,
            "color": [
              255,
              0,
              0
            ],
            "intervention_active": false
          },
          {
            "entity_id": "right_1",
            "x": 216,
            "y": 152,
            "color": [
              0,
              0,
              255
            ],
            "intervention_active": false
          },
          {
            "entity_id": "right_2",
            "x": 367,
            "y": 188,
            "color": [
              0,
              0,
              255
            ],
            "intervention_active": false
          },
          {
            "entity_id": "right_3",
            "x": 261,
            "y": 207,
            "color": [
              0,
              0,
              255
            ],
            "intervention_active": false
          }
        ]
      },
      {
        "frame_index": 16,
        "objects": [
          {
            "entity_id": "left_1",
            "x": 144,
            "y": 146,
            "color": [
              255,
              0,
              0
            ],
            "intervention_active": false
          },
          {
            "entity_id": "left_2",
            "x": 59,
            "y": 95,
            "color": [
              255,
              0,
              0
            ],
            "intervention_active": false
          },
          {
            "entity_id": "left_3",
            "x": 180,
            "y": 104,
            "color": [
              255,
              0,
              0
            ],
            "intervention_active": false
          },
          {
            "entity_id": "right_1",
            "x": 216,
            "y": 148,
            "color": [
              0,
              0,
              255
            ],
            "intervention_active": false
          },
          {
            "entity_id": "right_2",
            "x": 367,
            "y": 184,
            "color": [
              0,
              0,
              255
            ],
            "intervention_active": false
          },
          {
            "entity_id": "right_3",
            "x": 261,
            "y": 203,
            "color": [
              0,
              0,
              255
            ],
            "intervention_active": false
          }
        ]
      },
      {
        "frame_index": 17,
        "objects": [
          {
            "entity_id": "left_1",
            "x": 144,
            "y": 150,
            "color": [
              255,
              0,
              0
            ],
            "intervention_active": false
          },
          {
            "entity_id": "left_2",
            "x": 59,
            "y": 99,
            "color": [
              255,
              0,
              0
            ],
            "intervention_active": false
          },
          {
            "entity_id": "left_3",
            "x": 180,
            "y": 108,
            "color": [
              255,
              0,
              0
            ],
            "intervention_active": false
          },
          {
            "entity_id": "right_1",
            "x": 216,
            "y": 144,
            "color": [
              0,
              0,
              255
            ],
            "intervention_active": false
          },
          {
            "entity_id": "right_2",
            "x": 367,
            "y": 180,
            "color": [
              0,
              0,
              255
            ],
            "intervention_active": false
          },
          {
            "entity_id": "right_3",
            "x": 261,
            "y": 199,
            "color": [
              0,
              0,
              255
            ],
            "intervention_active": false
          }
        ]
      },
      {
        "frame_index": 18,
        "objects": [
          {
            "entity_id": "left_1",
            "x": 144,
            "y": 154,
            "color": [
              255,
              0,
              0
            ],
            "intervention_active": false
          },
          {
            "entity_id": "left_2",
            "x": 59,
            "y": 103,
            "color": [
              255,
              0,
              0
            ],
            "intervention_active": false
          },
          {
            "entity_id": "left_3",
            "x": 180,
            "y": 112,
            "color": [
              255,
              0,
              0
            ],
            "intervention_active": false
          },
          {
            "entity_id": "right_1",
            "x": 216,
            "y": 140,
            "color": [
              0,
              0,
              255
            ],
            "intervention_active": false
          },
          {
            "entity_id": "right_2",
            "x": 367,
            "y": 176,
            "color": [
              0,
              0,
              255
            ],
            "intervention_active": false
          },
          {
            "entity_id": "right_3",
            "x": 261,
            "y": 195,
            "color": [
              0,
              0,
              255
            ],
            "intervention_active": false
          }
        ]
      },
      {
        "frame_index": 19,
        "objects": [
          {
            "entity_id": "left_1",
            "x": 144,
            "y": 158,
            "color": [
              255,
              0,
              0
            ],
            "intervention_active": false
          },
          {
            "entity_id": "left_2",
            "x": 59,
            "y": 107,
            "color": [
              255,
              0,
              0
            ],
            "intervention_active": false
          },
          {
            "entity_id": "left_3",
            "x": 180,
            "y": 116,
            "color": [
              255,
              0,
              0
            ],
            "intervention_active": false
          },
          {
            "entity_id": "right_1",
            "x": 216,
            "y": 136,
            "color": [
              0,
              0,
              255
            ],
            "intervention_active": false
          },
          {
            "entity_id": "right_2",
            "x": 367,
            "y": 172,
            "color": [
              0,
              0,
              255
            ],
            "intervention_active": false
          },
          {
            "entity_id": "right_3",
            "x": 261,
            "y": 191,
            "color": [
              0,
              0,
              255
            ],
            "intervention_active": false
          }
        ]
      },
      {
        "frame_index": 20,
        "objects": [
          {
            "entity_id": "left_1",
            "x": 144,
            "y": 162,
            "color": [
              255,
              0,
              0
            ],
            "intervention_active": false
          },
          {
            "entity_id": "left_2",
            "x": 59,
            "y": 111,
            "color": [
              255,
              0,
              0
            ],
            "intervention_active": false
          },
          {
            "entity_id": "left_3",
            "x": 180,
            "y": 120,
            "color": [
              255,
              0,
              0
            ],
            "intervention_active": false
          },
          {
            "entity_id": "right_1",
            "x": 216,
            "y": 132,
            "color": [
              0,
              0,
              255
            ],
            "intervention_active": false
          },
          {
            "entity_id": "right_2",
            "x": 367,
            "y": 168,
            "color": [
              0,
              0,
              255
            ],
            "intervention_active": false
          },
          {
            "entity_id": "right_3",
            "x": 261,
            "y": 187,
            "color": [
              0,
              0,
              255
            ],
            "intervention_active": false
          }
        ]
      },
      {
        "frame_index": 21,
        "objects": [
          {
            "entity_id": "left_1",
            "x": 144,
            "y": 166,
            "color": [
              255,
              0,
              0
            ],
            "intervention_active": false
          },
          {
            "entity_id": "left_2",
            "x": 59,
            "y": 115,
            "color": [
              255,
              0,
              0
            ],
            "intervention_active": false
          },
          {
            "entity_id": "left_3",
            "x": 180,
            "y": 124,
            "color": [
              255,
              0,
              0
            ],
            "intervention_active": false
          },
          {
            "entity_id": "right_1",
            "x": 216,
            "y": 128,
            "color": [
              0,
              0,
              255
            ],
            "intervention_active": false
          },
          {
            "entity_id": "right_2",
            "x": 367,
            "y": 164,
            "color": [
              0,
              0,
              255
            ],
            "intervention_active": false
          },
          {
            "entity_id": "right_3",
            "x": 261,
            "y": 183,
            "color": [
              0,
              0,
              255
            ],
            "intervention_active": false
          }
        ]
      },
      {
        "frame_index": 22,
        "objects": [
          {
            "entity_id": "left_1",
            "x": 144,
            "y": 170,
            "color": [
              255,
              0,
              0
            ],
            "intervention_active": false
          },
          {
            "entity_id": "left_2",
            "x": 59,
            "y": 119,
            "color": [
              255,
              0,
              0
            ],
            "intervention_active": false
          },
          {
            "entity_id": "left_3",
            "x": 180,
            "y": 128,
            "color": [
              255,
              0,
              0
            ],
            "intervention_active": false
          },
          {
            "entity_id": "right_1",
            "x": 216,
            "y": 124,
            "color": [
              0,
              0,
              255
            ],
            "intervention_active": false
          },
          {
            "entity_id": "right_2",
            "x": 367,
            "y": 160,
            "color": [
              0,
              0,
              255
            ],
            "intervention_active": false
          },
          {
            "entity_id": "right_3",
            "x": 261,
            "y": 179,
            "color": [
              0,
              0,
              255
            ],
            "intervention_active": false
          }
        ]
      },
      {
        "frame_index": 23,
        "objects": [
          {
            "entity_id": "left_1",
            "x": 144,
            "y": 174,
            "color": [
              255,
              0,
              0
            ],
            "intervention_active": false
          },
          {
            "entity_id": "left_2",
            "x": 59,
            "y": 123,
            "color": [
              255,
              0,
              0
            ],
            "intervention_active": false
          },
          {
            "entity_id": "left_3",
            "x": 180,
            "y": 132,
            "color": [
              255,
              0,
              0
            ],
            "intervention_active": false
          },
          {
            "entity_id": "right_1",
            "x": 216,
            "y": 120,
            "color": [
              0,
              0,
              255
            ],
            "intervention_active": false
          },
          {
            "entity_id": "right_2",
            "x": 367,
            "y": 156,
            "color": [
              0,
              0,
              255
            ],
            "intervention_active": false
          },
          {
            "entity_id": "right_3",
            "x": 261,
            "y": 175,
            "color": [
              0,
              0,
              255
            ],
            "intervention_active": false
          }
        ]
      },
      {
        "frame_index": 24,
        "objects": [
          {
            "entity_id": "left_1",
            "x": 144,
            "y": 178,
            "color": [
              255,
              0,
              0
            ],
            "intervention_active": false
          },
          {
            "entity_id": "left_2",
            "x": 59,
            "y": 127,
            "color": [
              255,
              0,
              0
            ],
            "intervention_active": false
          },
          {
            "entity_id": "left_3",
            "x": 180,
            "y": 136,
            "color": [
              255,
              0,
              0
            ],
            "intervention_active": false
          },
          {
            "entity_id": "right_1",
            "x": 216,
            "y": 116,
            "color": [
              0,
              0,
              255
            ],
            "intervention_active": false
          },
          {
            "entity_id": "right_2",
            "x": 367,
            "y": 152,
            "color": [
              0,
              0,
              255
            ],
            "intervention_active": false
          },
          {
            "entity_id": "right_3",
            "x": 261,
            "y": 171,
            "color": [
              0,
              0,
              255
            ],
            "intervention_active": false
          }
        ]
      },
      {
        "frame_index": 25,
        "objects": [
          {
            "entity_id": "left_1",
            "x": 144,
            "y": 182,
            "color": [
              255,
              0,
              0
            ],
            "intervention_active": false
          },
          {
            "entity_id": "left_2",
            "x": 59,
            "y": 131,
            "color": [
              255,
              0,
              0
            ],
            "intervention_active": false
          },
          {
            "entity_id": "left_3",
            "x": 180,
            "y": 140,
            "color": [
              255,
              0,
              0
            ],
            "intervention_active": false
          },
          {
            "entity_id": "right_1",
            "x": 216,
            "y": 112,
            "color": [
              0,
              0,
              255
            ],
            "intervention_active": false
          },
          {
            "entity_id": "right_2",
            "x": 367,
            "y": 148,
            "color": [
              0,
              0,
              255
            ],
            "intervention_active": false
          },
          {
            "entity_id": "right_3",
            "x": 261,
            "y": 167,
            "color": [
              0,
              0,
              255
            ],
            "intervention_active": false
          }
        ]
      },
      {
        "frame_index": 26,
        "objects": [
          {
            "entity_id": "left_1",
            "x": 144,
            "y": 186,
            "color": [
              255,
              0,
              0
            ],
            "intervention_active": false
          },
          {
            "entity_id": "left_2",
            "x": 59,
            "y": 135,
            "color": [
              255,
              0,
              0
            ],
            "intervention_active": false
          },
          {
            "entity_id": "left_3",
            "x": 180,
            "y": 144,
            "color": [
              255,
              0,
              0
            ],
            "intervention_active": false
          },
          {
            "entity_id": "right_1",
            "x": 216,
            "y": 108,
            "color": [
              0,
              0,
              255
            ],
            "intervention_active": false
          },
          {
            "entity_id": "right_2",
            "x": 367,
            "y": 144,
            "color": [
              0,
              0,
              255
            ],
            "intervention_active": false
          },
          {
            "entity_id": "right_3",
            "x": 261,
            "y": 163,
            "color": [
              0,
              0,
              255
            ],
            "intervention_active": false
          }
        ]
      },
      {
        "frame_index": 27,
        "objects": [
          {
            "entity_id": "left_1",
            "x": 144,
            "y": 190,
            "color": [
              255,
              0,
              0
            ],
            "intervention_active": false
          },
          {
            "entity_id": "left_2",
            "x": 59,
            "y": 139,
            "color": [
              255,
              0,
              0
            ],
            "intervention_active": false
          },
          {
            "entity_id": "left_3",
            "x": 180,
            "y": 148,
            "color": [
              255,
              0,
              0
            ],
            "intervention_active": false
          },
          {
            "entity_id": "right_1",
            "x": 216,
            "y": 104,
            "color": [
              0,
              0,
              255
            ],
            "intervention_active": false
          },
          {
            "entity_id": "right_2",
            "x": 367,
            "y": 140,
            "color": [
              0,
              0,
              255
            ],
            "intervention_active": false
          },
          {
            "entity_id": "right_3",
            "x": 261,
            "y": 159,
            "color": [
              0,
              0,
              255
            ],
            "intervention_active": false
          }
        ]
      },
      {
        "frame_index": 28,
        "objects": [
          {
            "entity_id": "left_1",
            "x": 144,
            "y": 194,
            "color": [
              255,
              0,
              0
            ],
            "intervention_active": false
          },
          {
            "entity_id": "left_2",
            "x": 59,
            "y": 143,
            "color": [
              255,
              0,
              0
            ],
            "intervention_active": false
          },
          {
            "entity_id": "left_3",
            "x": 180,
            "y": 152,
            "color": [
              255,
              0,
              0
            ],
            "intervention_active": false
          },
          {
            "entity_id": "right_1",
            "x": 216,
            "y": 100,
            "color": [
              0,
              0,
              255
            ],
            "intervention_active": false
          },
          {
            "entity_id": "right_2",
            "x": 367,
            "y": 136,
            "color": [
              0,
              0,
              255
            ],
            "intervention_active": false
          },
          {
            "entity_id": "right_3",
            "x": 261,
            "y": 155,
            "color": [
              0,
              0,
              255
            ],
            "intervention_active": false
          }
        ]
      },
      {
        "frame_index": 29,
        "objects": [
          {
            "entity_id": "left_1",
            "x": 144,
            "y": 198,
            "color": [
              255,
              0,
              0
            ],
            "intervention_active": false
          },
          {
            "entity_id": "left_2",
            "x": 59,
            "y": 147,
            "color": [
              255,
              0,
              0
            ],
            "intervention_active": false
          },
          {
            "entity_id": "left_3",
            "x": 180,
            "y": 156,
            "color": [
              255,
              0,
              0
            ],
            "intervention_active": false
          },
          {
            "entity_id": "right_1",
            "x": 216,
            "y": 96,
            "color": [
              0,
              0,
              255
            ],
            "intervention_active": false
          },
          {
            "entity_id": "right_2",
            "x": 367,
            "y": 132,
            "color": [
              0,
              0,
              255
            ],
            "intervention_active": false
          },
          {
            "entity_id": "right_3",
            "x": 261,
            "y": 151,
            "color": [
              0,
              0,
              255
            ],
            "intervention_active": false
          }
        ]
      },
      {
        "frame_index": 30,
        "objects": [
          {
            "entity_id": "left_1",
            "x": 144,
            "y": 202,
            "color": [
              255,
              0,
              0
            ],
            "intervention_active": false
          },
          {
            "entity_id": "left_2",
            "x": 59,
            "y": 151,
            "color": [
              255,
              0,
              0
            ],
            "intervention_active": false
          },
          {
            "entity_id": "left_3",
            "x": 180,
            "y": 160,
            "color": [
              255,
              0,
              0
            ],
            "intervention_active": false
          },
          {
            "entity_id": "right_1",
            "x": 216,
            "y": 92,
            "color": [
              0,
              0,
              255
            ],
            "intervention_active": false
          },
          {
            "entity_id": "right_2",
            "x": 367,
            "y": 128,
            "color": [
              0,
              0,
              255
            ],
            "intervention_active": false
          },
          {
            "entity_id": "right_3",
            "x": 261,
            "y": 147,
            "color": [
              0,
              0,
              255
            ],
            "intervention_active": false
          }
        ]
      },
      {
        "frame_index": 31,
        "objects": [
          {
            "entity_id": "left_1",
            "x": 144,
            "y": 206,
            "color": [
              255,
              0,
              0
            ],
            "intervention_active": false
          },
          {
            "entity_id": "left_2",
            "x": 59,
            "y": 155,
            "color": [
              255,
              0,
              0
            ],
            "intervention_active": false
          },
          {
            "entity_id": "left_3",
            "x": 180,
            "y": 164,
            "color": [
              255,
              0,
              0
            ],
            "intervention_active": false
          },
          {
            "entity_id": "right_1",
            "x": 216,
            "y": 88,
            "color": [
              0,
              0,
              255
            ],
            "intervention_active": false
          },
          {
            "entity_id": "right_2",
            "x": 367,
            "y": 124,
            "color": [
              0,
              0,
              255
            ],
            "intervention_active": false
          },
          {
            "entity_id": "right_3",
            "x": 261,
            "y": 143,
            "color": [
              0,
              0,
              255
            ],
            "intervention_active": false
          }
        ]
      },
      {
        "frame_index": 32,
        "objects": [
          {
            "entity_id": "left_1",
            "x": 144,
            "y": 210,
            "color": [
              255,
              0,
              0
            ],
            "intervention_active": false
          },
          {
            "entity_id": "left_2",
            "x": 59,
            "y": 159,
            "color": [
              255,
              0,
              0
            ],
            "intervention_active": false
          },
          {
            "entity_id": "left_3",
            "x": 180,
            "y": 168,
            "color": [
              255,
              0,
              0
            ],
            "intervention_active": false
          },
          {
            "entity_id": "right_1",
            "x": 216,
            "y": 84,
            "color": [
              0,
              0,
              255
            ],
            "intervention_active": false
          },
          {
            "entity_id": "right_2",
            "x": 367,
            "y": 120,
            "color": [
              0,
              0,
              255
            ],
            "intervention_active": false
          },
          {
            "entity_id": "right_3",
            "x": 261,
            "y": 139,
            "color": [
              0,
              0,
              255
            ],
            "intervention_active": false
          }
        ]
      },
      {
        "frame_index": 33,
        "objects": [
          {
            "entity_id": "left_1",
            "x": 144,
            "y": 214,
            "color": [
              255,
              0,
              0
            ],
            "intervention_active": false
          },
          {
            "entity_id": "left_2",
            "x": 59,
            "y": 163,
            "color": [
              255,
              0,
              0
            ],
            "intervention_active": false
          },
          {
            "entity_id": "left_3",
            "x": 180,
            "y": 172,
            "color": [
              255,
              0,
              0
            ],
            "intervention_active": false
          },
          {
            "entity_id": "right_1",
            "x": 216,
            "y": 80,
            "color": [
              0,
              0,
              255
            ],
            "intervention_active": false
          },
          {
            "entity_id": "right_2",
            "x": 367,
            "y": 116,
            "color": [
              0,
              0,
              255
            ],
            "intervention_active": false
          },
          {
            "entity_id": "right_3",
            "x": 261,
            "y": 135,
            "color": [
              0,
              0,
              255
            ],
            "intervention_active": false
          }
        ]
      },
      {
        "frame_index": 34,
        "objects": [
          {
            "entity_id": "left_1",
            "x": 144,
            "y": 218,
            "color": [
              255,
              0,
              0
            ],
            "intervention_active": false
          },
          {
            "entity_id": "left_2",
            "x": 59,
            "y": 167,
            "color": [
              255,
              0,
              0
            ],
            "intervention_active": false
          },
          {
            "entity_id": "left_3",
            "x": 180,
            "y": 176,
            "color": [
              255,
              0,
              0
            ],
            "intervention_active": false
          },
          {
            "entity_id": "right_1",
            "x": 216,
            "y": 76,
            "color": [
              0,
              0,
              255
            ],
            "intervention_active": false
          },
          {
            "entity_id": "right_2",
            "x": 367,
            "y": 112,
            "color": [
              0,
              0,
              255
            ],
            "intervention_active": false
          },
          {
            "entity_id": "right_3",
            "x": 261,
            "y": 131,
            "color": [
              0,
              0,
              255
            ],
            "intervention_active": false
          }
        ]
      },
      {
        "frame_index": 35,
        "objects": [
          {
            "entity_id": "left_1",
            "x": 144,
            "y": 222,
            "color": [
              255,
              0,
              0
            ],
            "intervention_active": false
          },
          {
            "entity_id": "left_2",
            "x": 59,
            "y": 171,
            "color": [
              255,
              0,
              0
            ],
            "intervention_active": false
          },
          {
            "entity_id": "left_3",
            "x": 180,
            "y": 180,
            "color": [
              255,
              0,
              0
            ],
            "intervention_active": false
          },
          {
            "entity_id": "right_1",
            "x": 216,
            "y": 72,
            "color": [
              0,
              0,
              255
            ],
            "intervention_active": false
          },
          {
            "entity_id": "right_2",
            "x": 367,
            "y": 108,
            "color": [
              0,
              0,
              255
            ],
            "intervention_active": false
          },
          {
            "entity_id": "right_3",
            "x": 261,
            "y": 127,
            "color": [
              0,
              0,
              255
            ],
            "intervention_active": false
          }
        ]
      },
      {
        "frame_index": 36,
        "objects": [
          {
            "entity_id": "left_1",
            "x": 144,
            "y": 226,
            "color": [
              255,
              0,
              0
            ],
            "intervention_active": false
          },
          {
            "entity_id": "left_2",
            "x": 59,
            "y": 175,
            "color": [
              255,
              0,
              0
            ],
            "intervention_active": false
          },
          {
            "entity_id": "left_3",
            "x": 180,
            "y": 184,
            "color": [
              255,
              0,
              0
            ],
            "intervention_active": false
          },
          {
            "entity_id": "right_1",
            "x": 216,
            "y": 68,
            "color": [
              0,
              0,
              255
            ],
            "intervention_active": false
          },
          {
            "entity_id": "right_2",
            "x": 367,
            "y": 104,
            "color": [
              0,
              0,
              255
            ],
            "intervention_active": false
          },
          {
            "entity_id": "right_3",
            "x": 261,
            "y": 123,
            "color": [
              0,
              0,
              255
            ],
            "intervention_active": false
          }
        ]
      },
      {
        "frame_index": 37,
        "objects": [
          {
            "entity_id": "left_1",
            "x": 144,
            "y": 230,
            "color": [
              255,
              0,
              0
            ],
            "intervention_active": false
          },
          {
            "entity_id": "left_2",
            "x": 59,
            "y": 179,
            "color": [
              255,
              0,
              0
            ],
            "intervention_active": false
          },
          {
            "entity_id": "left_3",
            "x": 180,
            "y": 188,
            "color": [
              255,
              0,
              0
            ],
            "intervention_active": false
          },
          {
            "entity_id": "right_1",
            "x": 216,
            "y": 64,
            "color": [
              0,
              0,
              255
            ],
            "intervention_active": false
          },
          {
            "entity_id": "right_2",
            "x": 367,
            "y": 100,
            "color": [
              0,
              0,
              255
            ],
            "intervention_active": false
          },
          {
            "entity_id": "right_3",
            "x": 261,
            "y": 119,
            "color": [
              0,
              0,
              255
            ],
            "intervention_active": false
          }
        ]
      },
      {
        "frame_index": 38,
        "objects": [
          {
            "entity_id": "left_1",
            "x": 144,
            "y": 234,
            "color": [
              255,
              0,
              0
            ],
            "intervention_active": false
          },
          {
            "entity_id": "left_2",
            "x": 59,
            "y": 183,
            "color": [
              255,
              0,
              0
            ],
            "intervention_active": false
          },
          {
            "entity_id": "left_3",
            "x": 180,
            "y": 192,
            "color": [
              255,
              0,
              0
            ],
            "intervention_active": false
          },
          {
            "entity_id": "right_1",
            "x": 216,
            "y": 60,
            "color": [
              0,
              0,
              255
            ],
            "intervention_active": false
          },
          {
            "entity_id": "right_2",
            "x": 367,
            "y": 96,
            "color": [
              0,
              0,
              255
            ],
            "intervention_active": false
          },
          {
            "entity_id": "right_3",
            "x": 261,
            "y": 115,
            "color": [
              0,
              0,
              255
            ],
            "intervention_active": false
          }
        ]
      },
      {
        "frame_index": 39,
        "objects": [
          {
            "entity_id": "left_1",
            "x": 144,
            "y": 238,
            "color": [
              255,
              0,
              0
            ],
            "intervention_active": false
          },
          {
            "entity_id": "left_2",
            "x": 59,
            "y": 187,
            "color": [
              255,
              0,
              0
            ],
            "intervention_active": false
          },
          {
            "entity_id": "left_3",
            "x": 180,
            "y": 196,
            "color": [
              255,
              0,
              0
            ],
            "intervention_active": false
          },
          {
            "entity_id": "right_1",
            "x": 216,
            "y": 56,
            "color": [
              0,
              0,
              255
            ],
            "intervention_active": false
          },
          {
            "entity_id": "right_2",
            "x": 367,
            "y": 92,
            "color": [
              0,
              0,
              255
            ],
            "intervention_active": false
          },
          {
            "entity_id": "right_3",
            "x": 261,
            "y": 111,
            "color": [
              0,
              0,
              255
            ],
            "intervention_active": false
          }
        ]
      },
      {
        "frame_index": 40,
        "objects": [
          {
            "entity_id": "left_1",
            "x": 144,
            "y": 242,
            "color": [
              255,
              0,
              0
            ],
            "intervention_active": false
          },
          {
            "entity_id": "left_2",
            "x": 59,
            "y": 191,
            "color": [
              255,
              0,
              0
            ],
            "intervention_active": false
          },
          {
            "entity_id": "left_3",
            "x": 180,
            "y": 200,
            "color": [
              255,
              0,
              0
            ],
            "intervention_active": false
          },
          {
            "entity_id": "right_1",
            "x": 216,
            "y": 52,
            "color": [
              0,
              0,
              255
            ],
            "intervention_active": false
          },
          {
            "entity_id": "right_2",
            "x": 367,
            "y": 88,
            "color": [
              0,
              0,
              255
            ],
            "intervention_active": false
          },
          {
            "entity_id": "right_3",
            "x": 261,
            "y": 107,
            "color": [
              0,
              0,
              255
            ],
            "intervention_active": false
          }
        ]
      },
      {
        "frame_index": 41,
        "objects": [
          {
            "entity_id": "left_1",
            "x": 144,
            "y": 246,
            "color": [
              255,
              0,
              0
            ],
            "intervention_active": false
          },
          {
            "entity_id": "left_2",
            "x": 59,
            "y": 195,
            "color": [
              255,
              0,
              0
            ],
            "intervention_active": false
          },
          {
            "entity_id": "left_3",
            "x": 180,
            "y": 204,
            "color": [
              255,
              0,
              0
            ],
            "intervention_active": false
          },
          {
            "entity_id": "right_1",
            "x": 216,
            "y": 48,
            "color": [
              0,
              0,
              255
            ],
            "intervention_active": false
          },
          {
            "entity_id": "right_2",
            "x": 367,
            "y": 84,
            "color": [
              0,
              0,
              255
            ],
            "intervention_active": false
          },
          {
            "entity_id": "right_3",
            "x": 261,
            "y": 103,
            "color": [
              0,
              0,
              255
            ],
            "intervention_active": false
          }
        ]
      },
      {
        "frame_index": 42,
        "objects": [
          {
            "entity_id": "left_1",
            "x": 144,
            "y": 250,
            "color": [
              255,
              0,
              0
            ],
            "intervention_active": false
          },
          {
            "entity_id": "left_2",
            "x": 59,
            "y": 199,
            "color": [
              255,
              0,
              0
            ],
            "intervention_active": false
          },
          {
            "entity_id": "left_3",
            "x": 180,
            "y": 208,
            "color": [
              255,
              0,
              0
            ],
            "intervention_active": false
          },
          {
            "entity_id": "right_1",
            "x": 216,
            "y": 44,
            "color": [
              0,
              0,
              255
            ],
            "intervention_active": false
          },
          {
            "entity_id": "right_2",
            "x": 367,
            "y": 80,
            "color": [
              0,
              0,
              255
            ],
            "intervention_active": false
          },
          {
            "entity_id": "right_3",
            "x": 261,
            "y": 99,
            "color": [
              0,
              0,
              255
            ],
            "intervention_active": false
          }
        ]
      },
      {
        "frame_index": 43,
        "objects": [
          {
            "entity_id": "left_1",
            "x": 144,
            "y": 254,
            "color": [
              255,
              0,
              0
            ],
            "intervention_active": false
          },
          {
            "entity_id": "left_2",
            "x": 59,
            "y": 203,
            "color": [
              255,
              0,
              0
            ],
            "intervention_active": false
          },
          {
            "entity_id": "left_3",
            "x": 180,
            "y": 212,
            "color": [
              255,
              0,
              0
            ],
            "intervention_active": false
          },
          {
            "entity_id": "right_1",
            "x": 216,
            "y": 40,
            "color": [
              0,
              0,
              255
            ],
            "intervention_active": false
          },
          {
            "entity_id": "right_2",
            "x": 367,
            "y": 76,
            "color": [
              0,
              0,
              255
            ],
            "intervention_active": false
          },
          {
            "entity_id": "right_3",
            "x": 261,
            "y": 95,
            "color": [
              0,
              0,
              255
            ],
            "intervention_active": false
          }
        ]
      },
      {
        "frame_index": 44,
        "objects": [
          {
            "entity_id": "left_1",
            "x": 144,
            "y": 258,
            "color": [
              255,
              0,
              0
            ],
            "intervention_active": false
          },
          {
            "entity_id": "left_2",
            "x": 59,
            "y": 207,
            "color": [
              255,
              0,
              0
            ],
            "intervention_active": false
          },
          {
            "entity_id": "left_3",
            "x": 180,
            "y": 216,
            "color": [
              255,
              0,
              0
            ],
            "intervention_active": false
          },
          {
            "entity_id": "right_1",
            "x": 216,
            "y": 36,
            "color": [
              0,
              0,
              255
            ],
            "intervention_active": false
          },
          {
            "entity_id": "right_2",
            "x": 367,
            "y": 72,
            "color": [
              0,
              0,
              255
            ],
            "intervention_active": false
          },
          {
            "entity_id": "right_3",
            "x": 261,
            "y": 91,
            "color": [
              0,
              0,
              255
            ],
            "intervention_active": false
          }
        ]
      },
      {
        "frame_index": 45,
        "objects": [
          {
            "entity_id": "left_1",
            "x": 144,
            "y": 262,
            "color": [
              255,
              0,
              0
            ],
            "intervention_active": false
          },
          {
            "entity_id": "left_2",
            "x": 59,
            "y": 211,
            "color": [
              255,
              0,
              0
            ],
            "intervention_active": false
          },
          {
            "entity_id": "left_3",
            "x": 180,
            "y": 220,
            "color": [
              255,
              0,
              0
            ],
            "intervention_active": false
          },
          {
            "entity_id": "right_1",
            "x": 216,
            "y": 32,
            "color": [
              0,
              0,
              255
            ],
            "intervention_active": false
          },
          {
            "entity_id": "right_2",
            "x": 367,
            "y": 68,
            "color": [
              0,
              0,
              255
            ],
            "intervention_active": false
          },
          {
            "entity_id": "right_3",
            "x": 261,
            "y": 87,
            "color": [
              0,
              0,
              255
            ],
            "intervention_active": false
          }
        ]
      },
      {
        "frame_index": 46,
        "objects": [
          {
            "entity_id": "left_1",
            "x": 144,
            "y": 266,
            "color": [
              255,
              0,
              0
            ],
            "intervention_active": false
          },
          {
            "entity_id": "left_2",
            "x": 59,
            "y": 215,
            "color": [
              255,
              0,
              0
            ],
            "intervention_active": false
          },
          {
            "entity_id": "left_3",
            "x": 180,
            "y": 224,
            "color": [
              255,
              0,
              0
            ],
            "intervention_active": false
          },
          {
            "entity_id": "right_1",
            "x": 216,
            "y": 28,
            "color": [
              0,
              0,
              255
            ],
            "intervention_active": false
          },
          {
            "entity_id": "right_2",
            "x": 367,
            "y": 64,
            "color": [
              0,
              0,
              255
            ],
            "intervention_active": false
          },
          {
            "entity_id": "right_3",
            "x": 261,
            "y": 83,
            "color": [
              0,
              0,
              255
            ],
            "intervention_active": false
          }
        ]
      },
      {
        "frame_index": 47,
        "objects": [
          {
            "entity_id": "left_1",
            "x": 144,
            "y": 270,
            "color": [
              255,
              0,
              0
            ],
            "intervention_active": false
          },
          {
            "entity_id": "left_2",
            "x": 59,
            "y": 219,
            "color": [
              255,
              0,
              0
            ],
            "intervention_active": false
          },
          {
            "entity_id": "left_3",
            "x": 180,
            "y": 228,
            "color": [
              255,
              0,
              0
            ],
            "intervention_active": false
          },
          {
            "entity_id": "right_1",
            "x": 216,
            "y": 24,
            "color": [
              0,
              0,
              255
            ],
            "intervention_active": false
          },
          {
            "entity_id": "right_2",
            "x": 367,
            "y": 60,
            "color": [
              0,
              0,
              255
            ],
            "intervention_active": false
          },
          {
            "entity_id": "right_3",
            "x": 261,
            "y": 79,
            "color": [
              0,
              0,
              255
            ],
            "intervention_active": false
          }
        ]
      },
      {
        "frame_index": 48,
        "objects": [
          {
            "entity_id": "left_1",
            "x": 144,
            "y": 274,
            "color": [
              255,
              0,
              0
            ],
            "intervention_active": false
          },
          {
            "entity_id": "left_2",
            "x": 59,
            "y": 223,
            "color": [
              255,
              0,
              0
            ],
            "intervention_active": false
          },
          {
            "entity_id": "left_3",
            "x": 180,
            "y": 232,
            "color": [
              255,
              0,
              0
            ],
            "intervention_active": false
          },
          {
            "entity_id": "right_1",
            "x": 216,
            "y": 20,
            "color": [
              0,
              0,
              255
            ],
            "intervention_active": false
          },
          {
            "entity_id": "right_2",
            "x": 367,
            "y": 56,
            "color": [
              0,
              0,
              255
            ],
            "intervention_active": false
          },
          {
            "entity_id": "right_3",
            "x": 261,
            "y": 75,
            "color": [
              0,
              0,
              255
            ],
            "intervention_active": false
          }
        ]
      },
      {
        "frame_index": 49,
        "objects": [
          {
            "entity_id": "left_1",
            "x": 144,
            "y": 278,
            "color": [
              255,
              0,
              0
            ],
            "intervention_active": false
          },
          {
            "entity_id": "left_2",
            "x": 59,
            "y": 227,
            "color": [
              255,
              0,
              0
            ],
            "intervention_active": false
          },
          {
            "entity_id": "left_3",
            "x": 180,
            "y": 236,
            "color": [
              255,
              0,
              0
            ],
            "intervention_active": false
          },
          {
            "entity_id": "right_1",
            "x": 216,
            "y": 16,
            "color": [
              0,
              0,
              255
            ],
            "intervention_active": false
          },
          {
            "entity_id": "right_2",
            "x": 367,
            "y": 52,
            "color": [
              0,
              0,
              255
            ],
            "intervention_active": false
          },
          {
            "entity_id": "right_3",
            "x": 261,
            "y": 71,
            "color": [
              0,
              0,
              255
            ],
            "intervention_active": false
          }
        ]
      },
      {
        "frame_index": 50,
        "objects": [
          {
            "entity_id": "left_1",
            "x": 144,
            "y": 282,
            "color": [
              255,
              0,
              0
            ],
            "intervention_active": false
          },
          {
            "entity_id": "left_2",
            "x": 59,
            "y": 231,
            "color": [
              255,
              0,
              0
            ],
            "intervention_active": false
          },
          {
            "entity_id": "left_3",
            "x": 180,
            "y": 240,
            "color": [
              255,
              0,
              0
            ],
            "intervention_active": false
          },
          {
            "entity_id": "right_1",
            "x": 216,
            "y": 12,
            "color": [
              0,
              0,
              255
            ],
            "intervention_active": false
          },
          {
            "entity_id": "right_2",
            "x": 367,
            "y": 48,
            "color": [
              0,
              0,
              255
            ],
            "intervention_active": false
          },
          {
            "entity_id": "right_3",
            "x": 261,
            "y": 67,
            "color": [
              0,
              0,
              255
            ],
            "intervention_active": false
          }
        ]
      },
      {
        "frame_index": 51,
        "objects": [
          {
            "entity_id": "left_1",
            "x": 144,
            "y": 286,
            "color": [
              255,
              0,
              0
            ],
            "intervention_active": false
          },
          {
            "entity_id": "left_2",
            "x": 59,
            "y": 235,
            "color": [
              255,
              0,
              0
            ],
            "intervention_active": false
          },
          {
            "entity_id": "left_3",
            "x": 180,
            "y": 244,
            "color": [
              255,
              0,
              0
            ],
            "intervention_active": false
          },
          {
            "entity_id": "right_1",
            "x": 216,
            "y": 8,
            "color": [
              0,
              0,
              255
            ],
            "intervention_active": false
          },
          {
            "entity_id": "right_2",
            "x": 367,
            "y": 44,
            "color": [
              0,
              0,
              255
            ],
            "intervention_active": false
          },
          {
            "entity_id": "right_3",
            "x": 261,
            "y": 63,
            "color": [
              0,
              0,
              255
            ],
            "intervention_active": false
          }
        ]
      },
      {
        "frame_index": 52,
        "objects": [
          {
            "entity_id": "left_1",
            "x": 144,
            "y": 290,
            "color": [
              255,
              0,
              0
            ],
            "intervention_active": false
          },
          {
            "entity_id": "left_2",
            "x": 59,
            "y": 239,
            "color": [
              255,
              0,
              0
            ],
            "intervention_active": false
          },
          {
            "entity_id": "left_3",
            "x": 180,
            "y": 248,
            "color": [
              255,
              0,
              0
            ],
            "intervention_active": false
          },
          {
            "entity_id": "right_1",
            "x": 216,
            "y": 4,
            "color": [
              0,
              0,
              255
            ],
            "intervention_active": false
          },
          {
            "entity_id": "right_2",
            "x": 367,
            "y": 40,
            "color": [
              0,
              0,
              255
            ],
            "intervention_active": false
          },
          {
            "entity_id": "right_3",
            "x": 261,
            "y": 59,
            "color": [
              0,
              0,
              255
            ],
            "intervention_active": false
          }
        ]
      },
      {
        "frame_index": 53,
        "objects": [
          {
            "entity_id": "left_1",
            "x": 144,
            "y": 294,
            "color": [
              255,
              0,
              0
            ],
            "intervention_active": false
          },
          {
            "entity_id": "left_2",
            "x": 59,
            "y": 243,
            "color": [
              255,
              0,
              0
            ],
            "intervention_active": false
          },
          {
            "entity_id": "left_3",
            "x": 180,
            "y": 252,
            "color": [
              255,
              0,
              0
            ],
            "intervention_active": false
          },
          {
            "entity_id": "right_1",
            "x": 216,
            "y": 0,
            "color": [
              0,
              0,
              255
            ],
            "intervention_active": false
          },
          {
            "entity_id": "right_2",
            "x": 367,
            "y": 36,
            "color": [
              0,
              0,
              255
            ],
            "intervention_active": false
          },
          {
            "entity_id": "right_3",
            "x": 261,
            "y": 55,
            "color": [
              0,
              0,
              255
            ],
            "intervention_active": false
          }
        ]
      },
      {
        "frame_index": 54,
        "objects": [
          {
            "entity_id": "left_1",
            "x": 144,
            "y": 298,
            "color": [
              255,
              0,
              0
            ],
            "intervention_active": false
          },
          {
            "entity_id": "left_2",
            "x": 59,
            "y": 247,
            "color": [
              255,
              0,
              0
            ],
            "intervention_active": false
          },
          {
            "entity_id": "left_3",
            "x": 180,
            "y": 256,
            "color": [
              255,
              0,
              0
            ],
            "intervention_active": false
          },
          {
            "entity_id": "right_1",
            "x": 216,
            "y": -4,
            "color": [
              0,
              0,
              255
            ],
            "intervention_active": false
          },
          {
            "entity_id": "right_2",
            "x": 367,
            "y": 32,
            "color": [
              0,
              0,
              255
            ],
            "intervention_active": false
          },
          {
            "entity_id": "right_3",
            "x": 261,
            "y": 51,
            "color": [
              0,
              0,
              255
            ],
            "intervention_active": false
          }
        ]
      },
      {
        "frame_index": 55,
        "objects": [
          {
            "entity_id": "left_1",
            "x": 144,
            "y": 302,
            "color": [
              255,
              0,
              0
            ],
            "intervention_active": false
          },
          {
            "entity_id": "left_2",
            "x": 59,
            "y": 251,
            "color": [
              255,
              0,
              0
            ],
            "intervention_active": false
          },
          {
            "entity_id": "left_3",
            "x": 180,
            "y": 260,
            "color": [
              255,
              0,
              0
            ],
            "intervention_active": false
          },
          {
            "entity_id": "right_1",
            "x": 216,
            "y": -8,
            "color": [
              0,
              0,
              255
            ],
            "intervention_active": false
          },
          {
            "entity_id": "right_2",
            "x": 367,
            "y": 28,
            "color": [
              0,
              0,
              255
            ],
            "intervention_active": false
          },
          {
            "entity_id": "right_3",
            "x": 261,
            "y": 47,
            "color": [
              0,
              0,
              255
            ],
            "intervention_active": false
          }
        ]
      },
      {
        "frame_index": 56,
        "objects": [
          {
            "entity_id": "left_1",
            "x": 144,
            "y": 306,
            "color": [
              255,
              0,
              0
            ],
            "intervention_active": false
          },
          {
            "entity_id": "left_2",
            "x": 59,
            "y": 255,
            "color": [
              255,
              0,
              0
            ],
            "intervention_active": false
          },
          {
            "entity_id": "left_3",
            "x": 180,
            "y": 264,
            "color": [
              255,
              0,
              0
            ],
            "intervention_active": false
          },
          {
            "entity_id": "right_1",
            "x": 216,
            "y": -12,
            "color": [
              0,
              0,
              255
            ],
            "intervention_active": false
          },
          {
            "entity_id": "right_2",
            "x": 367,
            "y": 24,
            "color": [
              0,
              0,
              255
            ],
            "intervention_active": false
          },
          {
            "entity_id": "right_3",
            "x": 261,
            "y": 43,
            "color": [
              0,
              0,
              255
            ],
            "intervention_active": false
          }
        ]
      },
      {
        "frame_index": 57,
        "objects": [
          {
            "entity_id": "left_1",
            "x": 144,
            "y": 310,
            "color": [
              255,
              0,
              0
            ],
            "intervention_active": false
          },
          {
            "entity_id": "left_2",
            "x": 59,
            "y": 259,
            "color": [
              255,
              0,
              0
            ],
            "intervention_active": false
          },
          {
            "entity_id": "left_3",
            "x": 180,
            "y": 268,
            "color": [
              255,
              0,
              0
            ],
            "intervention_active": false
          },
          {
            "entity_id": "right_1",
            "x": 287,
            "y": 315,
            "color": [
              0,
              0,
              255
            ],
            "intervention_active": false
          },
          {
            "entity_id": "right_2",
            "x": 367,
            "y": 20,
            "color": [
              0,
              0,
              255
            ],
            "intervention_active": false
          },
          {
            "entity_id": "right_3",
            "x": 261,
            "y": 39,
            "color": [
              0,
              0,
              255
            ],
            "intervention_active": false
          }
        ]
      },
      {
        "frame_index": 58,
        "objects": [
          {
            "entity_id": "left_1",
            "x": 144,
            "y": 314,
            "color": [
              255,
              0,
              0
            ],
            "intervention_active": false
          },
          {
            "entity_id": "left_2",
            "x": 59,
            "y": 263,
            "color": [
              255,
              0,
              0
            ],
            "intervention_active": false
          },
          {
            "entity_id": "left_3",
            "x": 180,
            "y": 272,
            "color": [
              255,
              0,
              0
            ],
            "intervention_active": false
          },
          {
            "entity_id": "right_1",
            "x": 287,
            "y": 311,
            "color": [
              0,
              0,
              255
            ],
            "intervention_active": false
          },
          {
            "entity_id": "right_2",
            "x": 367,
            "y": 16,
            "color": [
              0,
              0,
              255
            ],
            "intervention_active": false
          },
          {
            "entity_id": "right_3",
            "x": 261,
            "y": 35,
            "color": [
              0,
              0,
              255
            ],
            "intervention_active": false
          }
        ]
      },
      {
        "frame_index": 59,
        "objects": [
          {
            "entity_id": "left_1",
            "x": 110,
            "y": -15,
            "color": [
              255,
              0,
              0
            ],
            "intervention_active": false
          },
          {
            "entity_id": "left_2",
            "x": 59,
            "y": 267,
            "color": [
              255,
              0,
              0
            ],
            "intervention_active": false
          },
          {
            "entity_id": "left_3",
            "x": 180,
            "y": 276,
            "color": [
              255,
              0,
              0
            ],
            "intervention_active": false
          },
          {
            "entity_id": "right_1",
            "x": 287,
            "y": 307,
            "color": [
              0,
              0,
              255
            ],
            "intervention_active": false
          },
          {
            "entity_id": "right_2",
            "x": 367,
            "y": 12,
            "color": [
              0,
              0,
              255
            ],
            "intervention_active": false
          },
          {
            "entity_id": "right_3",
            "x": 261,
            "y": 31,
            "color": [
              0,
              0,
              255
            ],
            "intervention_active": false
          }
        ]
      }
    ]
  }
}