{
  "sample_id": "observation_000000_862365",
  "sample_type": "observation",
  "scenario": "sparse",
  "params": {
    "width": 224,
    "height": 224,
    "left_objects": 2,
    "right_objects": 4,
    "velocity": 2.261963098325615,
    "object_radius": 16
  },
  "generation_info": {
    "timestamp": "2025-11-07T17:35:57.621351",
    "seed": 47940,
    "generator_version": "1.0"
  },
  "video_stats": {
    "num_frames": 60,
    "frame_size": [
      224,
      224,
      3
    ],
    "duration_seconds": 6.0
  },
  "quality_analysis": {
    "quality": "good",
    "movement_score": 6.0,
    "avg_objects": 6.0,
    "issues": []
  },
  "physics_simulation": {
    "num_frames": 60,
    "fps": 10,
    "resolution": [
      224,
      224
    ],
    "left_objects": 2,
    "right_objects": 4,
    "object_radius": 16,
    "velocity": 2.261963098325615,
    "frames": [
      {
        "frame_idx": 0,
        "left_objects": 2,
        "right_objects": 4,
        "total_objects": 6,
        "objects": [
          {
            "x": 18,
            "y": 47.261963098325616,
            "side": "left",
            "color": [
              118,
              166,
              176
            ]
          },
          {
            "x": 71,
            "y": 67.26196309832561,
            "side": "left",
            "color": [
              121,
              217,
              107
            ]
          },
          {
            "x": 176,
            "y": 149.73803690167438,
            "side": "right",
            "color": [
              180,
              117,
              115
            ]
          },
          {
            "x": 205,
            "y": 176.73803690167438,
            "side": "right",
            "color": [
              135,
              144,
              188
            ]
          },
          {
            "x": 128,
            "y": 161.73803690167438,
            "side": "right",
            "color": [
              143,
              188,
              229
            ]
          },
          {
            "x": 175,
            "y": 203.73803690167438,
            "side": "right",
            "color": [
              196,
              130,
              155
            ]
          }
        ]
      },
      {
        "frame_idx": 1,
        "left_objects": 2,
        "right_objects": 4,
        "total_objects": 6,
        "objects": [
          {
            "x": 18,
            "y": 49.52392619665123,
            "side": "left",
            "color": [
              118,
              166,
              176
            ]
          },
          {
            "x": 71,
            "y": 69.52392619665122,
            "side": "left",
            "color": [
              121,
              217,
              107
            ]
          },
          {
            "x": 176,
            "y": 147.47607380334875,
            "side": "right",
            "color": [
              180,
              117,
              115
            ]
          },
          {
            "x": 205,
            "y": 174.47607380334875,
            "side": "right",
            "color": [
              135,
              144,
              188
            ]
          },
          {
            "x": 128,
            "y": 159.47607380334875,
            "side": "right",
            "color": [
              143,
              188,
              229
            ]
          },
          {
            "x": 175,
            "y": 201.47607380334875,
            "side": "right",
            "color": [
              196,
              130,
              155
            ]
          }
        ]
      },
      {
        "frame_idx": 2,
        "left_objects": 2,
        "right_objects": 4,
        "total_objects": 6,
        "objects": [
          {
            "x": 18,
            "y": 51.78588929497685,
            "side": "left",
            "color": [
              118,
              166,
              176
            ]
          },
          {
            "x": 71,
            "y": 71.78588929497683,
            "side": "left",
            "color": [
              121,
              217,
              107
            ]
          },
          {
            "x": 176,
            "y": 145.21411070502313,
            "side": "right",
            "color": [
              180,
              117,
              115
            ]
          },
          {
            "x": 205,
            "y": 172.21411070502313,
            "side": "right",
            "color": [
              135,
              144,
              188
            ]
          },
          {
            "x": 128,
            "y": 157.21411070502313,
            "side": "right",
            "color": [
              143,
              188,
              229
            ]
          },
          {
            "x": 175,
            "y": 199.21411070502313,
            "side": "right",
            "color": [
              196,
              130,
              155
            ]
          }
        ]
      },
      {
        "frame_idx": 3,
        "left_objects": 2,
        "right_objects": 4,
        "total_objects": 6,
        "objects": [
          {
            "x": 18,
            "y": 54.04785239330246,
            "side": "left",
            "color": [
              118,
              166,
              176
            ]
          },
          {
            "x": 71,
            "y": 74.04785239330243,
            "side": "left",
            "color": [
              121,
              217,
              107
            ]
          },
          {
            "x": 176,
            "y": 142.9521476066975,
            "side": "right",
            "color": [
              180,
              117,
              115
            ]
          },
          {
            "x": 205,
            "y": 169.9521476066975,
            "side": "right",
            "color": [
              135,
              144,
              188
            ]
          },
          {
            "x": 128,
            "y": 154.9521476066975,
            "side": "right",
            "color": [
              143,
              188,
              229
            ]
          },
          {
            "x": 175,
            "y": 196.9521476066975,
            "side": "right",
            "color": [
              196,
              130,
              155
            ]
          }
        ]
      },
      {
        "frame_idx": 4,
        "left_objects": 2,
        "right_objects": 4,
        "total_objects": 6,
        "objects": [
          {
            "x": 18,
            "y": 56.30981549162808,
            "side": "left",
            "color": [
              118,
              166,
              176
            ]
          },
          {
            "x": 71,
            "y": 76.30981549162804,
            "side": "left",
            "color": [
              121,
              217,
              107
            ]
          },
          {
            "x": 176,
            "y": 140.69018450837189,
            "side": "right",
            "color": [
              180,
              117,
              115
            ]
          },
          {
            "x": 205,
            "y": 167.69018450837189,
            "side": "right",
            "color": [
              135,
              144,
              188
            ]
          },
          {
            "x": 128,
            "y": 152.69018450837189,
            "side": "right",
            "color": [
              143,
              188,
              229
            ]
          },
          {
            "x": 175,
            "y": 194.69018450837189,
            "side": "right",
            "color": [
              196,
              130,
              155
            ]
          }
        ]
      },
      {
        "frame_idx": 5,
        "left_objects": 2,
        "right_objects": 4,
        "total_objects": 6,
        "objects": [
          {
            "x": 18,
            "y": 58.571778589953695,
            "side": "left",
            "color": [
              118,
              166,
              176
            ]
          },
          {
            "x": 71,
            "y": 78.57177858995365,
            "side": "left",
            "color": [
              121,
              217,
              107
            ]
          },
          {
            "x": 176,
            "y": 138.42822141004626,
            "side": "right",
            "color": [
              180,
              117,
              115
            ]
          },
          {
            "x": 205,
            "y": 165.42822141004626,
            "side": "right",
            "color": [
              135,
              144,
              188
            ]
          },
          {
            "x": 128,
            "y": 150.42822141004626,
            "side": "right",
            "color": [
              143,
              188,
              229
            ]
          },
          {
            "x": 175,
            "y": 192.42822141004626,
            "side": "right",
            "color": [
              196,
              130,
              155
            ]
          }
        ]
      },
      {
        "frame_idx": 6,
        "left_objects": 2,
        "right_objects": 4,
        "total_objects": 6,
        "objects": [
          {
            "x": 18,
            "y": 60.83374168827931,
            "side": "left",
            "color": [
              118,
              166,
              176
            ]
          },
          {
            "x": 71,
            "y": 80.83374168827926,
            "side": "left",
            "color": [
              121,
              217,
              107
            ]
          },
          {
            "x": 176,
            "y": 136.16625831172064,
            "side": "right",
            "color": [
              180,
              117,
              115
            ]
          },
          {
            "x": 205,
            "y": 163.16625831172064,
            "side": "right",
            "color": [
              135,
              144,
              188
            ]
          },
          {
            "x": 128,
            "y": 148.16625831172064,
            "side": "right",
            "color": [
              143,
              188,
              229
            ]
          },
          {
            "x": 175,
            "y": 190.16625831172064,
            "side": "right",
            "color": [
              196,
              130,
              155
            ]
          }
        ]
      },
      {
        "frame_idx": 7,
        "left_objects": 2,
        "right_objects": 4,
        "total_objects": 6,
        "objects": [
          {
            "x": 18,
            "y": 63.09570478660493,
            "side": "left",
            "color": [
              118,
              166,
              176
            ]
          },
          {
            "x": 71,
            "y": 83.09570478660487,
            "side": "left",
            "color": [
              121,
              217,
              107
            ]
          },
          {
            "x": 176,
            "y": 133.90429521339502,
            "side": "right",
            "color": [
              180,
              117,
              115
            ]
          },
          {
            "x": 205,
            "y": 160.90429521339502,
            "side": "right",
            "color": [
              135,
              144,
              188
            ]
          },
          {
            "x": 128,
            "y": 145.90429521339502,
            "side": "right",
            "color": [
              143,
              188,
              229
            ]
          },
          {
            "x": 175,
            "y": 187.90429521339502,
            "side": "right",
            "color": [
              196,
              130,
              155
            ]
          }
        ]
      },
      {
        "frame_idx": 8,
        "left_objects": 2,
        "right_objects": 4,
        "total_objects": 6,
        "objects": [
          {
            "x": 18,
            "y": 65.35766788493054,
            "side": "left",
            "color": [
              118,
              166,
              176
            ]
          },
          {
            "x": 71,
            "y": 85.35766788493048,
            "side": "left",
            "color": [
              121,
              217,
              107
            ]
          },
          {
            "x": 176,
            "y": 131.6423321150694,
            "side": "right",
            "color": [
              180,
              117,
              115
            ]
          },
          {
            "x": 205,
            "y": 158.6423321150694,
            "side": "right",
            "color": [
              135,
              144,
              188
            ]
          },
          {
            "x": 128,
            "y": 143.6423321150694,
            "side": "right",
            "color": [
              143,
              188,
              229
            ]
          },
          {
            "x": 175,
            "y": 185.6423321150694,
            "side": "right",
            "color": [
              196,
              130,
              155
            ]
          }
        ]
      },
      {
        "frame_idx": 9,
        "left_objects": 2,
        "right_objects": 4,
        "total_objects": 6,
        "objects": [
          {
            "x": 18,
            "y": 67.61963098325614,
            "side": "left",
            "color": [
              118,
              166,
              176
            ]
          },
          {
            "x": 71,
            "y": 87.61963098325609,
            "side": "left",
            "color": [
              121,
              217,
              107
            ]
          },
          {
            "x": 176,
            "y": 129.38036901674377,
            "side": "right",
            "color": [
              180,
              117,
              115
            ]
          },
          {
            "x": 205,
            "y": 156.38036901674377,
            "side": "right",
            "color": [
              135,
              144,
              188
            ]
          },
          {
            "x": 128,
            "y": 141.38036901674377,
            "side": "right",
            "color": [
              143,
              188,
              229
            ]
          },
          {
            "x": 175,
            "y": 183.38036901674377,
            "side": "right",
            "color": [
              196,
              130,
              155
            ]
          }
        ]
      },
      {
        "frame_idx": 10,
        "left_objects": 2,
        "right_objects": 4,
        "total_objects": 6,
        "objects": [
          {
            "x": 18,
            "y": 69.88159408158175,
            "side": "left",
            "color": [
              118,
              166,
              176
            ]
          },
          {
            "x": 71,
            "y": 89.8815940815817,
            "side": "left",
            "color": [
              121,
              217,
              107
            ]
          },
          {
            "x": 176,
            "y": 127.11840591841816,
            "side": "right",
            "color": [
              180,
              117,
              115
            ]
          },
          {
            "x": 205,
            "y": 154.11840591841815,
            "side": "right",
            "color": [
              135,
              144,
              188
            ]
          },
          {
            "x": 128,
            "y": 139.11840591841815,
            "side": "right",
            "color": [
              143,
              188,
              229
            ]
          },
          {
            "x": 175,
            "y": 181.11840591841815,
            "side": "right",
            "color": [
              196,
              130,
              155
            ]
          }
        ]
      },
      {
        "frame_idx": 11,
        "left_objects": 2,
        "right_objects": 4,
        "total_objects": 6,
        "objects": [
          {
            "x": 18,
            "y": 72.14355717990736,
            "side": "left",
            "color": [
              118,
              166,
              176
            ]
          },
          {
            "x": 71,
            "y": 92.1435571799073,
            "side": "left",
            "color": [
              121,
              217,
              107
            ]
          },
          {
            "x": 176,
            "y": 124.85644282009255,
            "side": "right",
            "color": [
              180,
              117,
              115
            ]
          },
          {
            "x": 205,
            "y": 151.85644282009252,
            "side": "right",
            "color": [
              135,
              144,
              188
            ]
          },
          {
            "x": 128,
            "y": 136.85644282009252,
            "side": "right",
            "color": [
              143,
              188,
              229
            ]
          },
          {
            "x": 175,
            "y": 178.85644282009252,
            "side": "right",
            "color": [
              196,
              130,
              155
            ]
          }
        ]
      },
      {
        "frame_idx": 12,
        "left_objects": 2,
        "right_objects": 4,
        "total_objects": 6,
        "objects": [
          {
            "x": 18,
            "y": 74.40552027823297,
            "side": "left",
            "color": [
              118,
              166,
              176
            ]
          },
          {
            "x": 71,
            "y": 94.40552027823291,
            "side": "left",
            "color": [
              121,
              217,
              107
            ]
          },
          {
            "x": 176,
            "y": 122.59447972176694,
            "side": "right",
            "color": [
              180,
              117,
              115
            ]
          },
          {
            "x": 205,
            "y": 149.5944797217669,
            "side": "right",
            "color": [
              135,
              144,
              188
            ]
          },
          {
            "x": 128,
            "y": 134.5944797217669,
            "side": "right",
            "color": [
              143,
              188,
              229
            ]
          },
          {
            "x": 175,
            "y": 176.5944797217669,
            "side": "right",
            "color": [
              196,
              130,
              155
            ]
          }
        ]
      },
      {
        "frame_idx": 13,
        "left_objects": 2,
        "right_objects": 4,
        "total_objects": 6,
        "objects": [
          {
            "x": 18,
            "y": 76.66748337655858,
            "side": "left",
            "color": [
              118,
              166,
              176
            ]
          },
          {
            "x": 71,
            "y": 96.66748337655852,
            "side": "left",
            "color": [
              121,
              217,
              107
            ]
          },
          {
            "x": 176,
            "y": 120.33251662344134,
            "side": "right",
            "color": [
              180,
              117,
              115
            ]
          },
          {
            "x": 205,
            "y": 147.33251662344128,
            "side": "right",
            "color": [
              135,
              144,
              188
            ]
          },
          {
            "x": 128,
            "y": 132.33251662344128,
            "side": "right",
            "color": [
              143,
              188,
              229
            ]
          },
          {
            "x": 175,
            "y": 174.33251662344128,
            "side": "right",
            "color": [
              196,
              130,
              155
            ]
          }
        ]
      },
      {
        "frame_idx": 14,
        "left_objects": 2,
        "right_objects": 4,
        "total_objects": 6,
        "objects": [
          {
            "x": 18,
            "y": 78.92944647488419,
            "side": "left",
            "color": [
              118,
              166,
              176
            ]
          },
          {
            "x": 71,
            "y": 98.92944647488413,
            "side": "left",
            "color": [
              121,
              217,
              107
            ]
          },
          {
            "x": 176,
            "y": 118.07055352511573,
            "side": "right",
            "color": [
              180,
              117,
              115
            ]
          },
          {
            "x": 205,
            "y": 145.07055352511566,
            "side": "right",
            "color": [
              135,
              144,
              188
            ]
          },
          {
            "x": 128,
            "y": 130.07055352511566,
            "side": "right",
            "color": [
              143,
              188,
              229
            ]
          },
          {
            "x": 175,
            "y": 172.07055352511566,
            "side": "right",
            "color": [
              196,
              130,
              155
            ]
          }
        ]
      },
      {
        "frame_idx": 15,
        "left_objects": 2,
        "right_objects": 4,
        "total_objects": 6,
        "objects": [
          {
            "x": 18,
            "y": 81.1914095732098,
            "side": "left",
            "color": [
              118,
              166,
              176
            ]
          },
          {
            "x": 71,
            "y": 101.19140957320974,
            "side": "left",
            "color": [
              121,
              217,
              107
            ]
          },
          {
            "x": 176,
            "y": 115.80859042679012,
            "side": "right",
            "color": [
              180,
              117,
              115
            ]
          },
          {
            "x": 205,
            "y": 142.80859042679003,
            "side": "right",
            "color": [
              135,
              144,
              188
            ]
          },
          {
            "x": 128,
            "y": 127.80859042679005,
            "side": "right",
            "color": [
              143,
              188,
              229
            ]
          },
          {
            "x": 175,
            "y": 169.80859042679003,
            "side": "right",
            "color": [
              196,
              130,
              155
            ]
          }
        ]
      },
      {
        "frame_idx": 16,
        "left_objects": 2,
        "right_objects": 4,
        "total_objects": 6,
        "objects": [
          {
            "x": 18,
            "y": 83.4533726715354,
            "side": "left",
            "color": [
              118,
              166,
              176
            ]
          },
          {
            "x": 71,
            "y": 103.45337267153535,
            "side": "left",
            "color": [
              121,
              217,
              107
            ]
          },
          {
            "x": 176,
            "y": 113.54662732846451,
            "side": "right",
            "color": [
              180,
              117,
              115
            ]
          },
          {
            "x": 205,
            "y": 140.5466273284644,
            "side": "right",
            "color": [
              135,
              144,
              188
            ]
          },
          {
            "x": 128,
            "y": 125.54662732846444,
            "side": "right",
            "color": [
              143,
              188,
              229
            ]
          },
          {
            "x": 175,
            "y": 167.5466273284644,
            "side": "right",
            "color": [
              196,
              130,
              155
            ]
          }
        ]
      },
      {
        "frame_idx": 17,
        "left_objects": 2,
        "right_objects": 4,
        "total_objects": 6,
        "objects": [
          {
            "x": 18,
            "y": 85.71533576986101,
            "side": "left",
            "color": [
              118,
              166,
              176
            ]
          },
          {
            "x": 71,
            "y": 105.71533576986096,
            "side": "left",
            "color": [
              121,
              217,
              107
            ]
          },
          {
            "x": 176,
            "y": 111.2846642301389,
            "side": "right",
            "color": [
              180,
              117,
              115
            ]
          },
          {
            "x": 205,
            "y": 138.2846642301388,
            "side": "right",
            "color": [
              135,
              144,
              188
            ]
          },
          {
            "x": 128,
            "y": 123.28466423013883,
            "side": "right",
            "color": [
              143,
              188,
              229
            ]
          },
          {
            "x": 175,
            "y": 165.2846642301388,
            "side": "right",
            "color": [
              196,
              130,
              155
            ]
          }
        ]
      },
      {
        "frame_idx": 18,
        "left_objects": 2,
        "right_objects": 4,
        "total_objects": 6,
        "objects": [
          {
            "x": 18,
            "y": 87.97729886818662,
            "side": "left",
            "color": [
              118,
              166,
              176
            ]
          },
          {
            "x": 71,
            "y": 107.97729886818657,
            "side": "left",
            "color": [
              121,
              217,
              107
            ]
          },
          {
            "x": 176,
            "y": 109.02270113181329,
            "side": "right",
            "color": [
              180,
              117,
              115
            ]
          },
          {
            "x": 205,
            "y": 136.02270113181316,
            "side": "right",
            "color": [
              135,
              144,
              188
            ]
          },
          {
            "x": 128,
            "y": 121.02270113181322,
            "side": "right",
            "color": [
              143,
              188,
              229
            ]
          },
          {
            "x": 175,
            "y": 163.02270113181316,
            "side": "right",
            "color": [
              196,
              130,
              155
            ]
          }
        ]
      },
      {
        "frame_idx": 19,
        "left_objects": 2,
        "right_objects": 4,
        "total_objects": 6,
        "objects": [
          {
            "x": 18,
            "y": 90.23926196651223,
            "side": "left",
            "color": [
              118,
              166,
              176
            ]
          },
          {
            "x": 71,
            "y": 110.23926196651217,
            "side": "left",
            "color": [
              121,
              217,
              107
            ]
          },
          {
            "x": 176,
            "y": 106.76073803348768,
            "side": "right",
            "color": [
              180,
              117,
              115
            ]
          },
          {
            "x": 205,
            "y": 133.76073803348754,
            "side": "right",
            "color": [
              135,
              144,
              188
            ]
          },
          {
            "x": 128,
            "y": 118.76073803348761,
            "side": "right",
            "color": [
              143,
              188,
              229
            ]
          },
          {
            "x": 175,
            "y": 160.76073803348754,
            "side": "right",
            "color": [
              196,
              130,
              155
            ]
          }
        ]
      },
      {
        "frame_idx": 20,
        "left_objects": 2,
        "right_objects": 4,
        "total_objects": 6,
        "objects": [
          {
            "x": 18,
            "y": 92.50122506483784,
            "side": "left",
            "color": [
              118,
              166,
              176
            ]
          },
          {
            "x": 71,
            "y": 112.50122506483778,
            "side": "left",
            "color": [
              121,
              217,
              107
            ]
          },
          {
            "x": 176,
            "y": 104.49877493516207,
            "side": "right",
            "color": [
              180,
              117,
              115
            ]
          },
          {
            "x": 205,
            "y": 131.49877493516192,
            "side": "right",
            "color": [
              135,
              144,
              188
            ]
          },
          {
            "x": 128,
            "y": 116.498774935162,
            "side": "right",
            "color": [
              143,
              188,
              229
            ]
          },
          {
            "x": 175,
            "y": 158.49877493516192,
            "side": "right",
            "color": [
              196,
              130,
              155
            ]
          }
        ]
      },
      {
        "frame_idx": 21,
        "left_objects": 2,
        "right_objects": 4,
        "total_objects": 6,
        "objects": [
          {
            "x": 18,
            "y": 94.76318816316345,
            "side": "left",
            "color": [
              118,
              166,
              176
            ]
          },
          {
            "x": 71,
            "y": 114.76318816316339,
            "side": "left",
            "color": [
              121,
              217,
              107
            ]
          },
          {
            "x": 176,
            "y": 102.23681183683647,
            "side": "right",
            "color": [
              180,
              117,
              115
            ]
          },
          {
            "x": 205,
            "y": 129.2368118368363,
            "side": "right",
            "color": [
              135,
              144,
              188
            ]
          },
          {
            "x": 128,
            "y": 114.2368118368364,
            "side": "right",
            "color": [
              143,
              188,
              229
            ]
          },
          {
            "x": 175,
            "y": 156.2368118368363,
            "side": "right",
            "color": [
              196,
              130,
              155
            ]
          }
        ]
      },
      {
        "frame_idx": 22,
        "left_objects": 2,
        "right_objects": 4,
        "total_objects": 6,
        "objects": [
          {
            "x": 18,
            "y": 97.02515126148906,
            "side": "left",
            "color": [
              118,
              166,
              176
            ]
          },
          {
            "x": 71,
            "y": 117.025151261489,
            "side": "left",
            "color": [
              121,
              217,
              107
            ]
          },
          {
            "x": 176,
            "y": 99.97484873851086,
            "side": "right",
            "color": [
              180,
              117,
              115
            ]
          },
          {
            "x": 205,
            "y": 126.97484873851069,
            "side": "right",
            "color": [
              135,
              144,
              188
            ]
          },
          {
            "x": 128,
            "y": 111.97484873851079,
            "side": "right",
            "color": [
              143,
              188,
              229
            ]
          },
          {
            "x": 175,
            "y": 153.97484873851067,
            "side": "right",
            "color": [
              196,
              130,
              155
            ]
          }
        ]
      },
      {
        "frame_idx": 23,
        "left_objects": 2,
        "right_objects": 4,
        "total_objects": 6,
        "objects": [
          {
            "x": 18,
            "y": 99.28711435981467,
            "side": "left",
            "color": [
              118,
              166,
              176
            ]
          },
          {
            "x": 71,
            "y": 119.28711435981461,
            "side": "left",
            "color": [
              121,
              217,
              107
            ]
          },
          {
            "x": 176,
            "y": 97.71288564018525,
            "side": "right",
            "color": [
              180,
              117,
              115
            ]
          },
          {
            "x": 205,
            "y": 124.71288564018508,
            "side": "right",
            "color": [
              135,
              144,
              188
            ]
          },
          {
            "x": 128,
            "y": 109.71288564018518,
            "side": "right",
            "color": [
              143,
              188,
              229
            ]
          },
          {
            "x": 175,
            "y": 151.71288564018505,
            "side": "right",
            "color": [
              196,
              130,
              155
            ]
          }
        ]
      },
      {
        "frame_idx": 24,
        "left_objects": 2,
        "right_objects": 4,
        "total_objects": 6,
        "objects": [
          {
            "x": 18,
            "y": 101.54907745814027,
            "side": "left",
            "color": [
              118,
              166,
              176
            ]
          },
          {
            "x": 71,
            "y": 121.54907745814022,
            "side": "left",
            "color": [
              121,
              217,
              107
            ]
          },
          {
            "x": 176,
            "y": 95.45092254185964,
            "side": "right",
            "color": [
              180,
              117,
              115
            ]
          },
          {
            "x": 205,
            "y": 122.45092254185947,
            "side": "right",
            "color": [
              135,
              144,
              188
            ]
          },
          {
            "x": 128,
            "y": 107.45092254185957,
            "side": "right",
            "color": [
              143,
              188,
              229
            ]
          },
          {
            "x": 175,
            "y": 149.45092254185943,
            "side": "right",
            "color": [
              196,
              130,
              155
            ]
          }
        ]
      },
      {
        "frame_idx": 25,
        "left_objects": 2,
        "right_objects": 4,
        "total_objects": 6,
        "objects": [
          {
            "x": 18,
            "y": 103.81104055646588,
            "side": "left",
            "color": [
              118,
              166,
              176
            ]
          },
          {
            "x": 71,
            "y": 123.81104055646583,
            "side": "left",
            "color": [
              121,
              217,
              107
            ]
          },
          {
            "x": 176,
            "y": 93.18895944353403,
            "side": "right",
            "color": [
              180,
              117,
              115
            ]
          },
          {
            "x": 205,
            "y": 120.18895944353386,
            "side": "right",
            "color": [
              135,
              144,
              188
            ]
          },
          {
            "x": 128,
            "y": 105.18895944353396,
            "side": "right",
            "color": [
              143,
              188,
              229
            ]
          },
          {
            "x": 175,
            "y": 147.1889594435338,
            "side": "right",
            "color": [
              196,
              130,
              155
            ]
          }
        ]
      },
      {
        "frame_idx": 26,
        "left_objects": 2,
        "right_objects": 4,
        "total_objects": 6,
        "objects": [
          {
            "x": 18,
            "y": 106.07300365479149,
            "side": "left",
            "color": [
              118,
              166,
              176
            ]
          },
          {
            "x": 71,
            "y": 126.07300365479144,
            "side": "left",
            "color": [
              121,
              217,
              107
            ]
          },
          {
            "x": 176,
            "y": 90.92699634520842,
            "side": "right",
            "color": [
              180,
              117,
              115
            ]
          },
          {
            "x": 205,
            "y": 117.92699634520825,
            "side": "right",
            "color": [
              135,
              144,
              188
            ]
          },
          {
            "x": 128,
            "y": 102.92699634520835,
            "side": "right",
            "color": [
              143,
              188,
              229
            ]
          },
          {
            "x": 175,
            "y": 144.92699634520818,
            "side": "right",
            "color": [
              196,
              130,
              155
            ]
          }
        ]
      },
      {
        "frame_idx": 27,
        "left_objects": 2,
        "right_objects": 4,
        "total_objects": 6,
        "objects": [
          {
            "x": 18,
            "y": 108.3349667531171,
            "side": "left",
            "color": [
              118,
              166,
              176
            ]
          },
          {
            "x": 71,
            "y": 128.33496675311704,
            "side": "left",
            "color": [
              121,
              217,
              107
            ]
          },
          {
            "x": 176,
            "y": 88.66503324688281,
            "side": "right",
            "color": [
              180,
              117,
              115
            ]
          },
          {
            "x": 205,
            "y": 115.66503324688264,
            "side": "right",
            "color": [
              135,
              144,
              188
            ]
          },
          {
            "x": 128,
            "y": 100.66503324688274,
            "side": "right",
            "color": [
              143,
              188,
              229
            ]
          },
          {
            "x": 175,
            "y": 142.66503324688256,
            "side": "right",
            "color": [
              196,
              130,
              155
            ]
          }
        ]
      },
      {
        "frame_idx": 28,
        "left_objects": 2,
        "right_objects": 4,
        "total_objects": 6,
        "objects": [
          {
            "x": 18,
            "y": 110.59692985144271,
            "side": "left",
            "color": [
              118,
              166,
              176
            ]
          },
          {
            "x": 71,
            "y": 130.59692985144267,
            "side": "left",
            "color": [
              121,
              217,
              107
            ]
          },
          {
            "x": 176,
            "y": 86.4030701485572,
            "side": "right",
            "color": [
              180,
              117,
              115
            ]
          },
          {
            "x": 205,
            "y": 113.40307014855703,
            "side": "right",
            "color": [
              135,
              144,
              188
            ]
          },
          {
            "x": 128,
            "y": 98.40307014855713,
            "side": "right",
            "color": [
              143,
              188,
              229
            ]
          },
          {
            "x": 175,
            "y": 140.40307014855694,
            "side": "right",
            "color": [
              196,
              130,
              155
            ]
          }
        ]
      },
      {
        "frame_idx": 29,
        "left_objects": 2,
        "right_objects": 4,
        "total_objects": 6,
        "objects": [
          {
            "x": 18,
            "y": 112.85889294976832,
            "side": "left",
            "color": [
              118,
              166,
              176
            ]
          },
          {
            "x": 71,
            "y": 132.8588929497683,
            "side": "left",
            "color": [
              121,
              217,
              107
            ]
          },
          {
            "x": 176,
            "y": 84.1411070502316,
            "side": "right",
            "color": [
              180,
              117,
              115
            ]
          },
          {
            "x": 205,
            "y": 111.14110705023143,
            "side": "right",
            "color": [
              135,
              144,
              188
            ]
          },
          {
            "x": 128,
            "y": 96.14110705023153,
            "side": "right",
            "color": [
              143,
              188,
              229
            ]
          },
          {
            "x": 175,
            "y": 138.1411070502313,
            "side": "right",
            "color": [
              196,
              130,
              155
            ]
          }
        ]
      },
      {
        "frame_idx": 30,
        "left_objects": 2,
        "right_objects": 4,
        "total_objects": 6,
        "objects": [
          {
            "x": 18,
            "y": 115.12085604809393,
            "side": "left",
            "color": [
              118,
              166,
              176
            ]
          },
          {
            "x": 71,
            "y": 135.1208560480939,
            "side": "left",
            "color": [
              121,
              217,
              107
            ]
          },
          {
            "x": 176,
            "y": 81.87914395190599,
            "side": "right",
            "color": [
              180,
              117,
              115
            ]
          },
          {
            "x": 205,
            "y": 108.87914395190582,
            "side": "right",
            "color": [
              135,
              144,
              188
            ]
          },
          {
            "x": 128,
            "y": 93.87914395190592,
            "side": "right",
            "color": [
              143,
              188,
              229
            ]
          },
          {
            "x": 175,
            "y": 135.8791439519057,
            "side": "right",
            "color": [
              196,
              130,
              155
            ]
          }
        ]
      },
      {
        "frame_idx": 31,
        "left_objects": 2,
        "right_objects": 4,
        "total_objects": 6,
        "objects": [
          {
            "x": 18,
            "y": 117.38281914641954,
            "side": "left",
            "color": [
              118,
              166,
              176
            ]
          },
          {
            "x": 71,
            "y": 137.38281914641954,
            "side": "left",
            "color": [
              121,
              217,
              107
            ]
          },
          {
            "x": 176,
            "y": 79.61718085358038,
            "side": "right",
            "color": [
              180,
              117,
              115
            ]
          },
          {
            "x": 205,
            "y": 106.61718085358021,
            "side": "right",
            "color": [
              135,
              144,
              188
            ]
          },
          {
            "x": 128,
            "y": 91.61718085358031,
            "side": "right",
            "color": [
              143,
              188,
              229
            ]
          },
          {
            "x": 175,
            "y": 133.61718085358007,
            "side": "right",
            "color": [
              196,
              130,
              155
            ]
          }
        ]
      },
      {
        "frame_idx": 32,
        "left_objects": 2,
        "right_objects": 4,
        "total_objects": 6,
        "objects": [
          {
            "x": 18,
            "y": 119.64478224474514,
            "side": "left",
            "color": [
              118,
              166,
              176
            ]
          },
          {
            "x": 71,
            "y": 139.64478224474516,
            "side": "left",
            "color": [
              121,
              217,
              107
            ]
          },
          {
            "x": 176,
            "y": 77.35521775525477,
            "side": "right",
            "color": [
              180,
              117,
              115
            ]
          },
          {
            "x": 205,
            "y": 104.3552177552546,
            "side": "right",
            "color": [
              135,
              144,
              188
            ]
          },
          {
            "x": 128,
            "y": 89.3552177552547,
            "side": "right",
            "color": [
              143,
              188,
              229
            ]
          },
          {
            "x": 175,
            "y": 131.35521775525444,
            "side": "right",
            "color": [
              196,
              130,
              155
            ]
          }
        ]
      },
      {
        "frame_idx": 33,
        "left_objects": 2,
        "right_objects": 4,
        "total_objects": 6,
        "objects": [
          {
            "x": 18,
            "y": 121.90674534307075,
            "side": "left",
            "color": [
              118,
              166,
              176
            ]
          },
          {
            "x": 71,
            "y": 141.90674534307078,
            "side": "left",
            "color": [
              121,
              217,
              107
            ]
          },
          {
            "x": 176,
            "y": 75.09325465692916,
            "side": "right",
            "color": [
              180,
              117,
              115
            ]
          },
          {
            "x": 205,
            "y": 102.09325465692899,
            "side": "right",
            "color": [
              135,
              144,
              188
            ]
          },
          {
            "x": 128,
            "y": 87.09325465692909,
            "side": "right",
            "color": [
              143,
              188,
              229
            ]
          },
          {
            "x": 175,
            "y": 129.09325465692882,
            "side": "right",
            "color": [
              196,
              130,
              155
            ]
          }
        ]
      },
      {
        "frame_idx": 34,
        "left_objects": 2,
        "right_objects": 4,
        "total_objects": 6,
        "objects": [
          {
            "x": 18,
            "y": 124.16870844139636,
            "side": "left",
            "color": [
              118,
              166,
              176
            ]
          },
          {
            "x": 71,
            "y": 144.1687084413964,
            "side": "left",
            "color": [
              121,
              217,
              107
            ]
          },
          {
            "x": 176,
            "y": 72.83129155860355,
            "side": "right",
            "color": [
              180,
              117,
              115
            ]
          },
          {
            "x": 205,
            "y": 99.83129155860338,
            "side": "right",
            "color": [
              135,
              144,
              188
            ]
          },
          {
            "x": 128,
            "y": 84.83129155860348,
            "side": "right",
            "color": [
              143,
              188,
              229
            ]
          },
          {
            "x": 175,
            "y": 126.83129155860321,
            "side": "right",
            "color": [
              196,
              130,
              155
            ]
          }
        ]
      },
      {
        "frame_idx": 35,
        "left_objects": 2,
        "right_objects": 4,
        "total_objects": 6,
        "objects": [
          {
            "x": 18,
            "y": 126.43067153972197,
            "side": "left",
            "color": [
              118,
              166,
              176
            ]
          },
          {
            "x": 71,
            "y": 146.43067153972203,
            "side": "left",
            "color": [
              121,
              217,
              107
            ]
          },
          {
            "x": 176,
            "y": 70.56932846027794,
            "side": "right",
            "color": [
              180,
              117,
              115
            ]
          },
          {
            "x": 205,
            "y": 97.56932846027777,
            "side": "right",
            "color": [
              135,
              144,
              188
            ]
          },
          {
            "x": 128,
            "y": 82.56932846027787,
            "side": "right",
            "color": [
              143,
              188,
              229
            ]
          },
          {
            "x": 175,
            "y": 124.5693284602776,
            "side": "right",
            "color": [
              196,
              130,
              155
            ]
          }
        ]
      },
      {
        "frame_idx": 36,
        "left_objects": 2,
        "right_objects": 4,
        "total_objects": 6,
        "objects": [
          {
            "x": 18,
            "y": 128.6926346380476,
            "side": "left",
            "color": [
              118,
              166,
              176
            ]
          },
          {
            "x": 71,
            "y": 148.69263463804765,
            "side": "left",
            "color": [
              121,
              217,
              107
            ]
          },
          {
            "x": 176,
            "y": 68.30736536195234,
            "side": "right",
            "color": [
              180,
              117,
              115
            ]
          },
          {
            "x": 205,
            "y": 95.30736536195217,
            "side": "right",
            "color": [
              135,
              144,
              188
            ]
          },
          {
            "x": 128,
            "y": 80.30736536195226,
            "side": "right",
            "color": [
              143,
              188,
              229
            ]
          },
          {
            "x": 175,
            "y": 122.307365361952,
            "side": "right",
            "color": [
              196,
              130,
              155
            ]
          }
        ]
      },
      {
        "frame_idx": 37,
        "left_objects": 2,
        "right_objects": 4,
        "total_objects": 6,
        "objects": [
          {
            "x": 18,
            "y": 130.95459773637322,
            "side": "left",
            "color": [
              118,
              166,
              176
            ]
          },
          {
            "x": 71,
            "y": 150.95459773637327,
            "side": "left",
            "color": [
              121,
              217,
              107
            ]
          },
          {
            "x": 176,
            "y": 66.04540226362673,
            "side": "right",
            "color": [
              180,
              117,
              115
            ]
          },
          {
            "x": 205,
            "y": 93.04540226362656,
            "side": "right",
            "color": [
              135,
              144,
              188
            ]
          },
          {
            "x": 128,
            "y": 78.04540226362666,
            "side": "right",
            "color": [
              143,
              188,
              229
            ]
          },
          {
            "x": 175,
            "y": 120.04540226362639,
            "side": "right",
            "color": [
              196,
              130,
              155
            ]
          }
        ]
      },
      {
        "frame_idx": 38,
        "left_objects": 2,
        "right_objects": 4,
        "total_objects": 6,
        "objects": [
          {
            "x": 18,
            "y": 133.21656083469884,
            "side": "left",
            "color": [
              118,
              166,
              176
            ]
          },
          {
            "x": 71,
            "y": 153.2165608346989,
            "side": "left",
            "color": [
              121,
              217,
              107
            ]
          },
          {
            "x": 176,
            "y": 63.78343916530111,
            "side": "right",
            "color": [
              180,
              117,
              115
            ]
          },
          {
            "x": 205,
            "y": 90.78343916530095,
            "side": "right",
            "color": [
              135,
              144,
              188
            ]
          },
          {
            "x": 128,
            "y": 75.78343916530105,
            "side": "right",
            "color": [
              143,
              188,
              229
            ]
          },
          {
            "x": 175,
            "y": 117.78343916530078,
            "side": "right",
            "color": [
              196,
              130,
              155
            ]
          }
        ]
      },
      {
        "frame_idx": 39,
        "left_objects": 2,
        "right_objects": 4,
        "total_objects": 6,
        "objects": [
          {
            "x": 18,
            "y": 135.47852393302446,
            "side": "left",
            "color": [
              118,
              166,
              176
            ]
          },
          {
            "x": 71,
            "y": 155.47852393302452,
            "side": "left",
            "color": [
              121,
              217,
              107
            ]
          },
          {
            "x": 176,
            "y": 61.521476066975495,
            "side": "right",
            "color": [
              180,
              117,
              115
            ]
          },
          {
            "x": 205,
            "y": 88.52147606697534,
            "side": "right",
            "color": [
              135,
              144,
              188
            ]
          },
          {
            "x": 128,
            "y": 73.52147606697544,
            "side": "right",
            "color": [
              143,
              188,
              229
            ]
          },
          {
            "x": 175,
            "y": 115.52147606697517,
            "side": "right",
            "color": [
              196,
              130,
              155
            ]
          }
        ]
      },
      {
        "frame_idx": 40,
        "left_objects": 2,
        "right_objects": 4,
        "total_objects": 6,
        "objects": [
          {
            "x": 18,
            "y": 137.74048703135009,
            "side": "left",
            "color": [
              118,
              166,
              176
            ]
          },
          {
            "x": 71,
            "y": 157.74048703135014,
            "side": "left",
            "color": [
              121,
              217,
              107
            ]
          },
          {
            "x": 176,
            "y": 59.25951296864988,
            "side": "right",
            "color": [
              180,
              117,
              115
            ]
          },
          {
            "x": 205,
            "y": 86.25951296864973,
            "side": "right",
            "color": [
              135,
              144,
              188
            ]
          },
          {
            "x": 128,
            "y": 71.25951296864983,
            "side": "right",
            "color": [
              143,
              188,
              229
            ]
          },
          {
            "x": 175,
            "y": 113.25951296864956,
            "side": "right",
            "color": [
              196,
              130,
              155
            ]
          }
        ]
      },
      {
        "frame_idx": 41,
        "left_objects": 2,
        "right_objects": 4,
        "total_objects": 6,
        "objects": [
          {
            "x": 18,
            "y": 140.0024501296757,
            "side": "left",
            "color": [
              118,
              166,
              176
            ]
          },
          {
            "x": 71,
            "y": 160.00245012967576,
            "side": "left",
            "color": [
              121,
              217,
              107
            ]
          },
          {
            "x": 176,
            "y": 56.997549870324264,
            "side": "right",
            "color": [
              180,
              117,
              115
            ]
          },
          {
            "x": 205,
            "y": 83.99754987032412,
            "side": "right",
            "color": [
              135,
              144,
              188
            ]
          },
          {
            "x": 128,
            "y": 68.99754987032422,
            "side": "right",
            "color": [
              143,
              188,
              229
            ]
          },
          {
            "x": 175,
            "y": 110.99754987032395,
            "side": "right",
            "color": [
              196,
              130,
              155
            ]
          }
        ]
      },
      {
        "frame_idx": 42,
        "left_objects": 2,
        "right_objects": 4,
        "total_objects": 6,
        "objects": [
          {
            "x": 18,
            "y": 142.26441322800133,
            "side": "left",
            "color": [
              118,
              166,
              176
            ]
          },
          {
            "x": 71,
            "y": 162.2644132280014,
            "side": "left",
            "color": [
              121,
              217,
              107
            ]
          },
          {
            "x": 176,
            "y": 54.73558677199865,
            "side": "right",
            "color": [
              180,
              117,
              115
            ]
          },
          {
            "x": 205,
            "y": 81.73558677199851,
            "side": "right",
            "color": [
              135,
              144,
              188
            ]
          },
          {
            "x": 128,
            "y": 66.73558677199861,
            "side": "right",
            "color": [
              143,
              188,
              229
            ]
          },
          {
            "x": 175,
            "y": 108.73558677199834,
            "side": "right",
            "color": [
              196,
              130,
              155
            ]
          }
        ]
      },
      {
        "frame_idx": 43,
        "left_objects": 2,
        "right_objects": 4,
        "total_objects": 6,
        "objects": [
          {
            "x": 18,
            "y": 144.52637632632695,
            "side": "left",
            "color": [
              118,
              166,
              176
            ]
          },
          {
            "x": 71,
            "y": 164.526376326327,
            "side": "left",
            "color": [
              121,
              217,
              107
            ]
          },
          {
            "x": 176,
            "y": 52.47362367367303,
            "side": "right",
            "color": [
              180,
              117,
              115
            ]
          },
          {
            "x": 205,
            "y": 79.4736236736729,
            "side": "right",
            "color": [
              135,
              144,
              188
            ]
          },
          {
            "x": 128,
            "y": 64.473623673673,
            "side": "right",
            "color": [
              143,
              188,
              229
            ]
          },
          {
            "x": 175,
            "y": 106.47362367367273,
            "side": "right",
            "color": [
              196,
              130,
              155
            ]
          }
        ]
      },
      {
        "frame_idx": 44,
        "left_objects": 2,
        "right_objects": 4,
        "total_objects": 6,
        "objects": [
          {
            "x": 18,
            "y": 146.78833942465258,
            "side": "left",
            "color": [
              118,
              166,
              176
            ]
          },
          {
            "x": 71,
            "y": 166.78833942465263,
            "side": "left",
            "color": [
              121,
              217,
              107
            ]
          },
          {
            "x": 176,
            "y": 50.211660575347416,
            "side": "right",
            "color": [
              180,
              117,
              115
            ]
          },
          {
            "x": 205,
            "y": 77.2116605753473,
            "side": "right",
            "color": [
              135,
              144,
              188
            ]
          },
          {
            "x": 128,
            "y": 62.21166057534739,
            "side": "right",
            "color": [
              143,
              188,
              229
            ]
          },
          {
            "x": 175,
            "y": 104.21166057534712,
            "side": "right",
            "color": [
              196,
              130,
              155
            ]
          }
        ]
      },
      {
        "frame_idx": 45,
        "left_objects": 2,
        "right_objects": 4,
        "total_objects": 6,
        "objects": [
          {
            "x": 18,
            "y": 149.0503025229782,
            "side": "left",
            "color": [
              118,
              166,
              176
            ]
          },
          {
            "x": 71,
            "y": 169.05030252297826,
            "side": "left",
            "color": [
              121,
              217,
              107
            ]
          },
          {
            "x": 176,
            "y": 47.9496974770218,
            "side": "right",
            "color": [
              180,
              117,
              115
            ]
          },
          {
            "x": 205,
            "y": 74.94969747702169,
            "side": "right",
            "color": [
              135,
              144,
              188
            ]
          },
          {
            "x": 128,
            "y": 59.94969747702177,
            "side": "right",
            "color": [
              143,
              188,
              229
            ]
          },
          {
            "x": 175,
            "y": 101.94969747702152,
            "side": "right",
            "color": [
              196,
              130,
              155
            ]
          }
        ]
      },
      {
        "frame_idx": 46,
        "left_objects": 2,
        "right_objects": 4,
        "total_objects": 6,
        "objects": [
          {
            "x": 18,
            "y": 151.31226562130382,
            "side": "left",
            "color": [
              118,
              166,
              176
            ]
          },
          {
            "x": 71,
            "y": 171.31226562130388,
            "side": "left",
            "color": [
              121,
              217,
              107
            ]
          },
          {
            "x": 176,
            "y": 45.687734378696184,
            "side": "right",
            "color": [
              180,
              117,
              115
            ]
          },
          {
            "x": 205,
            "y": 72.68773437869608,
            "side": "right",
            "color": [
              135,
              144,
              188
            ]
          },
          {
            "x": 128,
            "y": 57.687734378696156,
            "side": "right",
            "color": [
              143,
              188,
              229
            ]
          },
          {
            "x": 175,
            "y": 99.68773437869591,
            "side": "right",
            "color": [
              196,
              130,
              155
            ]
          }
        ]
      },
      {
        "frame_idx": 47,
        "left_objects": 2,
        "right_objects": 4,
        "total_objects": 6,
        "objects": [
          {
            "x": 18,
            "y": 153.57422871962945,
            "side": "left",
            "color": [
              118,
              166,
              176
            ]
          },
          {
            "x": 71,
            "y": 173.5742287196295,
            "side": "left",
            "color": [
              121,
              217,
              107
            ]
          },
          {
            "x": 176,
            "y": 43.42577128037057,
            "side": "right",
            "color": [
              180,
              117,
              115
            ]
          },
          {
            "x": 205,
            "y": 70.42577128037047,
            "side": "right",
            "color": [
              135,
              144,
              188
            ]
          },
          {
            "x": 128,
            "y": 55.42577128037054,
            "side": "right",
            "color": [
              143,
              188,
              229
            ]
          },
          {
            "x": 175,
            "y": 97.4257712803703,
            "side": "right",
            "color": [
              196,
              130,
              155
            ]
          }
        ]
      },
      {
        "frame_idx": 48,
        "left_objects": 2,
        "right_objects": 4,
        "total_objects": 6,
        "objects": [
          {
            "x": 18,
            "y": 155.83619181795507,
            "side": "left",
            "color": [
              118,
              166,
              176
            ]
          },
          {
            "x": 71,
            "y": 175.83619181795513,
            "side": "left",
            "color": [
              121,
              217,
              107
            ]
          },
          {
            "x": 176,
            "y": 41.16380818204495,
            "side": "right",
            "color": [
              180,
              117,
              115
            ]
          },
          {
            "x": 205,
            "y": 68.16380818204486,
            "side": "right",
            "color": [
              135,
              144,
              188
            ]
          },
          {
            "x": 128,
            "y": 53.163808182044924,
            "side": "right",
            "color": [
              143,
              188,
              229
            ]
          },
          {
            "x": 175,
            "y": 95.16380818204469,
            "side": "right",
            "color": [
              196,
              130,
              155
            ]
          }
        ]
      },
      {
        "frame_idx": 49,
        "left_objects": 2,
        "right_objects": 4,
        "total_objects": 6,
        "objects": [
          {
            "x": 18,
            "y": 158.0981549162807,
            "side": "left",
            "color": [
              118,
              166,
              176
            ]
          },
          {
            "x": 71,
            "y": 178.09815491628075,
            "side": "left",
            "color": [
              121,
              217,
              107
            ]
          },
          {
            "x": 176,
            "y": 38.90184508371934,
            "side": "right",
            "color": [
              180,
              117,
              115
            ]
          },
          {
            "x": 205,
            "y": 65.90184508371925,
            "side": "right",
            "color": [
              135,
              144,
              188
            ]
          },
          {
            "x": 128,
            "y": 50.90184508371931,
            "side": "right",
            "color": [
              143,
              188,
              229
            ]
          },
          {
            "x": 175,
            "y": 92.90184508371908,
            "side": "right",
            "color": [
              196,
              130,
              155
            ]
          }
        ]
      },
      {
        "frame_idx": 50,
        "left_objects": 2,
        "right_objects": 4,
        "total_objects": 6,
        "objects": [
          {
            "x": 18,
            "y": 160.36011801460631,
            "side": "left",
            "color": [
              118,
              166,
              176
            ]
          },
          {
            "x": 71,
            "y": 180.36011801460637,
            "side": "left",
            "color": [
              121,
              217,
              107
            ]
          },
          {
            "x": 176,
            "y": 36.63988198539372,
            "side": "right",
            "color": [
              180,
              117,
              115
            ]
          },
          {
            "x": 205,
            "y": 63.639881985393636,
            "side": "right",
            "color": [
              135,
              144,
              188
            ]
          },
          {
            "x": 128,
            "y": 48.63988198539369,
            "side": "right",
            "color": [
              143,
              188,
              229
            ]
          },
          {
            "x": 175,
            "y": 90.63988198539347,
            "side": "right",
            "color": [
              196,
              130,
              155
            ]
          }
        ]
      },
      {
        "frame_idx": 51,
        "left_objects": 2,
        "right_objects": 4,
        "total_objects": 6,
        "objects": [
          {
            "x": 18,
            "y": 162.62208111293194,
            "side": "left",
            "color": [
              118,
              166,
              176
            ]
          },
          {
            "x": 71,
            "y": 182.622081112932,
            "side": "left",
            "color": [
              121,
              217,
              107
            ]
          },
          {
            "x": 176,
            "y": 34.377918887068105,
            "side": "right",
            "color": [
              180,
              117,
              115
            ]
          },
          {
            "x": 205,
            "y": 61.37791888706802,
            "side": "right",
            "color": [
              135,
              144,
              188
            ]
          },
          {
            "x": 128,
            "y": 46.37791888706808,
            "side": "right",
            "color": [
              143,
              188,
              229
            ]
          },
          {
            "x": 175,
            "y": 88.37791888706786,
            "side": "right",
            "color": [
              196,
              130,
              155
            ]
          }
        ]
      },
      {
        "frame_idx": 52,
        "left_objects": 2,
        "right_objects": 4,
        "total_objects": 6,
        "objects": [
          {
            "x": 18,
            "y": 164.88404421125756,
            "side": "left",
            "color": [
              118,
              166,
              176
            ]
          },
          {
            "x": 71,
            "y": 184.88404421125762,
            "side": "left",
            "color": [
              121,
              217,
              107
            ]
          },
          {
            "x": 176,
            "y": 32.11595578874249,
            "side": "right",
            "color": [
              180,
              117,
              115
            ]
          },
          {
            "x": 205,
            "y": 59.115955788742404,
            "side": "right",
            "color": [
              135,
              144,
              188
            ]
          },
          {
            "x": 128,
            "y": 44.11595578874246,
            "side": "right",
            "color": [
              143,
              188,
              229
            ]
          },
          {
            "x": 175,
            "y": 86.11595578874226,
            "side": "right",
            "color": [
              196,
              130,
              155
            ]
          }
        ]
      },
      {
        "frame_idx": 53,
        "left_objects": 2,
        "right_objects": 4,
        "total_objects": 6,
        "objects": [
          {
            "x": 18,
            "y": 167.14600730958318,
            "side": "left",
            "color": [
              118,
              166,
              176
            ]
          },
          {
            "x": 71,
            "y": 187.14600730958324,
            "side": "left",
            "color": [
              121,
              217,
              107
            ]
          },
          {
            "x": 176,
            "y": 29.853992690416874,
            "side": "right",
            "color": [
              180,
              117,
              115
            ]
          },
          {
            "x": 205,
            "y": 56.85399269041679,
            "side": "right",
            "color": [
              135,
              144,
              188
            ]
          },
          {
            "x": 128,
            "y": 41.853992690416845,
            "side": "right",
            "color": [
              143,
              188,
              229
            ]
          },
          {
            "x": 175,
            "y": 83.85399269041665,
            "side": "right",
            "color": [
              196,
              130,
              155
            ]
          }
        ]
      },
      {
        "frame_idx": 54,
        "left_objects": 2,
        "right_objects": 4,
        "total_objects": 6,
        "objects": [
          {
            "x": 18,
            "y": 169.4079704079088,
            "side": "left",
            "color": [
              118,
              166,
              176
            ]
          },
          {
            "x": 71,
            "y": 189.40797040790886,
            "side": "left",
            "color": [
              121,
              217,
              107
            ]
          },
          {
            "x": 176,
            "y": 27.592029592091258,
            "side": "right",
            "color": [
              180,
              117,
              115
            ]
          },
          {
            "x": 205,
            "y": 54.59202959209117,
            "side": "right",
            "color": [
              135,
              144,
              188
            ]
          },
          {
            "x": 128,
            "y": 39.59202959209123,
            "side": "right",
            "color": [
              143,
              188,
              229
            ]
          },
          {
            "x": 175,
            "y": 81.59202959209104,
            "side": "right",
            "color": [
              196,
              130,
              155
            ]
          }
        ]
      },
      {
        "frame_idx": 55,
        "left_objects": 2,
        "right_objects": 4,
        "total_objects": 6,
        "objects": [
          {
            "x": 18,
            "y": 171.66993350623443,
            "side": "left",
            "color": [
              118,
              166,
              176
            ]
          },
          {
            "x": 71,
            "y": 191.66993350623449,
            "side": "left",
            "color": [
              121,
              217,
              107
            ]
          },
          {
            "x": 176,
            "y": 25.330066493765642,
            "side": "right",
            "color": [
              180,
              117,
              115
            ]
          },
          {
            "x": 205,
            "y": 52.33006649376556,
            "side": "right",
            "color": [
              135,
              144,
              188
            ]
          },
          {
            "x": 128,
            "y": 37.330066493765614,
            "side": "right",
            "color": [
              143,
              188,
              229
            ]
          },
          {
            "x": 175,
            "y": 79.33006649376543,
            "side": "right",
            "color": [
              196,
              130,
              155
            ]
          }
        ]
      },
      {
        "frame_idx": 56,
        "left_objects": 2,
        "right_objects": 4,
        "total_objects": 6,
        "objects": [
          {
            "x": 18,
            "y": 173.93189660456005,
            "side": "left",
            "color": [
              118,
              166,
              176
            ]
          },
          {
            "x": 71,
            "y": 193.9318966045601,
            "side": "left",
            "color": [
              121,
              217,
              107
            ]
          },
          {
            "x": 176,
            "y": 23.068103395440026,
            "side": "right",
            "color": [
              180,
              117,
              115
            ]
          },
          {
            "x": 205,
            "y": 50.06810339543994,
            "side": "right",
            "color": [
              135,
              144,
              188
            ]
          },
          {
            "x": 128,
            "y": 35.06810339544,
            "side": "right",
            "color": [
              143,
              188,
              229
            ]
          },
          {
            "x": 175,
            "y": 77.06810339543982,
            "side": "right",
            "color": [
              196,
              130,
              155
            ]
          }
        ]
      },
      {
        "frame_idx": 57,
        "left_objects": 2,
        "right_objects": 4,
        "total_objects": 6,
        "objects": [
          {
            "x": 18,
            "y": 176.19385970288567,
            "side": "left",
            "color": [
              118,
              166,
              176
            ]
          },
          {
            "x": 71,
            "y": 196.19385970288573,
            "side": "left",
            "color": [
              121,
              217,
              107
            ]
          },
          {
            "x": 176,
            "y": 20.80614029711441,
            "side": "right",
            "color": [
              180,
              117,
              115
            ]
          },
          {
            "x": 205,
            "y": 47.806140297114325,
            "side": "right",
            "color": [
              135,
              144,
              188
            ]
          },
          {
            "x": 128,
            "y": 32.80614029711438,
            "side": "right",
            "color": [
              143,
              188,
              229
            ]
          },
          {
            "x": 175,
            "y": 74.80614029711421,
            "side": "right",
            "color": [
              196,
              130,
              155
            ]
          }
        ]
      },
      {
        "frame_idx": 58,
        "left_objects": 2,
        "right_objects": 4,
        "total_objects": 6,
        "objects": [
          {
            "x": 18,
            "y": 178.4558228012113,
            "side": "left",
            "color": [
              118,
              166,
              176
            ]
          },
          {
            "x": 71,
            "y": 198.45582280121135,
            "side": "left",
            "color": [
              121,
              217,
              107
            ]
          },
          {
            "x": 176,
            "y": 18.544177198788795,
            "side": "right",
            "color": [
              180,
              117,
              115
            ]
          },
          {
            "x": 205,
            "y": 45.54417719878871,
            "side": "right",
            "color": [
              135,
              144,
              188
            ]
          },
          {
            "x": 128,
            "y": 30.544177198788766,
            "side": "right",
            "color": [
              143,
              188,
              229
            ]
          },
          {
            "x": 175,
            "y": 72.5441771987886,
            "side": "right",
            "color": [
              196,
              130,
              155
            ]
          }
        ]
      },
      {
        "frame_idx": 59,
        "left_objects": 2,
        "right_objects": 4,
        "total_objects": 6,
        "objects": [
          {
            "x": 18,
            "y": 180.71778589953692,
            "side": "left",
            "color": [
              118,
              166,
              176
            ]
          },
          {
            "x": 71,
            "y": 200.71778589953698,
            "side": "left",
            "color": [
              121,
              217,
              107
            ]
          },
          {
            "x": 176,
            "y": 16.28221410046318,
            "side": "right",
            "color": [
              180,
              117,
              115
            ]
          },
          {
            "x": 205,
            "y": 43.282214100463094,
            "side": "right",
            "color": [
              135,
              144,
              188
            ]
          },
          {
            "x": 128,
            "y": 28.28221410046315,
            "side": "right",
            "color": [
              143,
              188,
              229
            ]
          },
          {
            "x": 175,
            "y": 70.282214100463,
            "side": "right",
            "color": [
              196,
              130,
              155
            ]
          }
        ]
      }
    ]
  }
}